Study_Hours_Per_Day,Extracurricular_Hours_Per_Day,Sleep_Hours_Per_Day,Social_Hours_Per_Day,Physical_Activity_Hours_Per_Day,GPA,Stress_Level
6.884550416449283,3.812418227618732,8.767165517992927,2.787252991165766,1.309273882939643,2.964544395037404,Moderate
5.429661761058907,3.3637310242770044,7.872842264863995,4.2541283614656535,2.9550280034980045,2.7414260528714487,Low
5.131749146244603,3.875366883198417,9.315842907414439,1.254684304744949,4.4567709439809615,2.690453629236098,Low
6.186975702664908,1.989308632464811,7.074348925627294,1.489592295726111,6.815300542707397,2.898398628139448,Moderate
8.259282832871687,0.4668540731386823,6.328860582689675,2.032547070175989,6.919227265269337,3.5335270400544263,High
6.088770210667627,2.1014494332857616,7.916623586924267,0.3380979783858157,7.826846266976362,2.8781050434949638,Moderate
8.143941165120351,0.6967408374230858,5.288161575501918,5.717605035272789,4.012929838072662,3.121869643060037,High
8.660554913963056,1.6962508744745206,5.413988701456702,3.086828630531489,5.133084144831794,3.243006741839933,High
5.619804788507761,3.4831137130994403,6.420201039818032,4.041202399219748,4.411479762349804,2.8049252405481546,Low
8.086218242491332,0.6312607891242041,9.664504148989733,4.3837686988291855,0.6960275185301726,2.7360215877347267,Moderate
9.791862535097733,3.6939192621619874,7.919834323116887,2.626399809500568,0.20778783478450738,3.4014732425521577,High
7.079676194844721,0.9684016958672351,9.047481196017712,2.040449392893424,4.984136681619567,2.957938512470383,Moderate
6.250047596663985,2.0931668023470262,5.84650584109462,4.574623772990364,4.710141951120634,2.8460826408820665,High
4.892504857416337,3.251844579291784,8.534618241129627,4.229139406845678,2.5164221324183784,2.9112209307271404,Low
9.039909255977834,0.21006572934474543,6.755072870653634,1.0653289538141855,7.4127692746352585,3.4375269831646804,High
6.670242724338353,0.24751964398314863,6.505017535027476,1.917153086859353,8.395692604675967,3.139372104443546,Moderate
8.32772278217525,2.7273360587966313,9.561179819016651,1.5927461747467337,1.876966690462902,3.3775473990499885,High
8.676027848956075,2.236151351133372,8.87311094906525,2.0032295912562543,1.9824703138119302,3.1877562160496535,High
7.73531721380396,1.755156695713792,4.948010496784227,0.8440883587659441,8.57497526263099,3.1359187193200047,High
6.553095151242306,1.9901144347000899,9.431635282225209,1.6448697494277138,4.151944760166764,2.9498132031783397,Moderate
7.1585929685003,2.8912946261346337,6.0427670336204615,0.534065908351756,7.043974749868712,2.8938837605845555,Moderate
9.477722967430616,3.4168322841332452,8.417679584682965,2.8391017195687835,0.4375887921172752,3.351608837760133,High
8.853606533995558,0.8815283379357706,9.4860062508178,2.469759204683455,2.225481484992791,3.1361840726041224,Moderate
5.808242297931977,1.7115470151092091,9.1584002535091,5.216925168945684,1.7512713346055997,2.856080865480718,Moderate
4.594331129195383,2.080644177995828,7.013987874197439,1.2145686296052733,8.260216845301128,2.679705188249963,Low
9.59900781497435,1.392814708331583,7.507491289471213,3.6995212907225388,1.319926831443939,3.2541980183247583,High
6.747163655847376,3.7941021547383778,9.888949875479732,0.9751663559840003,2.6380612781572257,2.6749029011261523,Low
6.640721495689414,0.1521020550816197,8.1441573065864,2.889675343714336,6.471348494262896,2.965275044832669,Moderate
5.408563803651353,1.2287579973995135,9.159434413577555,1.3280882212632292,7.027524265313274,2.830361088480932,Low
9.817688311417715,1.1658254990025356,8.276544388793008,3.4377299038980977,0.7118529704427264,3.216564022290893,High
6.152653044848114,2.9055626551079943,6.699579008688912,3.6803183384141267,4.280671105829141,3.0630785069725848,Moderate
5.522324518549775,3.5290717310724196,6.605046628001979,0.8413327520148725,7.804574535842416,3.244079575816092,Low
5.153295824543052,2.340076358052069,8.504518680789865,0.09948188018546074,7.4713758551895975,2.4661986953099833,Low
8.135298516848794,0.6314854194359234,8.529907124319353,2.5010772815689517,3.995039171945824,3.2593446639535655,High
9.752283948738036,0.5856713501257191,6.6257973182302035,0.7516349691478849,6.372913471149078,3.656861478717879,High
8.942132965212288,2.0246734313037114,7.5134128217007765,0.9438033527650287,3.69972399959288,3.111678012229726,High
5.58769534202362,3.5821082016854233,9.695812525600573,3.496812359219908,2.311593844507895,2.5771520012485136,Low
8.619194425488518,3.6201928541113406,9.216812438118712,1.7980989312363356,0.4458878570363692,3.0346605034581056,High
8.3708974313709,0.32610286708592257,5.950005233324919,5.381818257103237,3.9867747693211912,3.330698658578709,High
5.025910217380313,0.48781048964145746,7.684781906309513,4.026264915944269,6.566579456568774,2.615873549477913,Low
8.283951609245044,0.8419226980686985,8.83320302703847,1.6105279146195612,4.645622556548412,3.509767810433466,High
8.361911395711065,3.3699669319340164,8.275194999491042,2.5890214594042424,1.5418829950428772,3.076991657616017,High
5.430788371109242,1.3422613407750075,6.109862475780744,1.6571386508579369,9.566517531889698,2.762625272620409,Low
9.448275791061118,2.4230391422407505,8.926510266370842,1.6701344178550463,1.2140869798449692,3.5278200685197247,High
7.873769409213133,1.812455314847071,6.142863019963595,4.529929906745681,3.333775494709277,2.977337111726418,Moderate
9.619774273266643,3.7691682194632317,9.749541642366177,0.44799247600269704,0.2872477890951157,3.540177315818754,High
4.9415911503122345,3.572360886622125,7.297646730580326,5.95395274502958,2.7519227970610376,2.6008082011473896,Low
9.577900459505432,1.285110370582227,5.725689866623994,3.4985245701126737,3.910082654840087,3.100963593314929,High
9.609197204371727,2.803846806942828,7.953316246106978,0.5093672988108169,3.4087855018120257,3.4731807189780457,High
9.596704371865522,3.1087603416214966,8.401281030903707,1.9726176990715112,0.8664953136552674,3.1823479960355354,High
6.681109773363104,1.1146876953335871,9.18468660827738,4.777238058369685,2.159549293660899,3.1051373774268365,Moderate
9.157671973636187,2.4736975344312526,8.38781308112489,2.998334735064564,0.7344716697397555,3.989964008341038,High
9.335772585887764,1.3993424398337935,6.597825852679319,0.6676114793733943,5.628398197114346,3.346251910003827,High
7.2713870803809115,2.223208171027376,6.544185301273912,3.597678646402556,4.476547952680996,3.152295128164431,Moderate
5.052707951014407,0.30603919687888453,8.920837518038203,2.1056460290231733,7.126353700469577,2.774722648255326,Low
8.82129688096011,0.9355782490599046,7.657394715290243,0.8283018151735129,5.930807113618429,3.093529761863265,High
5.461086846893316,2.220501116179945,7.738628830966769,3.921663712035906,5.433245914409829,2.3882832877962987,Low
9.167871114408639,0.8761694590630278,7.078911498184979,0.5970962944241718,6.250519256963259,3.3940244616550737,High
5.061204477932039,3.7521702566578186,9.295930784903655,3.8617809669659917,1.6953482094987469,2.543288453496619,Low
5.6522072150404155,1.0519821248474914,7.389061481709938,4.426513220782701,5.1006806186269324,2.8376654957072827,Low
8.376184811897904,1.0198410210328495,9.911417039176174,3.379593238221681,1.4137692663214452,3.6937016069855417,High
7.073664238316309,1.00772628031104,6.816129651068675,4.38950898558884,4.816033782705797,3.2875282533977486,Moderate
4.918129235656236,0.5988411792074831,5.213240480258375,0.4325564465917565,13.177735420888682,2.858030616243575,High
7.649671440172422,0.14563986521650057,7.52834969855343,2.8190110035434954,5.824139138050009,3.25811098600251,Moderate
5.866878158756191,1.6017675230542179,6.922612543848738,3.436911692710734,5.984443680405848,2.7735423093713036,Low
6.887073757680925,2.634671917219867,7.527483588037345,4.862910957970359,1.9788215515525516,3.1000767506252487,Moderate
8.352861678296362,0.9239820868474032,5.335293611793787,3.9773372642481966,5.223548997804109,3.3108017316186933,High
9.671642783547917,2.187264711012012,7.265000580243774,3.3437061485632684,1.8472356620705086,3.40187350409745,High
7.32571776198242,2.1995476169227657,9.743858601929917,1.9203749719492906,2.3361539233725357,3.1077540242408603,Moderate
5.231566253909226,1.3526650952967076,9.143986917614432,0.1890348005699986,8.558297690101568,2.7233238649294376,Moderate
9.162047686551029,0.862278003430087,5.659018955454382,4.201845498583525,3.9677247146519914,3.5808399520111425,High
8.71311568021041,3.1386391146648447,6.441646411589947,0.8037864560008126,4.374864066166682,3.3651197915669777,High
8.729113845904525,3.133847350698106,10.151296938968535,0.6646052066912577,1.2518795528973201,3.589506528349321,High
6.716650447498621,3.5803582007742394,9.06611227937956,1.7316560148223046,2.110327438940426,2.8938879972271585,Moderate
8.886733348470825,3.075551817330118,5.501522400287172,5.2754120756441285,1.1669301744295077,3.5895532508510044,High
6.538838163601134,3.7301839055373187,7.128931280327347,0.0,6.687971198953497,3.028777392571971,Moderate
9.416044980388872,0.29299262827622297,6.411164350687692,5.861340709101311,1.5253785464202172,3.424794802804384,High
8.138062480422784,1.9228208408514371,6.429703851949719,2.3615213376551534,5.386183109688164,3.3658325514181207,High
8.376109599666673,2.978718682103262,8.985302387218006,2.8122600730162115,0.19948765262064627,3.2584319518927725,High
5.321106037996554,2.182244248524737,7.234353288589255,5.390538162018319,3.7566932893027305,2.5913207474940143,Low
6.805918735007906,0.7156964360238396,5.676769184388781,4.7083351403246,6.456408753245663,2.885896313539768,High
5.453374028217511,2.713446443036766,5.450493411372056,4.656397655091949,5.662315810099219,2.846023500055017,High
8.52463808454781,0.156900297102967,5.564237380263897,5.768948198847512,4.282650770416813,2.9933146558182098,High
9.004899396561859,3.937818474280585,10.020905193199585,0.8587392667137709,0.21640404448449638,3.0665906588351515,High
6.823776100138165,0.1773283601981352,8.719446337223117,3.4400722281780594,4.626106502118037,3.201792996025908,Moderate
5.803794710134483,1.961753224885623,5.504046403963732,2.9324927579459543,8.761934006096228,2.7967439382790262,High
5.130936148017926,0.5304740681017951,5.42180316804548,3.930551404686566,8.861841851628139,2.877002161617777,High
9.756726306809338,1.485199555223813,6.436224826650725,5.064915040687759,1.2549187914776727,3.758273543013295,High
6.152125811010799,4.035006211935774,4.961649021643936,5.7316597384067025,3.0715163626448256,2.943913546704335,High
5.423410398142122,2.154325049041094,10.069500334419745,3.3368098071267323,3.4413863876248576,2.819372815681127,Low
8.014098178012654,2.6781603572244004,7.214657241003856,3.6075685237964077,2.0942690599662854,3.4205549558659234,High
5.299317730059867,1.0828834470948125,9.690196729090028,5.4350909697481855,2.715673678464271,2.8463922185630834,Low
7.20672517758888,2.4081276346293956,6.229021554319739,1.2974689604306726,7.125432248011845,2.665007963201675,Moderate
7.837866618777003,0.30089020442786407,9.89372522156651,5.737471834731891,0.0,3.0701608423445714,Moderate
8.455478206307339,2.1040605223415536,6.656885254027127,4.695835774298115,2.0637322866626624,3.1527842381824525,High
9.610143145102578,3.3352126834363918,9.32226279510412,0.9751685205533129,0.20479202081775902,3.5088842920909173,High
8.356935575953946,1.7538756121520669,9.862686689277972,3.8879336189110014,1.0327804166020296,3.411190831482598,High
9.83583939706402,0.5712349599894722,8.019260103949298,2.1788643866218895,3.354484155144145,3.382838105922695,High
9.908568418322393,3.516684811548963,9.18249118779458,0.7048942395903929,0.9121682830229755,3.137984130056125,High
5.503926079036207,3.564179235093734,9.005957601026857,5.7520441807911995,0.2830252690412367,2.666277123317075,Low
10.026444940159001,2.2780848195517702,8.835908246942045,2.950511007086481,0.0,3.3879608252488502,High
7.287738848202653,0.49831368496643347,9.743364861797744,3.5392136095599205,2.832665197243171,3.2279286737802537,Moderate
5.930666089952629,2.7060168487342744,8.071943351243911,1.721839874487357,5.438467224628092,3.0229515829779503,Moderate
7.506134230441843,3.0929452515066207,7.595654122080329,5.007901806313945,0.6370592693008086,2.995291491090424,Moderate
7.589168727441713,2.264065758985551,9.415228660163796,1.9256500927669495,2.656316235470354,3.2695650990297698,Moderate
8.453590220238533,0.8902541573538033,5.742057083408164,0.43569684049304935,9.075991066672632,3.5504687042254193,High
6.97540783466385,2.505977906485779,7.005382226919953,2.667268151344233,4.895849469341893,2.93206916445932,Moderate
7.390180214390043,3.0280609857096596,6.914582806220944,3.7722162787361517,2.8677271542257117,3.328819207788666,Moderate
9.466623757490348,3.910028911694325,5.492820539264379,4.740194708414094,0.4675652060749883,3.052339599129189,High
7.282779245940694,3.8941339846884193,7.481051916821368,1.4438277865998277,3.537967919065314,3.067976647401635,Moderate
8.226211821928807,0.7901943757830991,5.479459392447662,0.7689776810350976,8.772625787721282,3.2799178194992877,Low
5.883540224696381,1.4235755494413616,9.346520060007952,3.1671585620122364,4.241358796499841,2.70070867337989,Low
8.534066240594182,0.646781673402075,5.730328110762013,0.0,8.949329949561653,3.14323142854636,High
5.8104259192198295,0.3915082550997087,5.518097086513154,2.6913357371333895,9.220752917094705,2.677773053345627,High
5.938458670259718,1.6303542579863513,7.584033255569012,4.059743508709835,5.062105364139892,2.7285499911537334,Moderate
9.416964877292385,3.6552236489791157,5.379234644204689,1.6576956745355762,4.232330410700791,3.4848236917065227,High
9.089144875673075,3.0886445085450376,5.969272059430022,1.0953630280695363,4.698365944493175,3.287620273331256,High
8.059682207992667,1.823465996592796,7.354333170995397,4.335253477779148,2.947367128719579,2.735333294435233,High
5.339379610815654,0.9206212964599934,8.61217979252652,5.40170263325227,4.031604356437238,3.4120265704336536,Low
5.666901086690434,1.7976282947509337,7.666044422348758,1.532021777595947,7.452525807076868,3.052565726766065,Low
6.504214810406325,1.3808381303343618,4.947818689310342,2.136859722480998,9.165867497597242,2.837458178764712,High
5.384429957152847,3.4172914829882512,8.039765861285257,4.109415206492295,2.667979282879968,2.5776883603345726,Low
9.104702919149213,2.069529134392686,5.528814113878176,3.2277559470277373,4.553606698320856,3.5906894692650533,High
7.248751219725079,0.5540311269818827,6.46186444361003,2.235772499157594,7.3405321233299485,3.1708067842330805,Moderate
8.602716249921711,2.1240706340490587,6.899573912840013,5.827524346758348,0.956476128562673,2.932615991201105,High
5.63633104881341,0.6188401236228477,6.442916100812109,1.230601592315883,10.489624133807025,2.911687980053877,Low
6.048606806257026,1.0267025891391586,5.71349147804552,5.514940217461821,5.92369514424701,2.9493702778321613,High
7.087174263040651,3.856847465005841,5.319040043862387,2.5142956302117856,4.883359544319603,2.889362311251156,High
10.0253186015283,3.644109927585659,9.181452711609385,0.5404648676551337,0.7863901318011736,3.584016207905368,High
9.293797320713121,2.134890894633074,8.024327298713132,0.990093189549872,3.0587439195607162,3.2166157833617133,High
8.467362559433743,0.7028499750422452,6.768861602901514,2.4418259595345826,5.204757200333023,3.024115700871249,High
5.716084776522041,2.329603497087798,6.454217623210076,3.600899938900733,5.715979651030901,2.8362446719860372,Low
5.582221093422035,1.994117319328009,7.906836518549407,0.5322476347424026,8.111877368561053,2.7030398044744026,Low
5.320912036997394,4.131822556997475,6.9484544096219185,5.090686295071957,2.9940532359838468,2.7046538325158695,Low
6.289295230920745,2.799416470264666,9.07691483934361,3.490083843730825,2.5448554277568403,2.436170632511178,Low
6.410356478083999,3.699412565994795,9.130674299492556,4.021853448483328,0.0,2.84761918296992,Moderate
5.5089204494913036,2.866046486285197,9.691860195175495,1.1580716142043888,4.538044393457831,2.820110944779692,Low
8.018466752978403,3.409934842433175,5.673769133575573,4.8714925502200925,1.6098854271697745,3.1901185668290086,Low
5.8640848978165065,0.5521431350192322,5.747635405415297,4.948152527502698,6.599451842555147,2.9513032710035954,High
6.712627249833661,3.3102593333790824,6.883264421103725,4.882708178052577,2.2899381582484724,3.4228847139833793,Moderate
7.159212296527623,1.553547631779593,7.000311092416149,1.9230771460798322,6.357369221102571,3.155211469684023,Moderate
6.355278953655712,3.6741556441295424,6.904908868189183,3.3010958508528607,3.9478000152481307,3.2879948002200994,Moderate
9.542257761070639,2.495614348908618,5.703812514444636,5.547361056285991,0.42596336945689095,3.1241280782060423,High
5.512819681377401,3.0232384848331004,8.087855867507205,3.2613659215017226,3.767845819830062,3.1060638712849955,Low
9.58943871942338,3.063656871396411,5.654455599768139,1.7291078973045024,3.9929242476507456,3.581947455650054,High
5.333582083576915,2.2428109681718476,8.668761557232655,5.123539296632858,2.351926237263028,2.567103475071875,Low
6.827724263107331,3.2594164546197315,5.605989526084402,5.269250860582508,3.314653618869694,2.9085276870581716,High
8.95369600426966,0.48629496650251514,6.0957240474636905,4.3611143414582045,4.065176420654515,3.1409656355452515,High
8.611215492866004,2.5158714836604115,8.645902928833205,2.1233942265943107,1.8939532007896005,3.150942142745747,High
6.164801369635138,3.6032060385338722,7.775161973945732,2.4247778620782725,4.675836782676067,2.6444434461467172,Low
6.9366985491588915,3.744914936515431,5.664878623917644,3.9489595834274254,3.5944995740943533,3.5965192541156585,High
5.111635327990317,3.674054122090143,9.72009306420744,3.312641521853331,2.718701011803726,2.750581152577036,Low
8.710716919084716,3.779781294594776,8.149270211440824,0.7435603026192559,2.6413952239605183,3.694169113076955,High
7.063436740674542,3.175152027159135,9.951316141772702,3.7169870634335904,0.654701681455391,3.345159238400285,Moderate
7.213879130187776,0.7765870164249136,9.97855718015446,5.119652167698184,1.440896639155668,3.0700863219516434,Moderate
7.9066927830023355,1.6710228769001167,5.094491245737101,1.9146261840852512,7.491660519515705,3.427538122234861,High
8.769025527855485,0.0015036663076959638,6.890265368564443,2.3528533327347825,5.844058246838452,3.5366425148414757,High
6.736330500487609,1.3083797766467538,8.716538356844714,2.902404684042754,4.581354859935639,3.0300963144585777,Moderate
6.084320607176075,1.799880878921076,5.74045371990648,1.3504568220725903,9.416919990748827,2.378752696921073,High
9.51047670995048,1.441650891439594,7.814937528093744,3.1257428563059686,2.1162675172991614,3.4055504829302152,High
5.4724632951383265,2.5574842889163714,5.912695870662744,5.643109964159519,4.4479242536829044,2.7112236921264197,High
5.432868692114087,4.0445489829056145,7.631502130345821,3.4907079051588843,3.467571792775993,2.574207331169934,Low
5.163593721601608,3.1272934317358083,5.716559076698435,5.376150042944442,4.498380154431593,2.7070402172422434,Low
5.1570726344146145,1.7920481849675565,7.657756554685385,0.22141582448434716,8.771346726559447,2.690259871867354,Low
9.131946474171327,1.637387387906548,7.722932736402543,2.4787979142075938,3.3909193958686914,3.573396631408707,High
5.763996110502299,0.5845650035402853,9.39018017630872,5.525492055044742,2.404455991962266,2.468554957843659,Low
6.964935332411933,1.1640595907771691,8.276209072382521,2.7484120451446867,5.195396445145695,3.261448229687518,High
5.053391249850584,0.8646897882364327,6.096558440446027,3.957065160822497,7.834606164984585,3.046605061471595,Low
5.040193387239961,0.47909161738211803,9.063624577516173,1.2248660759366383,8.345497546712737,2.4965523806490815,Low
5.41843816545736,1.1285028150548102,8.862635506149273,4.881572355068502,3.833858760078324,2.9874946759456456,Low
9.373877713789453,1.7101319190637019,8.25601640800046,0.9810477138926024,4.019491290878572,3.5073850215007263,High
5.1742343120528815,0.3747819489796493,5.932778370442276,0.12160789215490327,12.992474769783753,2.706426348327078,Low
5.853599573613992,2.4370932570675556,7.3163867965940526,5.337516650980369,3.7635906908453927,2.7718860422639056,Low
6.452510294367832,1.6106511605187877,7.865727384715776,1.7159743899213402,6.460761911453914,3.1889218417269682,Moderate
8.388722850336013,1.6747312022244982,7.968486823205729,2.6746812117070826,3.7132638687201283,3.2824883024986113,High
8.75021529863921,0.6312845080973531,9.262497837925565,2.4316238377334516,2.7796938405225924,3.3452810486199436,High
9.185329442335743,3.3219030040224315,7.183562753605644,0.20528577587362518,4.26073291329389,3.53840031368954,High
8.274047661291553,0.9369363363193866,5.448644321919645,4.780955921663033,4.706034272285848,2.9217486276835682,High
10.233249240916013,1.989450509485284,6.087141912552564,1.7354817450935203,4.661192671009977,3.5343098866766622,High
6.719794164196863,2.18470269457271,8.319863137374513,4.594489007788368,2.22398879243137,2.745874956183058,Moderate
5.928278470977714,0.0,5.838706803261736,5.361131517806083,6.820232637032884,2.9466108679937433,High
7.83223797097898,2.489403713998843,5.89613741777531,5.655894208745495,2.4185135147405314,3.428676209602739,High
7.207820895492142,1.428333045782172,7.562317338077307,0.3559275538596009,7.649562406676162,3.155382593776471,Moderate
5.3261293812435015,2.5044466735043525,6.232081158731212,2.2510101670414513,7.627640912627476,2.648353351365361,Low
6.425392174674945,1.2692637366817325,8.77648977539131,1.9089954537142264,5.874734372015319,2.6945908365919915,Moderate
8.412365012389527,3.8269395931661174,8.618900795122578,0.5934927148466818,2.9663449517712324,3.748497116705902,High
5.194591268143616,1.0335645845321928,8.199971797239142,0.13890448419274962,9.745373535522607,3.3015601983607343,Low
6.807342599885522,3.06797072466645,5.321451419455698,0.5343789839567352,8.422018744457375,3.004570240562905,High
8.501595051185866,2.1881254998538666,8.15486239130391,2.193923559705318,2.959377153739664,3.474094099546038,High
9.033771643687018,2.6516149239142206,6.389744302879155,3.341244200551453,2.313700219435786,3.2333169472088823,High
6.6605200587851225,0.3572115179069458,9.71085118666711,0.375088234273151,6.354934410901585,2.9913998718969617,Low
6.0526905064033825,2.123871433135347,9.228909266643397,4.310148660324107,2.0091405895983345,3.0519784380184993,Low
8.991776273649421,2.5305702795281566,8.514283843869636,3.387066399176,0.3774912662928177,3.297075157856913,High
6.154460320810916,4.123367848659841,9.856249249692898,0.39752490184131256,3.957341899522596,2.633323157368322,Moderate
8.630358392377305,3.9938727681254766,5.811445523991279,3.4211310378217252,2.9557470644934027,3.0981667597047156,High
9.295773579041931,4.047978179469968,9.343245207432505,0.37108111741894473,0.3676438229518596,3.673526469469817,High
9.10581673974429,3.1964746879663566,6.264720420752776,3.73446562660437,0.5838695469348468,3.3703147663163073,High
6.139437933836519,0.5976187672392067,5.490028840708258,4.216216622815832,8.043577866355747,2.8502782117480434,High
6.924749300759733,2.953983118454286,5.377397562659433,1.6620723926207792,6.727803171462446,3.2554596408801153,High
6.410493761678842,2.419616533248261,9.391437568640688,3.5336041872331845,2.149282188053688,3.0721766666101344,Moderate
6.3404386676463655,0.11429491084617335,9.479185724692087,0.0,8.082388088304615,2.9565076020945593,Moderate
9.887918261282776,3.113234832570204,10.296612682640067,0.2025005452618488,0.7205767823183793,3.6903430287649215,High
8.871896083433283,1.4781600367188907,7.421334231787305,3.923785828410847,1.7152853192676991,3.1911693637975755,High
6.943083108147544,2.7420125083848523,6.011022462202705,0.6713821383359784,7.442726423060438,3.355777412643359,Moderate
6.8137706221672065,1.2375509360693746,6.501041365033984,1.4230601494451762,8.448069551252551,3.040269006322918,Moderate
6.7552351131903725,2.7644113384577933,6.041785177514368,5.5370083606617495,2.8040843848956802,3.0678760050433986,Moderate
8.834843850638824,0.545973296851392,7.022774398230148,5.442933604102547,2.863469231397616,3.349985824611771,High
8.125254357673839,0.8185397912851766,9.819563652857317,1.0245884766530573,4.039731426167967,3.332593298470959,Low
9.856950043879365,2.7297718940548625,7.949119948968295,1.8340600911289653,1.5397605799302851,3.3329786930570746,High
5.894180348409595,0.679750538275934,8.717404167734347,2.3247579333271537,6.144770226782987,2.7778917448821794,Moderate
5.240600961625944,4.076210178981498,9.390771384289991,5.089875689217316,0.0,3.095663229286232,Low
8.45827236491671,0.5622895456427501,9.104746608095853,1.3001647546055348,3.696677052213789,3.203351894885425,High
6.304203840556115,2.0734286198821184,7.948960627392953,3.264500092767841,4.300812353086214,2.7630327669766204,Moderate
9.331226522761854,3.660069448562203,9.406493057437629,1.1956113543304159,0.7937863445845463,3.327872721626003,High
8.300881296204812,2.1352480424790254,5.463426914301292,2.6753186847812755,5.493384516479938,2.971807984058703,High
8.438632779228064,2.059896856390895,5.340010606098255,1.3407731142586625,6.483829965666153,3.1832969141456586,Low
8.297236439487834,0.3851398772381896,9.38982596951429,3.295877108588822,3.138528908177364,3.7671379217298635,High
9.014830374985761,1.3264147077177482,8.282376551094565,2.80621893405377,2.067472176468287,3.254947015750048,Low
6.427748131616553,3.611061973352644,9.039007345908038,3.475173523483941,2.3299445752323207,3.089905562410867,Moderate
8.63889276354918,2.464743600649092,8.257993124502576,3.7611704196593267,0.7720957240396885,3.3690645257633194,High
5.808501661000721,3.486318539646862,9.401881563258629,0.5216104908795991,5.243626245146117,2.807290209816292,Low
6.914434933662704,2.926938276937105,5.723549798771333,5.009403358084727,3.303187925420392,3.0689966162207,High
9.109000449420998,1.9113453388552373,4.943551126363036,1.6576415294828026,5.910680049772792,3.4074978414645742,Low
8.245969039968685,1.0217842286242274,8.327246544684948,3.0941038752079715,3.323316145615731,3.223143985418145,High
9.084548376342058,0.42660318423404814,8.91193317813675,3.4228775395818465,2.7195296406889966,3.361031986610809,High
8.144359618297104,3.543571804621593,5.423691477783216,5.663788416880208,1.1325391131425462,3.3020026215203075,High
8.357116047305162,0.3790795087744657,6.589255140648671,4.110191003732224,5.091544716829215,3.285430163781529,High
6.5404802103176,2.443756929556821,5.076601926119645,5.222414705949519,4.190248159722309,2.877637898344786,High
9.769035329685048,4.075958371139493,8.66961849616092,0.0,1.3158348325417204,3.763417738246488,High
8.160489943983311,1.8434106160654853,6.369646883323735,5.98135076092858,1.3797821568898287,3.225687715691751,High
6.934853952603467,1.8378324024684243,5.871287215204761,4.787415004530573,4.523595521919753,2.896698350051354,High
5.332845340526525,2.6057569307047115,8.1761069791787,1.663253512834997,6.259391202785467,2.996664211552789,Low
9.872654825947112,0.5733152184576837,7.181272148160685,5.561962941593638,0.905739224922261,3.8198723952926077,High
6.935249212370907,1.11642208717457,9.930144883710147,2.5184927957884593,3.4174436224151465,2.838230402160745,Moderate
9.385619104327843,0.9163930514783272,5.752977735572107,0.0,7.414844092677674,3.1836685907726467,High
9.57280061845547,1.9039986437738252,9.859161221533833,0.7408898597464747,2.4959975047988445,3.6505655031609177,High
9.341491942169048,3.101330650006343,8.855996729496649,2.3761670106692994,0.6973063442031441,3.4862141606769743,High
5.685393288747182,0.20304621865808456,9.00165001192353,3.7151876538936395,5.21059194626626,3.1044144085611305,Low
9.054570901812022,2.113149877937631,5.49405652766942,0.7323461292735706,6.540216274018664,3.188345055734284,High
5.867494165915675,2.0546379788498936,5.288848517461759,3.3080871320878242,6.843902813002545,3.2656736411470164,High
6.270003755416111,3.1529847618948614,6.685665472330598,2.712030276616695,5.0129580573909935,2.8759284700333683,Moderate
7.944044340902853,1.245231598023401,8.353107923380273,5.458879473955299,1.2413394645891407,2.7561055860349652,Moderate
8.825576089348951,0.05596645194096364,7.53022687557096,0.8176392032003533,6.860879955336842,3.358214223059203,High
8.20907736366241,2.7144699394249,7.75246957249168,0.08344682487867579,5.358759409448521,3.005755345900894,High
6.775327453973358,2.11318006849674,5.397930042011149,1.9741578796736603,7.9559184232210685,2.7551444538911105,High
7.664056673343048,2.772446990062949,9.050135368445503,1.3026999436380955,3.677697974377096,3.085202537371052,Moderate
5.627690586366581,0.46800901246470233,7.820621530380781,4.226528783676223,5.340368101764881,2.9205834542854734,Low
8.645594751103134,3.6809976528405604,8.752467636888122,2.7515993637740097,0.6162009125718565,3.192330186235708,High
6.661177293297024,3.4509877006766394,5.4770128660504716,5.1996888018301615,3.3136249852010287,3.2640473291199292,High
7.258638307321638,2.3884349413141956,7.456200772029645,4.080496716983646,1.5751437342598527,3.114130384172801,Moderate
5.194935363604228,0.019229703438077034,6.1159164526570295,1.0787454022045788,11.258330827854838,2.7259804931115403,Low
9.713685678708499,1.236086159459178,6.062123362431827,4.8266317761116,1.9502461915289775,3.5742963080455574,High
8.407425850698033,2.1201995396050024,7.678959513993387,4.480094242215872,1.73802541955013,3.274409770790407,High
5.839298577530084,2.726654781926925,5.314043920449633,0.19256401782829097,9.781308729496052,2.870174385143336,High
6.285865616187735,2.002657137316021,9.311892061421768,4.228596562891766,2.5517457913137593,2.8426852366473145,Moderate
6.539297866728884,1.6733395720711626,10.319041417203785,0.5823694930859433,5.551824286012513,3.3173476017808468,Moderate
9.640468463441431,2.369651757632544,7.083928318109933,3.9284305869745815,1.0462613405459984,3.588045850809926,High
9.537974028886035,1.5537028130297021,6.569393066982529,3.350130735560389,2.9628825717561997,3.3997079569485797,High
9.501231824853331,0.7656397006293081,8.252416616260254,3.6803734314775074,1.9312567797944433,3.301723568802989,High
8.48915856505877,3.5022474769522978,5.989806873124815,1.2198920987414104,4.378364617800483,3.376284502818313,High
9.793983478720962,0.7275289273820952,9.404739291105699,2.3181920361824013,2.202944518145872,3.6057234404229,High
7.048734727296702,1.8511404754954206,6.68434738369556,3.4792599677944076,4.181877243072137,3.016641208358782,Moderate
5.977636840891692,1.6823959997987246,9.656605583729155,1.447782518751549,5.4539579267988705,2.651824772467019,Low
8.634022578940701,0.46541164445125294,10.024292524612923,2.0239654907597333,2.795665231440292,3.5637380278091744,High
6.298150284797686,0.2987554989570457,6.113939698653465,2.923264322587564,8.646745725860633,3.037001052657282,High
7.3983665548489315,1.0650420224678385,8.17283645591348,4.254219416157223,4.280896790771166,2.976271235297711,Moderate
6.090934966827401,0.6372688654938902,5.09639351145088,4.603892425521726,7.983925977432986,2.778297818138057,Low
9.334633469192894,3.021188974992932,7.919617379462959,3.30389839088786,0.7842014946983131,3.809363456797133,High
6.064672739533999,0.37036484486223037,6.178859879435748,0.09003675313552861,11.240993450794587,3.013946218205506,Moderate
5.096241160129229,0.557574336502553,7.281472615004915,5.57158853476027,5.29254563040754,2.8342691982900536,Moderate
6.5855330970800745,2.1982358402570377,5.424693197032512,0.8580488341944874,9.66232836443011,3.1444234724724764,High
7.174331105181366,2.0990741242383217,7.455809307430005,3.9158276297069037,3.412265589283786,3.1561303664958897,Moderate
5.7668370462315695,0.0,6.528333905737894,4.259554369573225,7.398822040855933,2.9798328582853673,Moderate
9.776173890366772,0.15358841112738686,8.418559903437167,2.281490707397605,3.0269453979245537,3.2944796105526506,High
9.477784546538924,0.8203621800231976,8.655951003952742,4.52936278421028,1.223459072330804,3.388497687841589,Moderate
7.648440396471678,2.5295570461944363,9.179549221736822,2.8637320880891637,1.9336205188845268,3.2197044732612667,Moderate
5.22798675944214,3.7921943321660048,8.242899296811675,4.152979552650951,2.092917808720037,2.86526369762046,Low
7.2892125647064825,2.5311044549236708,5.559219290663333,4.025018205337458,5.072788198223533,2.768092852662372,High
10.120931841103381,0.17656076999801032,9.98845977699302,1.619162007008707,1.9293570650602048,3.584552921590418,High
8.056052244304368,3.1238162927434048,9.279678579952547,1.6925479702472643,2.4844408832148726,3.3052198249818496,Moderate
6.447532927339255,2.566486926368618,8.944294214301015,4.202437069652461,1.0300632825551368,2.8733614267069885,Moderate
9.205841691454209,0.44697832414975264,7.5939593536297725,0.19639251728466364,6.6553195933828055,3.669738604417649,High
6.730660458077943,1.5614690115525065,6.687845031145374,4.218761000759713,4.947453151106266,2.7618031798794203,Moderate
5.897163436987187,1.503238575079208,5.923501103608072,0.0,9.945043969363928,2.494627794228212,Moderate
7.9098481742857025,2.9069710831777913,7.973781236668343,2.5065993360672225,3.0695668683715187,3.3693620435455007,Moderate
7.594119132082746,1.8575594073008665,5.114999768738385,2.2709986127129835,7.801129604919949,3.0958523814133154,High
6.842334803852617,1.6505123848884609,7.78356223989387,3.1409105054356368,4.772374650282898,3.370052794892007,Moderate
9.034964803295445,3.045902436853796,9.787332555743447,0.0,2.0174402366982602,3.447943089928077,High
6.150588117896727,0.0,8.084585595945185,5.40660650449213,4.703609129207439,2.8679292304582003,High
5.095822834886123,3.7217879172292565,6.753748222976835,0.7214905777547252,7.582978478584654,2.8005068339980688,Low
7.469227211733609,1.0316832813561743,6.402378050530945,1.8044474712435414,7.327776896212417,3.181033105686372,Moderate
6.64061228944606,2.314411875777259,8.10490603394435,1.21725620240606,4.745027627022294,3.280172305572542,Moderate
7.0098920003784295,0.3595153244924021,6.110872898711875,4.472608960852966,6.671903560323378,3.1242740461780776,High
8.434986522360193,0.476566875786234,7.675742399903059,1.4133288006573654,6.118886665663519,3.050631595113521,High
9.975607198826182,1.8847501115322731,8.853958649392357,1.7198772455850757,1.6008277007511997,3.490783650933141,High
9.77235416054105,2.452793469953862,9.258740266760503,2.4851918184354993,0.32069536839074747,3.399255164116356,High
6.398204282819224,0.7108279514028567,8.02533623444004,2.698754996729934,6.488093043734425,2.697642728884735,Moderate
8.934830776395277,1.2045939644012287,8.958099701618702,2.0022139727386707,2.4618447473775666,3.193265618559306,High
8.429466567264981,0.3873476300420468,7.897276412605043,2.5917938946453463,5.139204923670843,3.03761309793668,Low
8.637024208698541,3.6114136186441086,6.360855240681456,0.6685304261985203,5.560827358863917,3.3220935189806315,High
5.139618520791865,2.5172856372551933,8.291755502306533,3.364335660373301,5.230162914741884,2.6633219241859827,Low
7.961638008371137,2.0900567465891817,9.966698712194862,0.9200746156435934,3.9112319501024775,2.9095682814764983,Moderate
8.654077502228716,1.525218582493655,6.792926076600021,4.167422710245863,2.3335774513610805,3.370145669481774,High
6.368681596813168,0.451540602004606,5.163409908703896,5.451850694004501,6.370372224482702,3.290692766416824,High
6.191507002888146,1.2939916253170443,6.0760073108107076,1.807346895173259,8.763274177457324,2.8775394472465274,Moderate
5.365409212727193,3.409744913157553,6.515290924869809,3.196596965641812,6.3219748191688,2.6513760981894365,Low
9.080913928333763,2.632167838102489,7.932288992255807,1.2908263093464754,2.404405859504383,3.6633888500228964,High
9.973425826663986,2.579090293888349,7.787940894146859,2.7552216851665894,1.0206991806979944,3.253820779350719,High
7.433915159895878,0.12427159568888592,7.511098385342007,5.928757857745883,3.2408963551136347,3.2049906308945446,Moderate
6.0080639022186615,2.2472045671805496,5.326441296117041,2.5847722597579854,7.978847822208483,2.7028734411802655,High
9.036340773002623,1.421135709486833,8.04316483340557,4.387508860800094,1.0835446457013926,3.1239248519358234,High
10.224457238206497,3.8635986179561224,7.897367167288039,2.014032053875447,0.7395762308315192,3.444564715612187,High
7.67122135839794,2.5520904837674725,5.325573685021092,4.227938597377729,4.1270908893826075,3.1937082603408853,High
8.715410175663214,2.707158105970449,5.213717507454264,1.9804145839722844,4.978846983437838,3.2976234695656315,High
6.0455367356272935,1.3789980539285513,5.479434487559332,5.5173208208877025,5.197981327782614,2.5807601472695594,High
7.313937341031271,1.7230876882934714,7.978255103873357,3.3522575022611676,4.049096598405122,3.1722527175541506,Moderate
9.697957048250833,2.0170840064965714,10.020337946277067,2.0468406426515293,0.0,3.4785676548291518,High
6.867910472061976,3.545193373124037,9.226571524689376,3.580036535494995,0.40774638633858495,2.9780761852371413,Moderate
9.086265314070616,1.1050184833493653,5.331233726035622,2.492845095124051,6.119314001872618,3.440789377618329,High
6.80929204640531,4.044624236441008,8.13858334487887,3.9093224871456718,0.6069704064275873,2.8377292864614447,Moderate
5.642816977307345,3.465210767552162,9.436442543419203,2.6728744935370714,3.0427672337202414,3.1864168244974254,High
5.907267386190704,1.9949128590479304,7.1736742812477,0.7041980063370168,8.335884592897237,3.0437163436991455,Low
6.987832248669815,0.5084543165955484,5.007212684371767,1.0350495350701108,11.206608033186365,2.9807935658601292,High
9.61600072462143,1.729811155926792,6.5328177231677715,2.879913995608757,3.0781938359782672,3.597954324815402,Low
7.1298134711118974,0.4924318760419556,8.179024361664617,1.140850166672889,6.631942948834229,3.364704967504029,Moderate
6.118411747987717,0.1864077582504355,8.844804937799791,2.590748759824872,6.19946374217993,3.1075896772443676,Low
5.261881412762974,3.734584378682893,5.133846169205063,4.132188139561237,4.823021865946729,2.646527096052265,High
8.418922040273294,0.0,7.642503224039989,5.791736687796197,1.6753928045250248,3.2345805606193907,High
9.133981993994496,2.519458267408864,6.20685116377632,3.7062060545529514,2.2385919881475984,2.8381626738321746,High
5.527786773223655,3.4013103014506254,7.233963455338364,1.0036132309647545,6.4349398493395435,3.0255116489233935,Low
7.073531880115652,1.7851738137325104,9.14468572473019,4.386400957840463,2.2296737318051125,2.95326972225531,Moderate
5.2110687269011216,0.8885941750212245,8.651306265279553,1.200992851311172,8.555508695879986,2.2701986320786145,Low
7.433814060032084,0.9288490681001154,5.257247640943491,1.609041741451717,8.810114987442237,3.140504622110849,High
5.455714676929115,2.2651913646824413,7.264636715273856,5.033856119058788,3.8101370939783226,2.933367749125127,Low
5.375405654825125,1.9625331277109481,5.958435813171516,2.069850141465051,8.839960697650122,2.7723186736941026,High
7.080217074242121,1.5411601982190002,7.1932745465974985,4.573454079225755,3.4109258311519914,3.3581602700623034,Moderate
9.58655876319711,3.8565020357171087,8.92884394121867,0.45216383949919203,1.335688899454623,3.2864233976291906,High
6.45869230855331,3.4164388028100157,5.3672046388165455,5.153673228749932,3.7288697508201314,3.3340988643090768,High
7.35002896982306,2.4580039230346857,8.35650047682424,5.47143323333151,0.7385981760450194,3.3832854400363717,Moderate
5.586650495264032,2.05365180902756,5.7636404936082215,4.438280520402784,6.611424488737836,3.1620844039229548,High
7.4302924095995,2.517302392177539,5.209113602621207,0.49975690969279485,8.002276255324976,3.0480534209180536,High
5.279181740337797,0.2611643958896238,9.686136731446787,4.119980468636545,4.525877247781945,2.815468320294309,Low
6.732337036915822,1.1641145748692263,6.7816382612495865,4.474148001617583,4.660468553264744,2.8100344920500615,Moderate
5.777468725425784,0.7417347137100077,8.390601233627866,4.887358802445352,4.710092511732702,2.992767052534532,Low
6.460530134881451,0.0,5.434474049417717,5.620225260043822,6.26095236377318,3.1317378938256093,High
8.162797235231784,1.6089812663963783,6.151144044094112,0.7574574598876421,7.314189793773558,3.0671683563813383,High
8.232903179078052,3.2391771469248494,8.11244273273782,2.529786020344595,1.9894953936650448,3.0993401643000973,High
9.929085892688148,2.105882349716017,8.034982154164386,2.9165598135596564,0.5278303997996361,3.7239566130813886,High
9.346527393588307,2.6822751194428043,5.5411608100133565,2.098951706969954,4.491868972107405,3.1493042561749247,High
7.343391214437753,2.4786835176966435,9.820384931514614,1.4185097959853188,3.676739154148809,2.7107869593336775,Moderate
5.712233931819268,0.6576740900553932,9.182825776402023,3.9819497457480573,4.168931431793276,3.0331367066710775,Low
9.236574862753324,3.3644003629430697,9.54400108760723,0.3585616456288346,1.064931433230236,3.257664925306404,High
8.898601793053587,1.8494011157010428,9.232967811699103,3.04346722803662,0.9086467622662316,3.4497051651087434,High
6.0370914367088,2.0903760160184266,9.883229472781535,5.566145941221877,0.22835634489809553,3.132118918994319,Low
5.098676700887299,0.6244447227547909,5.73419663010393,4.185243699330201,7.981776493588855,2.6486634662647703,High
7.3258716205379715,3.574452170631952,8.942597445467714,2.3986826357382505,2.121594420164804,3.1897164405931955,Moderate
8.013217633736017,1.9048191275405058,6.532086451248488,3.327765529179339,4.235722047442529,3.3076230079822837,Moderate
8.225904167922037,2.971145051241549,5.835885731004103,2.871598726393602,4.6125916200740615,3.3227793011620945,High
5.143119229356726,0.8547065109257235,8.49357603601528,5.741334096247218,3.6066711872937014,2.702461509746019,Low
9.13253105960874,0.7450532462030541,7.681059937510154,4.563798598475792,1.9391262216588658,3.177221151326023,High
7.7895636738592815,1.1943963941144555,6.69495459403034,4.502606164662938,3.2724428532921728,3.195512266135936,High
8.400652423669927,0.15954800151724402,8.783316300063085,1.3594313460434104,5.2820424261600385,3.3262887925722966,High
9.834358924783064,1.6839641036410067,6.411134526621852,1.0840174454126306,5.219469422703339,3.6371669555313675,High
10.121537970881782,1.670194261832458,7.363699068559297,3.5465794453290314,1.4719687734935119,3.417954667442852,High
9.315454086064198,2.373965553602862,6.901619856530729,1.9242726231583012,2.8032949071258497,3.1730617386328475,High
8.940724349723014,0.33624202142789156,7.907242462427381,2.7898870976455745,3.6787410230609656,3.563482181190469,High
8.036457288765732,0.4622612695479691,7.962757058352066,3.711888181052827,4.0944823523331495,3.596203580095612,High
8.55071223448713,3.232353914538066,6.451008680865068,5.105872231660023,1.0465863018814707,3.4966061285221355,High
7.617838065910623,0.3250858371972857,5.350866038298855,2.046865623326836,8.813761797994093,3.309663947108598,High
8.745310878462329,2.2261585162738826,7.134161163434788,0.6437489796519554,4.794625105197821,3.5517905949204405,High
6.436451769955176,1.7400623887878974,5.4362958410764755,1.4793318372335462,9.010748501662777,3.300562765014772,High
10.12525695991674,3.701233627732624,8.285815842684222,0.898984319707886,0.8790229927046838,3.5892865463204853,High
8.15882595904511,2.908030560785407,5.555857137538585,2.323744384141828,4.429775442646318,3.0972593455951554,High
7.560832091729131,2.454654108084482,5.856587912153873,2.1470987422756482,5.550603066097864,3.4255255477507864,High
6.981872102529144,0.04385943309514626,5.21666571676526,4.989455333175906,7.04215366836752,3.0486731718758016,High
6.562735180550857,3.819953988125917,5.9805074516043195,2.835026921459711,5.048390185827289,2.622953772166522,High
9.524745633804748,3.438032350026443,5.975703443250707,4.268366504026105,0.8481711696491386,3.165002767325792,High
5.690627957164446,0.3636269683480718,8.363677346200916,2.648330449886699,6.678659260287574,2.2688436108708463,Low
7.040175080020811,2.9605208412973045,9.021353913249287,0.7211625771666915,3.99694900329186,2.8729991475988883,Moderate
8.814202589585118,2.490892699123273,9.89980847171231,0.0,2.163461578443649,3.3422924498138977,High
5.229370106850975,1.3288949494226643,6.595287185958276,1.4206780272209214,10.120055200561225,2.706409287165327,Low
6.836709103221815,2.9773580615149604,7.380787080614117,4.795218928838423,2.7107603432322955,3.049101619961836,Moderate
5.447506291944332,1.9882188814475303,5.020446431866017,0.480150540275586,11.43281322845237,2.297352685399287,High
6.773357463833754,3.6012087403103887,5.187200327186003,4.042753636455063,4.5564751776959485,3.1691257200144425,High
9.831043043242955,2.1580681409110443,9.633094749574267,0.0,1.934486079008559,3.191227837089503,High
8.63533316778321,3.970756370541107,6.216967391264617,3.248940193690137,1.7383922992257355,3.151997118144276,High
5.991655116507897,2.2067705441500416,7.076010684574649,5.850722340169061,2.424479268514468,2.575120884878831,Moderate
5.543263521270733,0.6581917542171801,6.144090168901976,1.4760013321409229,10.23789637768162,3.0274815545981006,Low
9.268823172139172,2.0773352455476237,7.418487654656335,0.8082737202901895,4.078147312684678,3.497590914005788,High
5.372849111858105,2.899534001105704,7.795435742372132,0.6871565545239973,7.779551564785737,2.9568102464797317,Low
7.3891761154897075,2.0129068112686097,5.661117078966942,5.559625843923162,2.994110497342692,3.2170302065622622,High
7.506602369972588,1.6359024149081107,8.472378946828599,3.5041316172110926,3.4672437807462813,3.2854930205820123,Moderate
5.475429763582588,2.1943885885265186,8.786062020740589,2.855755168276952,4.44999157856771,2.711348288459242,Low
6.029559994900288,1.4587755948089938,8.707838452790037,2.670180014256164,4.8913808387785425,2.7120461471068684,Low
5.978673459816931,3.3518118310074603,9.559489466959851,4.428712055830883,0.7398491837642723,2.8414041115307915,Moderate
9.771195385266461,3.0738677450542413,5.0135492002515045,0.4785611865029839,5.684157121325461,3.185200272708349,High
7.515809633399248,3.753813815643987,7.913936385578052,2.440668689899607,2.7613720065253653,3.184704251583644,Moderate
9.104140454957715,1.4189710590568447,8.94005587483261,4.438663725594385,0.04471455605379432,3.212077031659459,High
6.1986207085832055,2.0854081791595176,6.275672647403183,5.1688750868129345,5.117462972209128,3.2148284452594593,Moderate
9.171571703438966,1.68773528288904,9.506155659149446,2.0535814715818663,1.6293636728600769,3.5180220555349555,High
5.918067002517965,2.8918612125014462,9.071359369636424,2.281704581065875,4.334989977063708,2.789673124573106,Low
5.84860270849773,3.675923124870091,8.38639312496181,0.7183374035879855,5.695983061374861,2.7890903198119363,Low
6.962369225179979,2.38913471586044,5.613173756917947,5.135309890970574,3.9166424068315013,3.0418555808492953,High
9.764714876804467,1.7318103675387948,9.966806223997455,1.7977543113715162,0.39604660142026316,3.7532226684195282,High
8.320359969529326,0.8113685745805561,9.468229559560676,2.517033541652678,3.602843134091995,3.4387626751558136,High
8.464216485765753,3.7197384634541453,5.25372459048168,4.5111960352981155,2.08745606689546,3.8175682710181325,High
5.926202979853286,3.4325423874789727,9.053411341577071,2.884423643745428,2.1695212121887706,2.683762349202289,Low
7.447353478297197,3.263440379271262,7.411813024441594,2.535604581620999,4.463387092617904,3.3217784842805878,Moderate
7.275416326362952,3.2378951081772245,7.067335868893046,0.9907106701681003,5.669690049129549,3.228041443842565,Moderate
5.601685571584964,0.9456140566190712,5.48686129518909,1.9848962134729335,9.710170180913273,2.952339673326734,High
7.3716303404530255,2.7056866902336223,8.356950976623416,3.3478529228869407,2.362150691560196,3.2680512959992356,Moderate
7.23399312307843,4.013405900693915,8.049614113846234,0.8509363036866548,4.171284486102202,3.0121781208293155,Moderate
8.41370608458667,1.3813659562286265,8.585271609475786,0.7147431600577854,5.431248985427037,3.299372966637818,High
6.124899425246776,3.146175819238307,6.5114919350082365,3.852500905021013,4.575890067828436,2.8162911403632735,Moderate
8.45298245009417,2.1950399533553595,6.582368552514731,1.42640792816032,6.2477719364640185,3.4454105659299015,High
9.46855917561641,3.115613368977989,8.902227266114933,1.5197999084068488,1.230721770768727,3.3880512286380733,High
6.247840696301262,3.599301609325472,8.540039150472023,3.0638085825800094,2.345034451692034,2.9275274804831186,Moderate
7.469241945821153,3.6386825771814215,7.669406645979464,2.1294142915191068,3.447815761977415,2.8826044306413,Moderate
9.8917757499253,0.463260420972676,7.069590277125286,0.12535808786122238,6.344816243128519,3.512481876391922,High
6.5304025033527955,3.274928119359657,6.353013406368396,5.446224534949798,2.3498132444364757,2.9817966383685217,Moderate
8.740439419057441,3.1985833838496798,5.101529384982397,5.8989236503750835,1.1231647896951085,3.1380455276075088,High
9.301702611925,1.1088241822831497,9.356847451737808,0.6467388272391945,3.8169050507429443,3.5201885141147513,High
8.498503710243394,2.215707622182173,5.527303483537321,1.485270369155894,6.113489690581896,3.26842459015998,High
6.471045235790388,2.446188043368798,6.4248531587759095,1.8114623902064615,6.682816588126568,2.8586654612293403,Moderate
8.663888496910243,0.05215871946501427,9.327334175505518,4.712073421653922,0.3440380864806383,3.4860450667819145,High
9.463079167172666,0.8192687840941876,5.559434678703308,1.41840341804861,7.048956647990127,3.7121835337931324,High
9.075328018463955,0.2095010105573162,7.800123291592875,6.056878586577113,0.7897556280446356,3.3497009348243556,High
5.4488704329306605,3.319661140722247,8.058567575928638,0.7559147925993133,6.387756706391201,3.0420644565327017,Low
5.648171688553284,3.3904429798371525,8.105248808247984,5.075003364513374,1.3315595041082882,2.8261901494921644,Low
7.582525074757178,1.8940730197901456,6.495570885346434,2.7079614956522144,5.120042935810793,3.336452804557534,Moderate
8.900511971649705,2.503285100492644,9.730803799681578,1.159754995526324,1.6214084316508106,3.6579660192390993,High
7.952684520714913,2.8424566506347215,6.296476350357694,3.2360048834894206,4.428021938775496,3.452384289610461,Moderate
5.597816427234824,1.6042309329284525,7.313464520376184,3.8216119939779882,5.6738184653048105,2.8415080451286325,Low
8.848518891422888,2.0700753427150547,8.571207071261686,0.36727058376904176,4.97303338455007,3.440026729355818,High
6.234602925496904,1.3781592655484969,7.369731231543992,0.3010220013191891,8.702831020015928,2.851566755173683,Moderate
9.954170517889835,1.1249361253660983,7.42854553799243,0.9573841568077206,4.19993639346991,3.3230209303248466,High
8.150320622093865,1.040301822622053,5.984874640697113,3.234798776920008,5.445901460558843,3.1345846812034095,High
9.203892407291953,2.215010496110295,7.922804729120534,1.5098579820814195,3.700177022948762,3.198475274934154,High
9.547220037565042,1.6120514791326652,5.454297479803651,3.5349320692378163,3.1685179072636633,3.4214215030411466,High
7.287585113917819,3.6412817384728924,7.298396614894466,3.7944429075784494,1.4595719040682578,3.0083366335698587,Moderate
10.031497636433327,0.6240120095618181,6.584394884013624,2.3706241843651745,4.568270396550904,3.1020170739185318,High
9.463242854594903,2.903915176391296,7.853150152712814,1.3271245742433484,2.5482398304611373,3.1030280925086338,High
9.162193402159033,3.5943651250491753,9.054116501919118,0.08776612952721473,1.949292146806102,3.3167018822810297,High
6.452294377112205,0.1191458951080079,8.14102338767716,4.114726360356407,5.745306431268883,2.9646655950506973,Moderate
5.288183312833325,1.3739437431558967,7.266261294001079,2.5131116884537112,7.19381363026317,2.8082551944860925,Low
8.770077618802208,0.4955001999560159,5.574118844213796,2.2675407501092955,7.487517961566571,3.089647121170273,High
9.950960579319615,2.51321336322363,8.073101213912144,1.2355061700947427,2.004966905347786,3.4381293094432848,High
8.101173447058121,3.75977933942746,8.483974557343783,3.610404154364381,0.9296972908083998,3.1599617631193633,High
8.623324513852138,0.5645012552455357,9.536296191980469,0.4817027756789872,4.935592323506872,3.073327355738033,Low
5.028377158970422,1.7088143256679946,6.547549602901812,2.8615221927196615,7.818608669382618,2.7718752267345192,Low
7.941627872008233,0.23232894600253323,5.667666560552746,3.320949880380773,6.842035133613386,3.4491579171877684,High
8.533021451200778,3.585871383155574,8.605146383791112,1.3537941411974588,2.6293346608328316,3.0672870596075654,High
8.304531953398449,1.1453681435290726,6.662668431058768,4.968697329626749,3.1715508122640177,3.5367236645720954,High
9.177847439406497,3.567687209574375,9.28443639427476,0.8432844671580496,1.278358371777454,3.2926286994083065,High
6.588052622251006,2.3301006036080287,7.018818987540825,3.486456656096492,4.945958970699636,3.188178499949851,Moderate
6.8163207279707185,0.670202241438294,7.227565810724994,0.7674572201384704,8.101998860013868,3.199954658901625,Moderate
9.45010722833124,1.4997103136218808,5.928170967726916,0.0,6.760425840212733,3.704247040094245,High
6.807015555118276,0.29264207829501343,7.0139123177852145,1.932598285465384,8.120199920659282,3.297915103734057,Moderate
8.512980788946614,2.471864239143833,6.859569577745598,1.5271782102432634,4.7993080982442,3.2620163276917964,High
8.440896668397254,0.35500707787469843,7.4150087813239445,0.14474030885182482,7.227051477725376,3.346242029844793,High
7.640768989894095,3.878484109542419,6.977951581403292,0.1538336971809644,5.044970863592804,3.1076313856814903,Moderate
5.776631941652431,0.10130386352655724,9.01511230517129,2.5373744772449998,6.707201787857078,2.799566070244948,Low
6.2979410756658645,3.740305323493226,5.407959561711582,5.658296177267642,2.972555605308771,3.073696393126887,High
7.757647764957842,3.348477520535921,9.73666347462056,0.9611739031938697,1.6326361770728512,3.087841805551439,Moderate
9.9576310577614,1.5399870940743452,7.028814350529217,1.876137851360358,4.324359621049156,3.226783556899117,High
7.634288608547706,2.2577492140155515,8.689782094722224,4.419023017419462,0.9458331901873951,3.1994111377018837,Moderate
7.1762358786129825,1.2770531892760661,6.089162891178821,1.4587496796182782,8.258062893426327,3.0922082007419025,Moderate
6.319756242467079,3.8014036672154594,7.917581679378724,2.277778097093859,3.5421942640376916,2.8685660823919994,Moderate
7.601249705235138,0.5840073831988978,7.266625498262729,3.966816706676682,4.4568530726617075,2.728901684938113,Moderate
9.884601476807555,3.6079802377379813,8.24221492034375,1.3447244759622836,0.5030800836473768,3.4394508999459132,High
8.271317810640149,0.7493445302391991,6.829734708102982,0.18098375014318602,8.084940155435927,3.7703696327556178,High
6.14324126094559,4.006726579639168,9.79981023347126,2.8423716662052523,1.2421334919214846,2.604447232078658,Moderate
7.690970889833016,3.6861892877799085,5.575856187082193,4.942975801913559,2.3732442866940526,3.23308129155709,High
6.1469808631305325,3.51263175310682,10.152586789003022,0.6174824076167501,3.93149848075735,2.902469115656352,Moderate
7.3230398251786974,4.073168999721628,7.44901416888672,4.610349107405272,0.7664644371918846,2.7711398143630164,Moderate
6.158384061525541,0.8700290884007791,8.864539088895413,2.3833818556408963,5.613638877403783,3.231520243856531,Low
7.584220300532547,2.0209004467129295,7.749860813051644,5.477427078508579,1.4765452741977954,3.1466739749824266,Moderate
9.056702106075491,3.154521196978493,7.825056652455143,3.68108688128844,0.4323290999237851,3.4072832461875415,High
5.935348788274582,0.37179391580909127,9.240876289522278,2.938291834919124,6.128407997235008,2.9666062478333517,Moderate
8.152090175702085,3.8070913996363553,4.747049011325523,3.3677762866021737,3.9017931085739486,2.6251370676780224,High
8.078129613757103,2.703410533441815,8.567048950284956,0.6435034917045501,3.63111581438983,3.0893903100601605,High
9.129036549800805,1.1443153532664472,5.996436611813139,5.428537472817672,1.832690271896524,3.061968095978777,High
5.127737069081082,4.016137026634085,8.287250422764426,4.96407752619162,1.5226570854785442,2.903593604275801,Low
8.464374169237068,0.622224181322942,9.01278107581402,4.648362209330063,1.35008338793783,3.315418737675235,High
8.27848534827944,3.072967261699039,9.271434789177555,2.4431980499702592,1.1072342155205979,3.2150468455652366,High
5.520980286617475,1.66639330816582,6.856865784839846,0.2639460995982135,9.481121719769463,2.655780675901981,Low
6.682459053062834,0.18624136371920802,8.832230656344846,5.980882587978984,1.9761597543193017,2.643148628223462,High
5.449609082529982,2.0852759124195805,8.98630506760261,4.2537207813373366,3.6004253506047323,2.854563663500827,Low
5.350313306896674,0.16451774374415162,7.116842351750413,1.7757276618955034,9.6761779058321,2.650022755858424,Low
8.817900462400063,3.7051528393349464,6.922745067608887,3.8352753896429688,0.0,3.211275944811385,High
6.578208787005711,2.0720729605959534,6.023897164830544,3.927234308898808,5.509761489892282,3.0236754056746,Moderate
6.482875019790489,2.4971957056861758,5.590345756758243,5.574121102088782,3.710542203718183,3.100662820634457,High
7.419759715368202,1.641104018363217,8.071237262266242,3.5798347539237376,3.105994316430288,3.176635220881526,Moderate
6.255492942781238,2.85741924698649,9.262092866535136,4.800285086630229,0.9072608342732107,2.843245582134662,Moderate
7.754214535244284,2.1792102942886014,5.617237802937129,5.062562311183889,3.8359098998350385,3.148335308559538,High
6.445733961300377,0.6750719707600604,7.813264352163482,0.26225669111423466,8.465972131093045,2.631355420865606,Moderate
8.765924540959494,1.3579666099946721,5.114787437067331,3.1850014000144085,5.731828926301556,3.2777019156943252,High
9.073021587424089,0.015508429361370434,6.36867150106819,4.333616846346252,4.167521988727325,3.348084984925814,High
6.737486786461225,0.39376030569076986,6.714247407962037,1.8813286395877606,8.296809221848084,2.887104990691194,Moderate
8.76408157442025,3.6140941875533503,7.101654159316248,3.8619352421963313,0.5563132498983142,3.5606635269059566,High
7.0180552226859545,3.758357944720077,5.2521649198283304,4.07085915117664,3.95331697934163,2.5878468609889373,High
8.141680824167745,2.6516262682537617,4.846839590620168,1.1279646464395259,7.04115783064305,3.245803271230339,High
8.647599776556698,2.5128406968613453,9.670877948118319,2.1683792998364444,0.40757031205080674,3.2992612768112908,High
6.649682038763803,0.42222323904394965,9.15004225536786,3.7823910389035835,4.2135304721003,3.0203867680820857,Moderate
5.226525815116231,1.3451255419759005,9.76883760826392,3.109635862800394,4.59502187346287,2.5130882250530724,Low
6.026874112661617,1.5214827356380378,6.81382679863413,0.24862325303747723,9.335704475702686,2.4561285862231594,Moderate
8.688138469177726,1.6682123139068632,9.282505444041036,3.5006329113750465,0.6184136487249724,3.4772247549503335,High
7.413922072300484,3.4718391350861566,6.045210171454833,4.259920334512821,2.957900705363398,2.880980223130411,High
8.019636936638818,1.3154091723671044,5.654748953431905,3.7872914361857775,5.072244537819824,3.0485306642606433,High
8.300094625682181,1.5002604081478828,8.372419163066306,1.0666575069079223,4.215777255968998,3.4699563237618194,High
9.505572528957083,1.0172604106195737,6.812074256038421,0.21827562143475904,6.078554763337289,3.4964322804057466,High
6.3283697492314674,3.420675269322291,5.0553294505143045,2.408319702878901,6.922599005067197,2.6892766214160253,High
6.465500551634235,0.15839552627542225,5.583213982497826,2.3147674779648364,8.84925792054601,2.484663064528421,High
7.751350015250731,2.3027750379224114,4.835420695897173,2.8329046261718456,6.342082526740741,3.0820892506357596,High
9.894781343054026,2.0741264721926007,8.692798549044841,1.1518249714308135,2.1977722911767152,3.608069857759242,High
7.692984718647521,3.904546548638639,5.5819262058638435,0.19579263947305947,6.6725881306849235,3.3036335013131524,High
8.862466261638525,2.9059004305457936,5.706805598487156,1.9300514915551434,4.417982440506824,3.357396206040511,Moderate
6.628526088322593,1.4012377152965105,5.163607309659511,2.0468731869044228,8.909656506314978,3.292337833994503,High
8.188706704007817,3.783044938745067,9.352962688042197,0.20631791350583814,2.9757474480407393,3.2719852681145714,High
8.853931978043557,2.0427034488060953,7.045667462426458,1.6817424643047374,4.292147403365538,3.400634379478205,High
5.174857640220601,0.5437672796984911,6.045153022086146,3.013691076277917,8.821586603961125,2.775118229383913,Low
5.467604183280278,3.7210266407571746,9.548118932405554,3.965742668530452,1.37408461340143,3.132142287627204,High
9.724055634546335,2.2309015224193574,9.740116871852408,0.19765775311949257,1.5308066530970854,3.2868947884427637,High
5.8806515121211405,0.6092082900768739,8.019606244538505,4.860999843252277,4.264392897377999,2.7654314482291573,Moderate
8.005011518301894,0.6283723949344314,9.136700907812532,3.661767741520712,2.671635415962842,3.5504350482779934,Moderate
6.387408857790858,1.3552660153924316,9.415417805867875,1.6128094515335825,5.088006185833538,2.7006502620662887,High
7.0843472131842775,3.480997573463949,8.810276501270526,0.20178926917281287,4.515953917342141,2.9454622623062563,Moderate
5.722030961802639,3.8600221587870696,7.542785107681672,1.334874193549014,5.78225841970397,3.2489643995035533,Low
7.422806562975312,2.7228614749899602,5.665276671556003,1.6353577654577638,6.788184645699048,3.082586102944461,High
7.400699005083037,1.5905550446074592,5.301449264998994,0.9169433735064404,8.299909729636886,3.3677704521987337,High
7.216381693367175,0.91672969966319,5.398623680911089,5.137067046425861,5.305262238657542,3.0045380890767124,High
9.910260776620232,0.7697571892540085,9.739615522573166,3.583462811858326,0.0,3.58716154224494,High
8.750065703333382,3.999013358349996,7.788749902527452,1.061207062503291,3.0863299299362197,3.637528266732614,High
5.386114820676666,2.4258990199331745,9.770695042664775,1.1188684944568121,5.399032679551261,2.5234660351945153,Low
8.753969804623416,3.565148482972134,9.710685924842018,1.3920499051260207,0.23468094165942255,3.4145445490868864,High
9.073112377644893,0.4880497156426335,7.564345802646372,4.168229531167415,2.5915450397903173,3.340295271482649,High
6.174646543211612,2.5545965292444035,8.163840541487874,1.1693182474094976,5.273639432001987,3.2571361105579966,Moderate
7.4039620782691,0.0,4.98240268158673,2.1027994553722675,9.581360549508277,3.216954001723698,High
9.43431423321289,0.8532104555473693,8.288042716926405,1.3034449283694638,4.137430043836031,3.6403218216673108,High
8.799191629667314,0.5273074045454613,7.221361481410364,0.2745853629452823,7.7939664907550075,3.159125663573317,High
7.393222520303128,2.6876755966777344,5.36344921218867,1.6067960973431226,6.332652629434744,3.280700158074467,High
9.772519250275813,0.23113886189714397,8.801307082330386,1.9198043697687517,3.2231071942039002,3.468532375250362,High
7.063881095705436,2.8407926285850946,9.485036277174673,4.512115405389951,0.316913272012151,2.647294193335214,Moderate
8.833942905374947,0.7076552801943278,7.831360663331235,2.5382518582807534,4.439091602748126,3.621717255720051,High
8.095089060022785,1.0684005405634605,5.92626275275789,5.472392337961982,3.145395113905491,3.262874522254823,High
6.182353927763166,0.17675641352865218,5.118790189009635,1.1166574007519172,11.044968860325861,2.7391244184225347,High
9.521765724426325,0.936327515814432,9.68419667547779,2.2792632259040393,1.604853834810086,3.8507992814619536,High
7.491834516760818,2.8685511958597023,6.333830869894718,1.7912064371633476,4.69274915026788,2.789600401622051,Moderate
9.448257290143715,3.731998155835658,9.672960348360967,0.5969838383524451,0.2055186986326073,3.3488496132743273,High
7.514243764443648,0.8036050589799256,7.890818661234046,1.2872676915734174,6.843525926498218,3.4713629262614947,Low
6.68982540110671,3.639091827104381,6.095723927560361,0.25112682387233387,7.580325561375015,2.4327484811856284,Moderate
9.13280199058854,3.380186361452618,6.639938491290354,3.113633127118919,1.5598721954298,3.4299363289031324,High
8.64240636654991,2.707203880992354,5.819428399631761,5.159591056073881,1.4984264621669663,3.014923430101307,High
6.988205157889547,0.2407348753538451,5.477704861304598,4.590954382842026,6.362215102136989,3.2234967616488452,High
5.002721493757283,1.6107568201453253,7.7055895199774405,0.2326108793493744,9.239098646435082,2.5520934328671085,High
6.438338331805963,0.0,8.72241996620986,5.644452230438497,3.9637926183693146,2.7405109927520597,Moderate
6.193522710952546,2.7853485603705406,8.54128222115731,5.195619370081884,1.2335751617637294,2.545357511604768,Moderate
6.633045908685073,3.030358957828944,8.995349142968676,1.29241603398845,4.479536447191639,2.7977598453946966,Moderate
6.926108947162793,3.710208928821954,8.961240997180594,4.20776360203324,0.1430983099825489,2.9301829643993953,Moderate
7.702462924491664,2.537787700743916,5.400282624456775,3.3709587136132733,4.547955942648381,3.507307315086412,High
8.615866654035587,0.7639008604133092,8.570923785091033,3.3088179418064834,2.6173464403868256,3.38098904705348,High
6.638456471280559,2.690980031979859,8.873167222151753,0.5543619182596513,5.311354109337263,2.615751928044299,Moderate
7.632168521885368,1.9021851561305871,7.120075796091804,5.482857229375162,1.8784091122894984,3.2509750012640635,Moderate
8.489948166113637,1.8410911580093745,9.730063004903302,2.86292473062148,1.2537691110188394,3.4974879841501463,High
8.505999789934263,3.414794992042326,6.481635065904057,4.3108018001173285,1.1774548201212458,3.149790702669896,High
7.0060929159043,4.022433599591201,9.093535758006569,2.779040247022677,0.9765324783692597,2.850763655258681,Moderate
8.479442242820753,2.096063534819557,9.329290611246439,1.6354493258806968,2.2290659669478328,3.1505499568370854,High
8.983605750446156,2.9077755789308153,6.872995037690269,0.10457200004437665,5.397246507322368,3.241307228161774,High
9.034661194789832,0.06662552456406753,8.595062288409583,6.244108034866605,0.4027295288140528,3.0858617858703794,High
8.392361139404159,3.333824609743733,7.849703066543005,4.2584018027680335,0.07282936677276189,3.1875327709702046,High
5.239647695597504,1.9202857381075444,8.654339720860815,5.160135655362766,2.8873421032423883,2.878172215195183,Low
7.837639292840678,1.6685494216603725,5.481485069242033,5.350084170371796,3.7742564547855983,3.064115287026542,High
5.881799254489508,1.3012013929371995,6.54785797869096,5.234105666768573,5.1887185260907165,3.089993864526155,Low
6.128903692812876,2.5295790252643795,7.942105881237967,4.982133893684418,2.157178468930571,3.0524038693175526,Moderate
9.77308493336256,0.20381236676921735,8.64053765177405,0.0,6.08002081631217,3.0410994288747615,Moderate
6.413114053452014,1.4251969110793234,8.15862540349313,1.8735746019812443,6.142747622994118,3.0899262065761044,Moderate
8.885487463710456,1.7063297523243175,5.388796301120408,4.7373838138946915,3.775834601411125,3.1399067450222513,High
8.364389339018823,1.5558608443352588,5.198222929562788,2.0429932356005422,7.034497881615552,2.929294731787526,High
10.019887992165168,2.769067580644044,8.503375778655355,2.279408208276905,1.0321229638751979,3.4300696522485365,High
8.49997726400184,0.42756570483860584,6.217833442314228,2.1256277469645384,6.867934934627537,3.031703642455527,High
7.2692283430609175,3.8329180144621913,5.271739699623627,3.0948061775735902,4.1924493203576585,3.0412748149463216,High
8.64555137160406,2.818305002350404,6.876346797585617,1.7044115184574549,3.6042125038568065,3.1453659380503995,High
7.0586758815507915,1.202393351801724,6.194959881764159,2.7043608406123383,6.978844441573025,2.8690156155004756,Moderate
8.138916818728827,3.8945750264115135,7.895267167856679,0.17890750576965772,3.454736565918796,3.025305684725421,High
5.59268601868894,3.869122979505864,6.620623769477785,0.6479862803604669,7.610269759776882,3.1551873400112993,Low
8.268427747884527,1.1861986321469382,5.032662437173482,5.830117519141678,4.233569851660222,3.5023864208739712,Low
5.910387448984972,2.5299578370288107,8.533666587005841,3.7901210247845545,3.3300767774419855,2.73066841996658,Moderate
7.951522911715108,3.4466018743898434,9.913016867071779,0.3542008940188122,2.5766242869561626,2.9608514254020206,Moderate
5.672597269372885,3.8290637218784656,8.66894309402955,4.972703886283989,0.9779486768249868,2.9615550188882778,Low
8.22631422521297,2.6013654509680464,7.065959835219945,0.0,5.772833449164241,3.0444591308249587,High
7.803338198111523,0.8856708912209215,7.162640586691781,5.678259877265818,1.8921539037937283,3.39657746217089,Moderate
5.571406842567211,2.7106330715952733,9.892228462804097,0.7816165284716893,5.044895017569007,2.7997216580267703,Low
4.919447205615287,1.6586355179397438,5.6064261150355845,4.732769291941328,7.825390624708285,2.733273626641597,High
6.378119771212885,1.8194536000517816,8.655340019379869,0.28746006814643477,7.491974179389593,3.081797760853567,Moderate
7.818982374344567,2.7058453586015556,8.33535162646344,1.1633113021415404,4.430537756709909,3.091737822167695,Moderate
5.879121205984194,3.4712434455213366,8.776761993009789,0.1639003128122552,5.589421303289113,2.933942289197077,Moderate
6.000994173138237,0.9737635421435127,6.533428972721608,1.6344099798960245,8.870901094456086,2.946354929630199,Low
8.705773423236355,2.329871529955928,8.60715788248412,0.804884215865687,4.352267230321342,3.205741143748593,High
9.919522796341443,3.2184260870529773,9.194869124928385,1.4909107507096928,0.0,3.4761525573462992,High
5.997750229189386,2.3959190224649305,8.865042335150811,4.2718513182207145,2.046523096793267,3.030975500353973,Moderate
7.581062363492289,0.3573626311062251,6.98773852702804,5.489886345114991,3.631067059069137,3.3633156392068178,Moderate
6.541018952384185,1.593749482230229,9.632721688866875,3.956472631825936,2.45880938079897,3.416037750273208,Moderate
9.003943066923485,1.6828830782958095,7.973252712152133,1.027423283846603,4.1541995708078625,3.191263265928868,High
7.347041846552738,2.7437004986605222,9.612060564210624,0.15231916529832046,4.209672056773029,3.426268609497521,Moderate
9.231741618732421,1.2670279956383779,6.987363738677556,0.07181163248665476,6.099745665023898,3.3636744036397834,High
5.34853052160017,1.8963738123801757,9.796873060871256,0.7615194953319447,6.556132779225819,2.3858526864559826,Low
8.976947617934826,1.8569333536797266,8.410454411072937,1.3976913563096303,4.365971761228156,3.2173056420052633,High
5.452435320326773,0.623630058378031,8.145438316836845,5.452896367936076,4.3565317801743655,2.7522570739468266,Low
9.005316870283883,2.616600331771848,5.801226533469448,1.5785309936066683,4.828256322523181,3.11561971232291,High
7.712411439809006,2.0854228553677716,6.772722555902958,1.9714249484149458,5.244272322993613,2.9689961119025967,Moderate
9.25237580339447,3.125366155188339,6.343257547873804,4.804006746755646,0.07273684548073273,3.3636430458347686,High
7.046782370717391,1.8952580024267116,9.818794461085535,4.579004528847384,0.4801064898192603,3.123289290114835,Moderate
5.479729118569562,1.577630498834792,7.858432795594431,3.3284354756030727,6.267405387658219,2.855598963223399,Low
8.50130100949544,3.452024797869003,9.28001561729154,2.204124698395636,1.0202323299127758,3.2198246928850716,High
7.398419802162508,2.3502645834514575,5.882467431597876,4.008539112292405,4.233157909724818,3.234316571828233,High
6.282261453607781,0.5591385556603121,5.787564179658968,0.0,11.93941092488833,2.741661367779015,High
8.864508921081777,2.9457438917652583,7.720103999968707,0.7087563587972414,4.177175118521728,3.1949698250495357,High
5.4711355908063775,0.8070219447531708,7.494037217935698,3.895950595580491,6.332313624826035,2.555887532133993,Low
6.280331818808759,0.2768862238403923,6.909160955360036,1.4503622357183674,9.026051551735788,3.1394747092083515,Moderate
7.175068763800028,1.7498189353250062,7.514949004855936,4.054914548047071,3.3258588134469607,3.4872061266604093,Moderate
8.31951097382264,0.7600838608625918,7.3853319659128704,2.594038454999094,5.068458027471385,3.324881703683362,High
7.454640664482437,0.4168453277388891,7.975673217344417,0.7626402806919749,7.404334286749044,3.3013141678255926,Moderate
6.935477464452031,0.5606665448409163,8.415209825157058,1.4410438999503201,6.934347723707724,3.193297394864608,High
6.088785386064174,2.2462265794842273,7.019303100962462,0.051613637755802515,8.516217945344334,2.859245409957314,Moderate
8.838585888058883,0.3722716533955033,7.606771729831953,3.2848200244072823,4.2343129632427265,3.6009606479283627,High
6.472039106161441,0.15759953997328716,8.909306049621058,3.249621597790463,6.22674352601687,3.153590000183513,Moderate
9.385630994722973,3.171989472350203,9.170152789151535,1.2776722335108168,0.8825849547395155,3.53677185193292,High
7.199920646397217,0.7041435314208931,9.31971935594706,5.45755174895245,1.64299438206487,3.007641221324794,Moderate
7.437581606374386,0.2937327128483414,6.800363951079107,4.7112951814246085,4.940890076647547,3.0766682833738046,Moderate
5.237821028472872,3.600281139849218,6.798622382616399,3.4155266614904347,4.577014433181938,2.7923803491665353,Low
9.82949882772517,0.5999198701414894,8.224340156907914,0.5869197446250596,5.428140777678681,3.716915822763939,High
7.035515067117661,4.04347701893699,7.8950448514028535,1.5006887326351475,3.1846377589051054,2.9921848798152526,Moderate
6.215418184619305,1.4363706809583503,6.943912476217235,0.34118325392043886,8.964706912533476,2.8317526110339726,Moderate
8.606733852858628,2.700422135863231,8.557920672717358,0.0,4.4506647066596114,2.7855736126319512,High
5.94045546251251,2.575237810514011,7.505476064009425,0.053018830150965354,7.570849009590191,3.050214376338985,Moderate
7.6427199343049494,0.24569403237918483,8.66106393143174,3.477232030581056,3.8605488989375614,3.2729828717752154,Moderate
8.994663363322807,2.924659252429631,9.234620040411485,1.5524955550726558,1.4326254054804681,3.44079106848244,High
8.144853878904506,2.9835427352395625,5.853612104374747,1.2271641778431657,5.8199625249164395,3.081823185642149,Low
9.579760571076493,3.0756972230029267,9.552330771303449,1.502442309896655,0.2031740792136108,3.749111997078466,High
9.222691338243429,2.2883328956435958,8.416115645888611,0.8372201053491612,3.379694449617871,3.622249215977703,High
7.440424308787639,2.890737481902013,6.439878160919745,1.1575794220742037,6.06826440968205,2.8824012365958933,Moderate
6.058162471032542,1.79038971393615,9.24471766747662,2.779554308561424,3.582774318392447,2.7737568718660692,Moderate
5.910930079340247,0.4886273564404531,8.52500591523036,2.151624174947738,6.847998747941176,3.0108278244175644,Low
8.786627114907272,1.2174495882593326,8.516541973305984,1.3232697856443132,3.6710818632431557,3.560338053348708,High
9.618296501976193,2.419116085856124,6.66052953647984,1.159107397805864,4.17670935887188,3.5762893001678204,High
6.120417572749045,2.122565544503851,6.401029930017556,4.242425480572071,5.466405258701724,2.7367594890982683,Moderate
9.227352440053263,2.9852836959296023,8.8393476471512,0.5752680091420068,2.5879057592224157,3.3943272847290267,High
6.745566858241377,1.5758644320316193,5.683975794951531,1.8221528198331192,8.79033407047713,2.9291205416509163,High
5.170574174789307,3.4360575488087495,6.0377333933736725,3.3132580880012754,5.942878911336785,2.7831514495187624,Low
6.6347377990830125,3.8435979037676877,9.238716030194466,1.231212786450182,3.109894370909891,2.9605767084864736,Moderate
9.33681655000469,3.9870954112211345,9.16508280163875,1.0018787418019248,0.0,3.506088654429525,High
5.262964940605852,0.5879950792640338,9.733907440688819,2.0218441520040704,6.120608706861678,2.448525327336973,Low
8.67364424201497,3.0954129689631453,9.391086028148864,2.587310190248992,0.01480688604768392,3.09089493345527,High
5.147614751823766,1.30510938225726,9.037121678440778,3.6697337176044575,5.062913292608537,2.7241808687907856,Low
6.48460038210335,2.467348314804,6.20910422727869,0.0,8.592328032636484,3.129643415837312,Moderate
8.86813868660204,0.24989460968434504,9.155727520353725,3.5355955266160177,2.2698181666565995,3.578368372809387,High
8.152546404276048,2.4225091661596396,9.208555295808848,2.505572417783835,1.7541639900100146,3.223941249328056,Moderate
9.14278278050094,1.8774955177297787,8.630750720145818,1.9453870173985799,3.049939102839709,3.3232939988036962,High
5.999891888636149,2.3434071539680734,9.578664762921282,5.574096773445691,0.09135821514473308,2.9879165069249294,Moderate
6.137696541836025,3.860881875692586,9.81938778088526,2.6086203786565694,1.2965642324433209,2.4510210059724598,Moderate
8.990069618754248,3.0305449705466563,8.048064815850422,0.3465312295127536,4.172965444626346,3.706040444455187,High
8.421692865648827,1.3025360380170055,9.840952261646875,0.988241445117072,3.5969961374343242,3.135501754634096,High
7.32948909093059,2.725104022719211,8.368978757227334,3.538014842848965,1.8530767155337162,2.95106537729073,Moderate
7.857682870734948,2.4656179084219376,6.019140362253456,3.996911391219462,3.568417165396255,3.167721501679285,Low
7.266761284460293,2.522285865430541,9.184628145670093,0.9250805895404068,3.848254658197647,3.37687099868261,Moderate
9.021906676368516,3.251862882262323,9.893619346264115,1.4574649645887834,1.16197855915043,3.553848096466538,Moderate
7.80400550949366,1.6925064227310582,5.862944696175157,3.2392930011871632,5.551088734245527,3.18157249048332,High
7.927980346870556,2.518264560234219,6.937141243376203,0.27467678386931,6.7893166608479145,3.178252466190467,Moderate
5.446985301333187,1.7216672599672667,5.446214824784665,3.7394114456584977,8.226646705494437,2.527113980666386,High
9.443438971834452,3.519374463642658,6.1038716110768805,3.83446419233204,1.4059033571566404,3.5127469520936674,Moderate
6.464827316411534,3.0636348285231247,10.432841109368235,0.0,4.290572880842394,2.9643596198853945,Moderate
10.069651498840496,1.9296072495223255,9.04972092234458,0.3220354493243279,2.5192054517279723,3.6878219912715595,High
6.95927599133279,0.2955973463688553,9.884396188521054,5.243028183259988,2.6886455833034755,2.945188297655726,Moderate
5.479377926316834,0.6975970877418338,6.198259396220424,2.577525248405681,9.157244816858109,2.6148952746839993,Low
6.189580142666022,0.37497978411073607,5.732931492523073,0.5326633376456473,10.174950659321112,2.8838348499896176,High
6.603815707915886,3.2133642879579205,6.336388535685455,1.9080138864498877,6.257750229315892,3.0618036415203824,Moderate
6.205747710679705,0.6960727946741918,6.257076891519826,2.275772903178698,9.035231026269438,2.8075617326021427,Moderate
6.249279809851449,3.075709236489431,5.715704221728206,2.034675123224498,6.716772741964936,3.0042944510260337,High
9.273625415166709,0.6868844042266781,5.246940060219221,3.0011711184442924,5.585214201093233,3.5283610922893605,High
9.106298809236378,0.6224829051183156,7.760267330575617,3.0872022846026588,3.132648114477128,3.0146439840883326,High
5.8829931152204065,2.266346443223147,6.4262562745223715,2.782349217131315,6.5241690040502105,2.8756437326420015,Low
6.573640679039726,3.2498803279447466,5.299586026616916,2.599033874510029,6.510861879278421,2.865881314221922,High
7.376361822100767,2.7577848137022527,7.975487247485497,3.856039003320556,2.3485009770544965,3.1880417669817502,Moderate
6.676658051266807,2.2435905030562164,9.331808221186918,5.858393350692713,0.0,3.071576001783046,Moderate
9.725404772776063,1.5725661210990494,6.352241390240933,2.7839089719030543,4.269769026300985,3.390009097377985,High
7.458358354891153,3.5094385468906686,6.836110248986984,5.3236429710992486,1.6978618753184105,3.396783344907747,Moderate
6.535720038540913,1.3139917690160414,7.3979528330787625,4.719354501278382,3.716972816304106,2.983152390252317,Moderate
9.679413808213331,0.7382806451815579,7.940435518152289,3.364962322696203,2.8655658385205087,3.4153385000308343,High
7.460230715473532,2.4435832048312016,5.950611255233203,3.027268359347235,4.8536568188605544,3.401924341432604,Moderate
5.48693365498923,2.0818936760562616,6.0303176916965375,1.450574693464633,8.383104820783148,2.562749931820112,High
6.412257790367834,0.6761828940388118,8.851914470574037,1.842465342026516,6.7335741382586916,2.683219903793484,Moderate
6.950126763427406,3.225368303848818,6.787908923537785,0.39548691341891645,7.351622405017462,3.0404573578562157,Moderate
7.5906987395310015,3.0930039544502343,9.11998272099121,0.790131903798279,2.591188277911032,2.985086232131933,Moderate
6.05199022745844,3.503727946163,5.988875071053882,1.7735401527736347,6.311242378521858,3.0507157611639992,High
4.90865970781108,3.304042800315454,8.974907997448781,3.6652638312520107,2.7643654178989725,2.5607814093632215,Low
7.220075041447954,1.2953156503993242,5.361088653890431,2.6287651653844875,7.159766597019252,3.197667087233535,High
9.275626050160033,0.0,6.454026082263619,1.3067274948148528,6.574333596677404,3.5109387955972724,High
7.250704158608454,1.7270117329713068,8.755537684156948,0.9539456369866329,5.039082637560181,3.072982614666981,Moderate
7.241584738070856,1.563600666121639,7.9554232856701645,5.870065823748084,1.021764354146899,2.971091606869683,Moderate
9.028673146884172,0.7443986204402641,5.180694120613655,1.155829488508641,7.897106186572167,3.6673907495642926,High
6.865591554506196,1.9824261116842838,8.147825995358863,5.5092043573354745,1.8742301635208396,3.1279272842105326,Moderate
5.220747669745577,0.21940774425106813,7.814560158481755,2.8346268047845538,8.625036752810939,3.554284358265023,Low
9.118836621062748,0.474709582979681,5.124008899807989,2.420422665678413,6.315378318568788,3.2882114614048876,High
7.8163382952474345,1.0955309749964508,5.7757022211615565,2.520954438157832,6.692325959397791,3.306572404291693,High
9.069264360164016,1.5908330039540304,9.002624343412583,0.4448025505966452,4.35315759320726,3.190087978126867,High
8.309614945338158,2.3024608125767645,9.748099574025701,1.6674370670132168,2.0016779288647113,3.3977139882381064,High
5.278264175112089,0.2646539538165039,8.922183440620314,3.1418972966021723,6.220179061293445,2.6040959524237968,Low
6.694447733698262,0.2019248287795734,9.779749333706082,4.048297937271907,3.390473828200783,3.178545013403508,High
10.073131491966071,1.1899628583328838,7.934593270958681,3.363895458573534,1.880967682397755,3.6345835432282887,High
9.59433233479987,3.618396995117641,8.648196065163809,0.29857067565408907,1.4699037861910165,3.349793381418384,High
6.454511031515798,3.925814012237571,5.236825374392458,4.152262960091869,4.228723949331507,3.181695462999683,High
10.088954463225111,1.1326932191190664,7.044063029268205,0.46743034594200333,5.652633024868389,3.7692117222870376,High
7.084475556819643,0.9549853931109746,6.638313421189153,4.985903597950228,4.309294767840084,3.2038846109619525,Moderate
5.233321772094943,0.6043637588813842,5.743099633855256,3.619433069000103,8.749633650952324,2.7555373729490746,High
5.6704457245654565,3.907296896075462,7.326900484634174,3.1603754754548854,4.10015229643243,2.799135239348963,Low
8.018237579034572,2.8998741428053143,8.83587738608203,2.3868087857915685,1.7962190790498893,2.872521317516356,High
9.667794597631332,3.002527048859396,8.717758208787481,0.0,2.125033806139301,3.249237164369825,High
6.848447165197107,3.4787573803953653,9.480825332066583,3.524484510635609,0.487362465951696,3.4376977383890583,Moderate
6.566210780031927,2.8624051868765603,6.734302844403214,0.8690434886185776,7.026155306236701,2.920795372340291,Moderate
7.308866262667912,3.099202826457622,5.449925190343453,4.22249165368922,3.4593930816528364,2.8172738255282175,High
7.587924687096181,1.10938183346791,7.814107899500897,1.809921513219067,5.847784062344274,2.9151007769373174,Moderate
5.943130682007772,0.4269904551539828,7.715816676415649,5.3979559630536675,4.85656773643769,3.237690135252232,Low
6.810120149163796,2.890421309997298,8.363888687598605,5.771683448613572,0.6497161299374279,2.99830008001076,Moderate
8.410884726167087,3.612366461072874,6.911352405225808,1.7101657982319733,3.550928430007694,3.527239115167738,High
4.869167472446069,3.2050083582110926,8.843438063469879,0.6286246429319775,6.194068910666841,2.4886039932575845,Low
5.658163753946336,3.8256893390574658,5.783544663010014,0.6720162971441676,8.192962392974067,3.311931328012551,Low
8.072907285811128,2.996601155753565,5.2534080547058695,4.322839710531199,3.7942745771207878,2.9989668686370026,High
5.834303178127693,2.2479916091879057,6.799108921252097,5.562072334431983,3.4720294784265744,2.95935695996388,Low
9.170521198776864,3.7692894417003977,6.395371429798575,4.6896898004431105,0.10461074780977674,2.943116294592902,High
5.083606210557283,0.08168965297313521,8.403192621843596,2.7375517523685486,7.272751879410821,2.601184768214166,Low
6.162972770965343,2.5652905456518496,6.394282701308979,3.4811054088919127,5.549738735985478,3.1535796339383184,Moderate
8.94547550974486,1.7983413387066192,6.64895878091161,2.3466360704620053,3.8293869496273727,3.2901718714127366,High
9.070167449068249,1.4463924610852181,6.135471966344017,0.4633086127453811,7.292577922002119,3.032998211266872,High
9.221014586540853,0.9094574017851101,6.991702617705977,4.730907508200759,2.0622904037672742,2.8365646719114133,High
9.124022423980282,1.6527754073419947,6.9439785420373,1.7450890635583716,4.203333867891814,3.4315909497452806,Low
7.668524764985783,0.16508569575679904,7.427027324154342,2.537994487865137,6.325025286033789,3.2554254228934605,Moderate
5.891272360191938,2.7172983197101845,10.031663074033144,3.3660792810273263,2.662909572093551,2.7984741631917167,Low
6.957329527465977,0.6002447482928097,7.993194317595976,5.53854309065,2.9453739041182576,3.115795193750527,Moderate
8.167433051644544,0.46253599469513684,6.64293290037795,3.199654018195272,5.497331383237858,3.4485363484520155,High
9.005279209763208,2.3758015422124914,6.931104083045796,1.3049073166715386,4.281104866459881,3.30784988415087,High
5.359424238561858,1.3775904151734308,7.1862454358823245,4.130124595575177,5.937155912993626,2.7632345651162695,High
7.228905326476608,0.8535430690589183,5.535858197643138,4.9655022999312335,5.713828655960223,3.0884158333484284,High
5.236323118788926,1.794417583243276,5.6869119464387365,5.343740176213534,6.282698771002166,2.4503099361358576,High
7.686166319575743,2.892145218889683,9.716213142009664,0.9345434912840657,2.647771915956674,3.183559134886229,Moderate
9.600052030565818,3.5275615931975413,9.425805311706,0.7355507081710437,0.6217596945459344,3.166755749144936,High
8.668070898589846,2.1968837128663576,8.267937976468902,1.7764229519281474,2.419175676556786,3.617786826167707,High
8.50727493091209,3.3991126128697555,5.873138929312298,4.9661513089836955,0.9217469024476911,3.5602489075614656,High
7.159201513201585,1.8487801319490558,9.891044400989632,1.3012351790848475,4.007492962307059,3.128837788290448,Moderate
9.22615252406755,1.9961095957511137,7.257310170463098,1.6685520124335755,3.741007018706917,3.025079259909454,High
5.264341832767121,1.1755368106809363,5.059739492312057,5.745273497586376,7.108366083629134,2.9119676666555288,High
9.773868561749742,1.5363971403734042,8.68443323417846,1.1300144229929812,2.4922570742029686,3.7540099587806774,High
9.696892336374262,1.6183422090391029,8.929698605792913,1.0415022888179284,2.7008186531969818,3.5633603583603604,Moderate
9.861469817589846,0.23655167356950504,7.986951326067539,3.9573040952285643,2.0708301661884954,3.323679586986853,High
9.644673152381564,0.528876132126771,8.177879770745294,1.0525672046698804,4.0989521629831325,3.5068359433340395,High
6.56029791492781,2.3244522323727046,6.986021574857093,1.0588129982431733,7.0687929030115235,2.960991568340905,Moderate
8.859504694211072,3.723333461553378,5.666492740003835,2.356486607378399,4.005375684581693,3.095340660093265,High
5.612203523324593,0.0015566287558979458,8.474456686338346,3.3086925788090253,6.2824843702258075,2.723327734617563,Low
5.239476040163152,3.051721255371845,10.037797260873267,0.6278272542439256,5.33294473699464,2.6567740545096235,Low
6.195781192578022,3.339832214511935,9.888757369315064,1.8409778615033057,2.8317351618532753,2.542472596725857,Moderate
5.174033664800535,2.340782558068914,5.310677610113634,5.081716566877905,6.80642827146049,3.048259581754992,High
6.736498535327036,0.13955886458043623,7.720580544640952,2.4373991704035736,6.673988835297587,3.0018969048023982,Low
6.425137651028143,2.6762980099226,6.49839116494708,5.0748504075125584,2.9101539654535853,3.04172371389862,Moderate
6.8166840951362495,1.986765419308272,5.329365111546514,2.806737704691588,6.591680086080929,3.0850477879142666,High
5.98857004462454,0.8271201956630554,9.30698686514199,5.6811321959696315,1.9774622230373111,2.94702495762769,Moderate
5.456004944445398,1.686899202258446,6.70825365785248,5.054266120212166,5.544158371896263,2.1714102444625576,Low
6.690490050286655,1.4965092696369464,7.866822875202635,0.7739781064484113,6.772411843223381,2.9127317484294903,Moderate
7.941682786523307,3.2459506513006655,8.77895246375008,0.7368059496056776,3.4816236109454017,3.1044326534250954,Moderate
6.597851343668593,1.3455093224537373,8.580364104713178,0.40141142311986133,7.265652316832862,2.8628470401247164,Moderate
5.047968104775733,1.5852704979271441,8.496607142951305,1.000956819734629,7.044009118558802,2.5290153381081377,Low
9.515989772677086,3.6645271112761635,6.628843371137548,1.24354387747967,3.068825164347009,3.599096736549522,High
7.066241969697256,0.9393363961450663,8.251718263763216,5.236864748612296,2.532062249487954,3.244726528741851,Moderate
6.973753082806143,0.595331146246981,8.691405174959788,2.3466329733874356,5.4228848526348,3.1295135726136776,Moderate
8.502001728043993,0.9893516295792565,5.298528221074509,5.896350276555534,2.863128785062538,3.432725399958719,High
9.245627083796409,1.2345597388928595,7.187352528779417,3.786986175468215,2.6267599319768213,3.6858140281943923,High
7.227120387686064,1.6974909922506898,6.793417978653088,3.1999908726032222,5.332363156027055,2.972457243402782,Moderate
9.733678381165864,2.5571751406154415,9.026306500018155,1.3720827214214253,0.8856775133425552,3.570304687403883,High
8.798795306630444,0.18837250899339186,9.193945521057946,0.1427277229441237,5.611063672315383,3.1429474459070152,High
8.751336337753866,1.0045524420318752,9.239134721456121,0.6084293852610769,4.503947890579857,3.2205868241118383,High
5.716268342739122,3.8595486910762777,8.242534111366979,5.148828988350688,1.2190440005040137,3.11713500179106,Low
7.982820514405875,2.3620138097236136,8.57261945191549,3.074707133136085,2.1337728770545574,2.969518077084651,Moderate
6.996969106226196,1.2851524266831316,8.822329225859647,1.6478955023169122,5.167240022689483,2.836271650367025,Moderate
8.288805095544944,3.057713178558401,6.121102762761447,0.08427832061180596,6.358123903750113,3.344816218472375,High
5.775906463443158,2.4258800216660172,9.445498731154014,0.08583932795225205,6.690104992739702,2.687790909627979,Low
7.514245599320619,3.771213370166951,6.701523418738671,3.1297798206688583,3.31809863735541,3.367325359146816,Moderate
5.044564007821665,0.32018044193226486,6.223322177488092,0.19457236369745567,12.042899869611697,2.5638866223299743,Low
7.9550112259064445,0.7594503351794843,6.6349200950607345,3.8785677850691433,5.210619901417802,3.5784590763848207,Moderate
9.64776809545385,0.22198515767436477,9.318594322997862,2.4839625374147314,2.086023927307045,3.4631360052156563,High
5.2179018649668985,0.45868447989253447,7.986496376754649,2.184268826593093,8.840764343876105,3.3867129795714925,Low
9.903322471948352,1.5991083221751214,5.502279055980759,4.277726993435264,3.1267314547401566,3.529419805785718,High
8.44058261848769,3.588761641427978,8.84074528118031,2.279772852148577,0.8706048850506007,2.887856415344941,High
8.461954698683344,3.9215309745973617,6.6002804738271035,0.0,4.982893040128307,3.064420368085026,Low
8.158588170189164,2.4376683189972597,8.172671989330334,0.08149415108032629,5.158108710943981,3.0984695432926315,High
8.558179599198228,1.0319531306264453,8.315677368654569,3.1844868211750237,2.7436192747541375,3.154410971427713,High
5.480426652760002,3.486624816899867,9.52954324756366,3.605982275438532,2.7356060739564336,2.7717697415969447,Low
5.4273712709021815,1.5708615928236132,8.590258788869722,4.811391263782581,3.18569304482567,2.616026015185248,Low
6.502199884895203,0.3649218251179198,7.506784985553638,4.992031155338397,4.695798560003719,3.2287813907396417,Moderate
9.858036796098387,2.3392964121230753,7.6510447561620465,0.7569903571469404,3.7362737489140425,3.0992712303439016,High
7.954741416423727,1.6160176050296589,6.236744839105905,0.3431383023467783,7.270756812882723,3.365634094623507,Moderate
6.848515276562648,0.4202952291264061,5.943235282456737,5.646926057691085,5.317847201181856,3.256554295473477,High
9.423701049924212,3.861351038987447,7.8565711200514095,2.283948618027836,0.7134175424853598,2.912277762869815,High
6.499981286367411,1.2959760887136769,6.993710569293726,4.083963496209811,5.60639031307878,2.754586024087656,Moderate
5.715053571847122,2.507705593610755,5.578132178208948,3.5286744063764144,6.5942861464816005,3.0499449984452847,High
8.61122022799753,2.684748819993591,9.044704839322234,3.5143690218014156,0.49531742000624995,3.602946123663151,High
8.205375312179692,0.5284556767877806,5.163444473818007,1.4874538555159849,8.504136577455604,3.205734147899692,High
7.4465958174470455,2.6443860040769436,9.041935274573484,1.080415473677351,3.8037552364074645,3.0896847191597567,Moderate
8.054147826830997,2.345929429687235,5.27706648870628,0.2045689500754051,7.859267280435351,2.9787651821790395,High
5.604907436990667,2.23904467323056,7.902858427300268,1.3892771756162559,7.082182797546678,3.075469606342749,Low
5.161461532667674,2.1223594130790153,8.479747829011686,1.3828213553129236,7.2288530972846265,2.8425243955562705,Low
6.227047344778304,2.4680619907552543,9.623241887754046,4.8590782830117885,0.8527125845757623,3.3136296481150094,Moderate
6.665117960595522,2.745617135150489,7.527643401442386,1.20375547526493,6.374121645386475,3.1738893631366865,Moderate
8.420324357981997,2.300268856322091,6.855679001486426,5.198330406215442,1.008601962344058,3.0356148150286733,High
8.310188373914805,1.5046572057797156,8.934576491531583,2.4498285640239774,2.794608619603509,3.505695500625667,High
7.166240253141663,3.8324564812029576,6.0773713485171506,0.6158211669480322,6.385199120076563,3.142471599381921,Moderate
6.832370690434043,0.0,7.14744760204212,3.083108998074971,7.317573884733237,3.0514994982061596,Moderate
5.785736203902237,2.555587710907385,10.300710240887968,2.573363127793841,3.2776240011688063,2.650108439565065,Low
5.68677592712358,3.7752718977285236,7.049420732234556,2.72947592692755,5.372525532421579,2.5236326760578986,Low
8.517454788154456,1.8899337967775376,8.258730051434455,0.644804236458582,5.0892411880569,3.328243069737555,High
5.509183822494481,1.8129383478755272,8.122451727791422,3.437890487654163,4.441993739686022,2.8615707076352774,Low
6.923361897270924,1.5211204684756492,5.893442828027861,2.4201487396323382,7.678716862071604,3.176221007416079,High
5.932715890859503,0.0,7.67913447421975,3.4443025301312837,6.29324197203858,2.761938191012056,Moderate
9.343105966441614,2.1989761734279845,6.654279478933755,4.77014542770228,1.0945238130173536,3.3063658661396684,High
7.65010000517466,3.4879119582542106,7.060085115160806,1.7678386918668485,3.852794964292423,3.1288208476273445,Moderate
5.51254743048587,0.6916292794996586,7.237498363998757,3.5764661245420504,6.754682850507314,2.9403709819704167,Low
9.075731107533997,0.24992595691762792,7.081580526273576,3.5043301458299374,3.450282298421959,3.6725248979392573,High
9.207074633709881,3.2401963731100074,6.564982411957717,5.154509656705599,0.6691039893769353,3.4761883776482,High
7.759925143938533,3.6626573466796137,8.506398371881588,1.892943429010636,2.2582243444544563,2.701530880590407,Moderate
8.907731108598531,3.826850023917018,5.079848126932841,5.671004940198364,0.5051608470109217,3.206221823314465,High
7.03849591348834,2.3379289269323547,6.712005123329543,0.19212853741535935,7.387826077227213,2.9859875830996283,Moderate
7.857826247838172,3.5672605791315526,6.700553065951902,1.114598624031436,4.037342462747957,3.0302999581332437,Moderate
9.019440740612682,3.096273037929021,8.035733075144966,0.9978293887206804,2.4851553606353436,3.309650446394047,High
8.976808126085876,2.115142458345521,8.993142439478882,2.41446374679436,1.5277622824658903,3.4562189023238408,High
6.867755152853557,3.9218546134091765,7.9839203660261004,3.169276824783978,1.9859477007075368,3.395047220095483,Moderate
6.276422749948608,2.5580288843709056,7.502695186202111,1.1230852912537945,6.3204013095169405,2.9130141491020676,Moderate
8.777301621185746,2.1569391700337945,6.3922704239527315,3.989560743778076,2.8550506399468123,3.2282287646949417,High
5.5892612810721864,1.8438859283901274,5.971255085066279,0.9149093567649287,9.37398826617922,2.7083182502419034,High
5.179896732227935,1.7074005371269536,7.431896072299344,2.92916153419658,7.069515323769311,2.5443620182070283,Low
6.93908110745439,3.5526878073502357,5.624199458661633,3.0731601330416476,4.711350470475337,3.3509667226275335,High
9.85286245237478,2.2913142770641737,10.080546337929762,0.18657915232844277,2.726633475275347,3.83030004365219,High
5.474275773408402,0.22696915996415837,6.147968276359972,3.356525735237536,8.722277851551079,2.749466190303234,High
9.683233825744454,3.4680631177609222,6.536437009004958,0.043123758628051456,4.13567656810159,3.452522455645378,High
5.8003075772871675,0.4052367017042198,5.481633740469657,3.3404395011422174,9.199294925777409,2.684989881453985,High
9.825621140350998,2.7855471494588784,9.325718109813547,0.012526833843973129,1.2489395540275194,3.228870889606277,High
7.01813218109926,2.260027701040829,5.227335009099187,0.0384867160859621,9.745121714149201,3.253108204744892,High
6.945627878221924,2.01671291424731,7.156677898690839,0.12353922791107985,7.475977774902785,3.3441183155294216,Moderate
6.9371920357527825,0.6235997682837853,5.483772845401996,5.640781345507932,5.344941369988879,3.315176988523054,High
6.5670979734351524,1.3898416273718635,6.354034593072859,0.7373803446472382,8.962255282684856,3.096997904908945,Moderate
5.604727377709731,3.2826811215215312,8.187800535815834,3.2384064802861117,3.402621136150375,3.0835782802347707,Low
5.162778809533979,0.8989949186397524,6.861805763940209,4.851595321971982,6.224440335228021,2.762188733472165,Low
9.88413672421198,1.0932533462429332,9.491473582913079,3.032548918102367,0.5162901261393091,3.394418897704478,High
6.954878895545229,3.9062549910891966,5.7107302248265555,4.726196367088811,2.5632694498976036,2.836182445176356,High
6.834688933920347,2.958593351420183,7.042057292583774,3.4422724848812374,4.115089407246823,3.0746561151821914,Moderate
9.538574866103474,0.040821498287790664,8.453451063554265,0.941432021312614,5.268119710832535,3.522582902723027,High
7.077113258185026,2.2618129066081347,6.988814807942207,3.1378996950456575,4.783181518011641,2.869019752488667,Moderate
5.971531955401207,0.44538590345686396,9.701868821980106,5.270147589600636,2.5971575461249814,3.1615305737268615,Low
9.546018983454285,3.9238695926422773,6.007873600847827,1.587016202910578,3.2455783808512635,3.436706467619248,High
6.973861002278257,1.2968725792945357,8.052744203956237,3.7449082081113994,3.9741778988712784,3.4399999212911174,High
5.947442326545439,1.8989459150874515,7.848573264605752,3.284135422753464,5.436210621516181,3.0384660225387985,Low
5.058984861529882,1.3355539363414228,8.775397604406272,3.5921456115648978,5.036597861579361,2.574707964797629,Low
6.277722458291232,2.6929040057894325,7.933153726342335,4.6618567056768985,2.143040277406335,3.0490288739267415,Moderate
7.296959087931174,0.5161385875175357,6.393075683226436,2.7607752193912494,6.864850121699743,3.394136954175609,Moderate
7.844438383555005,1.682268494946051,6.73849720044596,0.021457667507637824,7.413759764235654,2.8711822995868,Moderate
8.542971206433263,0.0019587718318021113,7.77183695132537,5.757793448546838,1.7802090109398017,3.2419348002649384,High
6.002336547039044,1.8028744437981148,5.564559099818339,3.988813516561262,6.892380595536437,2.495342486332593,High
7.89795553381868,3.417086767986658,6.056294112459475,0.019728090559659878,6.778871012521323,3.3824190276486994,Moderate
9.594420057088351,2.293713221768905,9.43599828525883,1.706370951397622,1.1180306261406852,3.3367945755508286,High
8.582389423506466,3.612295809340525,7.989862469267875,0.8639396862077623,3.130865847314399,3.569162441312841,High
6.423800872170493,0.9160463184676104,6.097401801517615,1.8300242014750492,9.148266789820799,3.3090718437257856,Moderate
7.218744132236812,2.5132651666672596,5.310999867109717,0.42774685061181517,8.386773255217866,3.3015115912515,High
5.807784161525061,1.972539000192583,6.1889989917248815,1.7151803769652612,8.639883180999204,3.137151911498377,Low
4.961128208967292,2.5728982763244623,8.30133390981912,4.7179019111929765,2.8521161207601855,2.644911109855984,Low
9.617696604838985,0.15179802438718681,5.824117962841,5.624228794678143,3.083507312170704,3.92740749534218,High
8.102336364138093,2.850648474088524,9.796886253758888,3.267747361481975,0.0,3.004793608050758,High
8.775036109734874,1.119325530718324,9.305996165161424,0.41772312910718584,5.033483766684519,3.3294852048558314,High
6.383358877050983,1.0090354152675078,5.623415436939373,5.369089727592386,5.941390814948975,2.9618345431481785,High
7.507035188968049,2.690026181986453,5.923641204036419,4.924133254459088,3.3071694833863767,2.9729467492001236,Moderate
7.238976451800017,0.7154032929095759,9.92263890956643,3.84481928726657,2.4128048112735363,3.2934848680149686,Moderate
9.279709811818043,1.1721917249845353,8.705883347369113,3.1146588528028953,0.8960917616576806,3.265209141290077,High
8.252027562148575,2.7537067673641196,8.119715484412676,0.8157646404541735,4.291746654673198,3.194755694157683,High
7.537564785530622,1.0350128709399364,7.231039805066861,4.1342440496500075,4.472957016240104,2.927960420725965,Moderate
6.833421429157861,1.16293053848137,5.924315026630191,4.607796180839962,4.93551871113474,3.175441392280648,Moderate
9.53823033522064,1.45701435749917,8.490630612999288,3.6646506817281432,0.5756242123292001,3.3338503940376873,High
9.734087418062334,1.4244717128264375,6.762524106739492,0.5508921339403698,5.431969834990044,3.5290442479450115,High
7.642361086845024,0.24921193254011656,6.254998958332228,1.8841608819293534,8.154615564002928,3.197081667724117,Moderate
6.361815842267621,3.2812569129283267,9.133577600262168,3.463112039729074,1.1749287950909304,3.0451439271521905,Moderate
5.607129177431941,2.9015731709862385,9.469010332587949,4.118370092608684,1.3713369148019594,2.920538945315462,Low
8.276456201799986,1.9005920925713957,5.518584878851519,2.008083036994719,6.528594530791231,2.7735019312351152,High
8.883945307603245,3.5960535655025687,5.693024500792587,5.73941577515761,0.1069705686826567,3.5680633202614622,High
8.754706092763675,3.281967888369947,9.593743194054488,0.7510862830164088,1.7204673554513081,3.045827032277754,High
9.16917415241224,0.3797401608281566,8.460012977811447,3.9399510626447003,1.6901573713553704,3.173390479418445,High
9.422571649015339,0.5874406005323417,5.439128072519243,4.495252642644909,4.230188659126657,3.513034577207086,High
7.3218789872062535,3.410806648609899,6.703728646682206,0.9018678163848981,5.895227713840306,3.1337997558824116,Moderate
5.862887817546541,2.831115152675177,7.611896835630963,3.534283507503452,4.189424186719985,3.171715223268023,Low
6.99719257137897,3.252207501262062,8.973295713239763,2.90344545439413,1.3026241637080649,3.348709574026852,Moderate
6.908350944322405,3.474595442355297,8.734651203077558,0.45867548049409207,4.612906619431183,3.2264107595993066,Moderate
6.979527994167288,3.4766212717333365,5.135909732343031,5.731785024770186,2.484103111428257,3.2812238332584127,High
6.5794756797022425,0.9459884637702045,9.646129469556067,1.647888343812897,4.831668222675639,3.279227869444144,Moderate
8.955100132247622,1.4851362494996714,5.707069344173073,0.39398365325314977,7.739181268287741,3.3906321570343776,High
6.843400462852682,1.624645221122071,6.917863222150024,2.929192638193902,6.34735334757754,3.052750452132513,Moderate
7.279093931500578,3.5161597804781533,7.518183864952754,2.8464292091685723,2.787049267222306,2.987840719693078,Moderate
8.182218938747093,2.4244205705738873,7.122774324502292,2.42169888083526,3.5944567008653974,3.2062331068288796,High
9.002275059315084,0.9070276731309354,9.188375375274237,3.364623937134201,1.9969766298166833,3.090867985565289,High
6.272559069284758,3.035076632214301,7.589625788793797,2.089576733694856,5.140226988022147,2.47804469699204,Moderate
8.203477812127957,3.9084211595656027,7.070250773315367,4.125320046273769,0.8101650935758151,3.0842081827451753,Moderate
5.93470965719892,1.6718330758421214,6.109489520505291,0.0,10.287498365486453,2.861656649972418,Moderate
9.77190363009452,3.3187817926105443,8.974468725695067,0.2667088721142546,1.6498744883215026,3.5217509443983244,High
7.187941875163043,0.592533354692367,7.620469228312629,1.741179220550653,6.667510557999904,3.102729438155255,Moderate
6.898286567775352,2.6243382069086363,8.677059579165425,0.529712324684273,5.305763863265575,3.3071840730785818,Moderate
6.691416823709183,1.8777860253837442,8.231579331615725,3.149903048290975,3.94346289758163,2.9031831820042546,Moderate
9.083776314083536,3.561889065611458,4.860869609205338,4.657050493055374,1.605031743753959,3.534755287914557,High
7.468060320652769,4.178933733242429,8.991351451765109,1.192212347497874,2.450942257306991,3.1573836523445555,Moderate
7.796590894457836,3.9704269586428573,9.375836328931074,0.2791575299854872,2.8766939015959307,2.904301041070129,Moderate
4.859873422482325,1.6475587520929718,6.281001541787855,4.715165853698025,6.221578912020357,3.036095720557986,Low
6.700764242463956,3.2712879557974905,5.034193538616424,1.6393839706538045,7.136711801730847,2.855467765365712,High
5.562335580697628,0.8223164982062049,7.893536953930284,2.0413881104821634,8.53546504364738,2.6360041264353185,Low
7.058065265138368,1.5179174051784767,9.330855365456186,5.3382913597159645,0.5041774999645253,2.590349987424954,Moderate
5.427416789691484,3.852171926440094,5.112307847050671,1.6616125072172747,7.714580023433624,2.8077089983005625,High
6.666094953708346,1.1011718354511557,5.605801774506884,4.529877854415988,5.448116207301793,3.032040827973089,High
6.148406781630307,0.2589293023987938,9.569919807144254,1.0865764855465354,7.306367127173105,2.692161247726849,Low
9.061409834236223,2.052854957757034,5.468327043960623,5.584760877100244,1.9757930604697218,3.5463808527401266,High
5.683074862013429,3.4971969468842428,5.166715941691929,3.1381373599206372,6.7138384214502045,2.7887545620313245,High
8.565319140593555,3.7773271517234077,9.329211473481491,1.6906917551634841,0.6548065684208928,3.2397012975977266,Moderate
6.224679412675405,1.110127131564313,6.858817669749727,2.4627227384356827,7.660759616218717,2.9457434484136003,Moderate
7.568661369040846,0.614825805056036,8.3514263859997,1.0008446558486723,6.373832810319669,3.2060765192568854,Moderate
9.008163398279867,3.2270035606467546,8.310502724200921,0.7551882641288359,2.891300872498352,2.9060290308913097,High
7.842269746292918,0.34066172149985735,7.03449695205167,2.5870443613102263,6.633487112726717,3.0950929155683427,Moderate
5.996966059916691,1.5382153927413136,9.486016888619085,0.7355211252278253,5.686907225833513,2.868666818093105,Low
8.822976162857918,0.38288407656904466,9.973757705964369,1.8015596470679451,2.963773891288353,3.19671558251277,High
8.158295030445725,0.7684469422731646,5.873260838728943,5.685310569888286,3.534434408287607,3.4974160292747403,High
9.533509876638236,3.4586411787089126,8.03316956662265,2.1893137925809594,0.3131142355984196,3.404195081056738,High
6.750057604905294,2.7216099161975746,6.472507781621303,0.6467707372822207,7.8024286352399965,2.8996733418053355,Moderate
7.975194607746488,3.2969892902008566,6.803784345643335,0.9269407932975225,4.826118390758136,3.123055043607526,Moderate
6.407627851861989,2.664389252184325,8.147532752562903,4.114427811392391,2.6032945400007947,2.7901762261221013,Moderate
6.790231579273896,3.2925895350163166,5.79615820717613,2.765831604600091,5.252239027368932,2.8861222846800154,Low
5.57251427548536,3.5456501667103897,6.57716123683391,4.216866529823761,4.842465793128014,2.939963899302116,Low
5.119062078603481,2.6026536772351747,6.674478691210842,0.07430084914641447,9.049451179479563,2.504833154497826,Low
6.974983861545002,0.36777176010894513,5.515936257986469,1.7925465141300454,9.345580244548344,3.1788725463495955,High
5.200832308525055,3.723626668878882,4.977604931215293,2.816005464032328,6.87758720660334,2.7212753593617713,High
9.567220468721315,0.5234918878637463,9.84101127622614,0.9862442246781602,3.59234746691439,3.2754054106647317,High
8.873324371942282,2.2543505181771697,9.515471554526915,2.0939486811713777,2.0188636162041567,3.0289608709866305,High
5.7483977143318326,3.8441171141430006,6.5975700958623795,2.4278570641740784,5.353172770890233,2.985486239944611,Low
8.851762102760537,1.3809851431642477,9.860651462177774,3.1786694372978332,0.895548939236604,3.5015337437774896,High
5.404848194193035,1.0777984929984437,7.061287905992194,1.3221329328560725,9.146933425837318,2.7781648481841854,Low
8.602709840252047,3.639646456039755,7.095964184974496,1.5855080260799173,3.141163761894891,3.2918526767405782,High
7.511398219709664,1.5421434247692483,9.601434164214261,3.1417208086436097,2.5192276904003927,3.211518955818684,Moderate
8.601629477016694,3.349968030719412,6.7047488954951335,2.379492737632021,3.0392419323542867,3.239754425733151,High
8.733626351950543,3.783714751621056,8.015193933243063,2.230208314616743,1.1000528876567683,3.5322193589193187,High
9.11659043158635,3.485432899894352,7.100132440164659,0.35367672669725536,4.485197454677417,3.6969792658376255,High
7.466407105164921,3.034426625006497,7.073911906703594,3.8580955192635717,2.4081665637598113,2.937167126536797,Moderate
5.879430253355753,2.893519528897565,7.543499708301392,1.2860474262160113,6.213232357346307,3.0825732479500543,Low
7.2430408371924395,0.8110509622493701,9.811972392260099,4.265256789528818,1.7928793808408168,2.9093804751762513,Moderate
9.871802439351038,1.7192933739419791,7.296374892459834,4.348441172028682,0.3034498765915331,3.86119502045287,High
6.226809147137351,1.739734755415786,5.569117164131742,1.1827402314572455,8.789020274799716,2.9678318286006813,High
5.138737049974095,0.12102993986019348,9.78004087657184,1.379536180233161,7.531192354172992,2.899648160270754,Low
7.754787623081511,0.6155112505047867,8.761021097508817,3.628088098819444,3.8103611350296784,3.272951426991863,Moderate
8.752306420730255,2.957533535465065,9.704591724079172,1.212047987056478,1.1829797016082542,3.5335173453388466,High
5.020522606540888,3.5777625526473713,5.579873220419906,1.9073123781937056,7.159420762881645,2.556474085461061,High
8.952721424037275,2.3346851372648203,7.110777935672497,2.6942166814168664,2.3276786103761458,3.2451406446104167,High
9.29662319003236,0.370258896811367,8.766178491824128,4.560627309827744,1.1983084680971645,3.5791009788679484,High
5.949708423260819,1.574682374404135,5.7044402308829145,4.399456641363066,6.670380686797879,3.331942944945739,High
5.988356438707426,0.8180429140586477,5.055962961695531,1.9231149250928286,10.006866812133346,3.052182399458453,Moderate
8.077560044335856,3.239122511492875,8.476890427311792,2.0678198199921507,2.267040247339996,3.1729648717747385,Moderate
6.308856168870997,0.1425076741271688,8.583262934402544,0.8224361142586138,8.016801456240803,3.110861756629898,Low
6.5650619954131875,2.177363204659005,7.9525419405626625,3.1355520152573657,3.8070153024484394,2.8608648761906603,Moderate
7.9296704384051475,3.851063570384859,8.463271471005566,2.946813348868035,0.049208935461308445,3.009660380911196,High
8.869773538455037,2.3419806728990546,6.086436051689991,3.6733627475536172,2.63599394871038,3.599112734269279,High
7.411977580775793,2.1115748363203273,6.739857605114057,3.03277471860724,4.893212548818976,3.458631861486889,Moderate
5.986830483733116,3.123745252194696,5.81486877491208,0.6861739203948518,8.142474840761874,3.244958414996176,High
7.336866197224944,0.976433088821911,7.8651095453612365,1.9734495061700525,5.361514753789533,2.8585681875672604,Moderate
9.811440546277463,3.7973542291771403,7.613943744835239,0.8662365688575142,2.0443202355435135,3.0289250825880196,High
9.611078073587112,0.06232681651658658,7.928524973543013,4.408453363049832,2.2140262775430446,3.3725664019679606,High
7.765660962313639,0.2849786519504454,10.021814074411413,2.9705004130704107,3.3170137272666578,2.889294555317722,Moderate
7.516456132021758,1.6521061392850087,5.492650893930604,0.323648255302992,8.908025034316903,3.2099028235852396,High
9.351659356493595,1.0622813901036008,5.955831222565982,2.846431404503791,4.9013774691844985,3.1818994889248264,High
5.269098125331933,0.12096928610910847,9.211804418806965,0.6013343385168498,8.87773183106858,2.887357336381926,Low
5.036578675431077,1.7080772628417003,9.298888765807789,1.6887206447018857,6.655618759391471,2.684251350848301,High
7.352798735687526,2.388256269489972,7.933918528828143,1.9973082259559107,5.232522790571333,3.090613779823531,Moderate
6.8362971149395735,0.2683499482640076,6.825275995160585,0.6500695163607414,9.784609854596686,3.308509732387165,Moderate
6.312319100560881,2.376508173016277,7.303306428397053,2.679565680358073,5.133245143417967,3.157287895908308,Moderate
8.784891364682569,1.2773064667684264,6.560009663484119,5.452579781397753,1.8745892447071095,3.3202123619327595,High
9.644603641986889,2.480943826422585,7.867812214649339,1.3129560957254098,2.7545003731974047,3.3491140941319535,High
6.363176596001379,3.4272879366327142,7.844405288427141,3.2117935516209726,2.89076455906187,3.0124501892110978,Moderate
7.880469081863909,0.18575682694647652,8.267512159942804,5.865863918057763,1.6560712215406785,3.2932113820114406,Moderate
7.894393950210476,0.3204319726772835,7.988305421754031,4.451554164754728,3.226653458229688,3.3750127885895154,Moderate
8.286916829868982,3.5829987854711627,8.268122183130071,0.34095940159309523,3.4785390049638254,3.181714130449212,High
6.52818034837264,0.8481417457557896,9.493988121011727,4.628386989064259,2.528465780620097,2.7660888055064694,Moderate
5.628345838562822,3.1213752363999125,7.41596127194584,1.1844840205398206,6.152268127689823,3.050455262245271,Low
8.084658854298826,0.11437397669506419,6.728141124860915,2.625491057463802,6.947496607229627,3.099611813537207,High
6.100376246812728,3.247407869140442,6.9111304280419565,3.3683222424291506,4.756855733369777,2.846920873822078,Moderate
5.049778734230123,0.0,7.208479643575579,4.83960473839585,6.663475515681178,2.8999277848709855,Moderate
6.9343338119157805,3.2116370434774835,6.106706389600381,5.849602195321732,2.5317855533120355,3.0313088143327462,High
8.593150568733765,3.773101321462128,8.526075330625636,1.2241926069579512,1.903403964274806,3.3016544380371906,High
6.498305222544543,2.8302835388843177,8.66179498553641,5.066004486512622,0.7958227094702202,3.0487489621206785,Moderate
6.2338729475350165,3.1467365655632666,8.768607996248331,0.695233500582731,5.985887166354869,2.571981250929086,Moderate
6.507066930690053,3.840417315426009,7.910901560260274,3.636890105453092,1.0190882539400024,2.816723776021922,Low
10.007509096578588,1.7577790108162394,8.833892367031048,1.4548991743126893,1.995080019785994,3.4451880298232767,High
9.52103961622704,0.8710582014750615,6.293600053515174,4.1815464872322785,2.672680987471404,3.4727712332827116,High
6.977273795680352,2.351985836262499,7.057447401231135,4.620540966133597,2.6715500209348564,2.9616298941095827,Low
5.818190205427216,1.3957318774162102,7.036332554444542,0.028436985926563407,9.42832971954313,2.4681666806735274,Low
8.025250973840707,3.402851381811098,5.840697455144752,3.6802415387178504,3.054629774246565,2.9413372821421535,High
8.489972065356469,1.6352911271938455,7.4268834657824,0.0,6.2368708166185485,3.6419680477879295,High
8.517161916923547,2.6926383175542514,5.434371195334101,2.281994921595523,5.40012750049954,3.2809932843191514,High
7.5088732100239834,3.6688388011340938,8.477694974203345,2.3147907016389637,2.0221035782117123,3.21687750069201,Moderate
8.957239205661377,3.59383246804213,7.413005391047948,1.9866359743272826,2.587309568583947,3.452463092533702,High
8.671189176602303,0.3549293214725958,9.1701628365426,3.08963049027015,2.9647535610293403,3.268962133590988,High
5.36202098268609,2.177288599616611,7.0009088031777065,5.677107385691087,3.8117668617434806,2.8944364655007715,Low
7.686621367192074,0.06291769899963148,9.953292091964622,3.0228490857231227,3.312468318354874,3.0770420737921973,Moderate
6.376392820611907,1.9418350245368705,9.440264137571003,1.820607741015141,4.400193271865412,2.920776679009626,Moderate
6.481126395961045,3.030860219559078,7.683674343410039,1.5125918349789949,5.548989284686966,2.895983005431184,Moderate
5.80448797025283,1.2527488057729423,9.46554253829876,2.035599392985025,5.162184040885212,2.87778307290517,Low
5.836042675163614,3.57777134645144,7.243495033918673,4.220963667280661,2.9583820664866107,2.9035495638501003,Low
10.021316833063246,0.1309272084672991,5.60547176876111,4.3873014484524395,3.712151657962444,3.2885990677864863,High
5.080247308724716,0.0,9.132873391308824,0.9282537797116865,9.16358344205482,2.674683370092025,Low
7.566573416639838,2.2531521925858513,7.141179354350778,0.40501654615448335,7.007475008161942,3.140840375503693,Moderate
7.182585339009819,2.18980301041648,7.600595540451128,2.2180395549241556,5.196811853503467,3.114596994262991,Moderate
9.255165134005143,3.528247232890348,6.68330699543522,2.6754356024794324,1.6774117392082726,2.7579753039876613,High
6.421294328102257,3.778152363255922,5.592989598334825,3.304832642636739,4.064119059858606,3.122445552899559,High
6.5408958720994645,0.9274179849826409,7.02141198263419,6.097648659229933,3.299143756472646,2.967318716305998,Moderate
5.284629110075061,0.7577397146202398,7.021089697052691,3.1663970715710583,7.919831926670991,2.6427604398090803,Low
6.592767347635011,1.1776818620389453,5.58399211726767,1.5437973655633144,9.294353448223006,3.0870014806001604,High
9.431096698793537,0.0,8.992390716957507,4.90812655955807,0.3638885249807081,3.0104041302217186,High
5.35397848421634,0.5952095038864232,9.801530365631066,3.244952068478821,4.826132174712425,3.2190139699057223,Moderate
8.33419227955739,3.8112835642282694,6.4624101946961705,2.698538418455728,2.101018757003422,3.204075346251662,High
7.905348765016568,1.9369493008500192,5.719797339996299,5.691609887622312,3.087315695311346,3.1553066154389966,Low
7.853917559784582,0.8461849891947631,7.729434888465998,4.368931185104399,3.088660088923185,3.4676934531169556,Moderate
7.601363290639491,4.078202682179505,8.409964390363193,1.8590911041262252,2.709827655415792,3.013265641157508,Moderate
6.774542946964725,1.3876072306571374,7.501951398284467,4.582432489924336,3.895213604579889,3.0943047009426197,Moderate
7.462783795365878,3.2626075518078035,8.097084062018045,2.0045840977187024,3.4633281507457614,2.956260519029289,Moderate
6.270318927563021,2.12999666182292,6.254409509630911,0.1299664116525507,9.551656476452964,3.026824162418409,Moderate
8.149452923373666,1.8937589975697415,7.030907972159877,5.8942228262134115,0.4215696890832862,3.4515260840617126,High
5.903154426078189,2.2832729898628683,9.275497875185119,3.545050604216239,3.00921304458458,2.9075035027880642,Low
8.743478205981159,1.6993800457257355,5.401642231380999,2.576928246822361,5.57199541178193,3.4612233775402137,High
6.114799074779595,3.798510456579536,9.737077238090759,1.0082555255202679,3.4178885151665526,2.8820786413850423,Moderate
6.637585672097375,3.559828522468397,9.784814556249797,1.6567456861481407,1.662459420315323,3.052932660185126,Moderate
8.387442450474472,0.999099668898579,8.92401322849699,0.6056461984010739,5.3471223351754995,2.9025824247690957,High
5.006993301946841,1.442953489388165,6.789792407245118,2.0008166569752666,9.201927833504994,2.4271351857288948,Low
6.199648484851253,0.977179976130472,9.391641036975775,2.58382429003242,4.509440575893377,2.8712857217571246,Moderate
7.417630378197184,2.2484174521834697,10.12695163527902,1.330653292747207,3.760081793063879,3.3146973425616117,Moderate
8.091117098931244,0.6838338990179271,8.475606736012777,0.4463209669537687,7.558979677589667,3.4262178071275797,Moderate
8.017032651458116,3.07383804005711,6.282600489278861,5.064191088411083,1.7276611663034616,2.92841348088675,Moderate
5.842541141007712,3.806392223271616,5.585431876726946,1.5282565907649508,7.9225076191243184,2.8186580887724997,High
6.515951116452432,2.513086247431232,7.349755568962741,0.7112493876552761,6.184108471033656,2.82406728244243,Moderate
6.0510722423557,1.866209891019401,8.685877761220125,1.3211320135482965,6.550514530454508,2.7592626543512595,Moderate
6.737415906285845,1.468959855962542,9.894110773878218,5.345244661045203,0.0,2.872326328946776,Moderate
5.473152110081119,1.2564972472899154,6.047793427399437,2.8512134846535813,7.853490568508621,2.9133813207097954,Low
9.055407550452841,3.357887534824747,9.24275517512216,1.1486427152361725,1.6550189165138123,3.0925644775655927,High
5.1240021937866524,2.7679336338926537,5.1893294320994885,2.504412804073957,8.127413174391808,2.984330165541418,High
6.301405913270902,3.130143486771625,8.787310970433937,1.8337045450575509,3.7590963806497872,2.8858518562880437,Moderate
7.344856040794667,2.784275332868944,8.645306904033507,5.197355828397766,0.012024594059084917,3.2336488196852975,Moderate
6.01613522714974,2.5697655809084052,7.796644235724039,5.586854637330872,2.0028900920208295,3.0005418908675083,Moderate
8.029233621064817,1.1151143398203311,7.513804400194169,2.255226339764882,6.038216069754018,3.049957768201006,Low
7.977716604144948,3.5392278931367542,7.511993263600175,2.7623811585502045,2.3408210614603795,3.0664055290562238,Moderate
6.001472792288756,1.9512663464235969,6.724309857037677,1.214926712311492,8.52721622996506,2.9060233514521134,Moderate
7.761948942740353,1.264450738142314,6.208208769733437,2.6210453292020146,5.6802948023725985,3.220267214897178,Moderate
5.510011805455312,3.147922544336642,9.24624099896545,4.65881873515241,1.610402890224355,2.936782359797734,Low
5.812063264005012,2.6793634414329834,9.000013409847941,3.690822947671053,2.6366668978573093,2.7413696400400775,Low
7.372463898092202,0.25481970440412904,8.376048913693229,0.8363685165238077,7.79427694877832,3.5561735276629842,Moderate
7.130236445223051,1.0900454527305494,7.642830179926915,0.6957461110104214,6.999629242895056,3.274875265265974,Moderate
5.763230271014019,0.3010724355726638,5.745093919525876,5.104889452592425,6.759119061351341,3.0249303616754686,High
7.374950193712811,1.9784229789109573,5.405050624985505,3.950208236295521,5.034010792164843,3.181486665149611,High
7.941768256719854,0.38544977862336766,5.526679666219302,0.4586425567228447,9.749411445380163,3.226380218766367,High
6.299828392395822,0.46848330955623313,6.113405652305292,2.5489019717232813,8.510199979783023,3.000167813824224,Moderate
9.192702454598209,2.7552884015444032,5.609131464706656,3.9758297701106993,2.1733865013620393,3.501490897057946,High
6.3581925893873,2.434067733283524,6.769037495255157,6.157475931164959,2.473613330113764,2.7593606154967825,Moderate
9.587652513761045,0.148286795844902,8.650539198281217,3.991075370952516,1.408440052221994,3.2418470846794345,High
9.386544313899744,3.7891779226324673,9.689530225523605,0.29169848744565297,0.704671051180666,3.454924508715398,High
8.157419744229495,0.5306607520093913,8.150478080175104,5.7893725206329005,0.6504350328787001,3.4341393150239563,High
9.537037492535678,1.655757711310574,5.202695205473712,2.2927611082266357,5.053834555118266,3.514141303217229,High
7.278763764862418,0.4079479746548831,6.895226955941145,3.0440409879831605,6.687745848564611,3.26374816469729,Moderate
9.61154504498175,2.680837765735247,6.662085780227398,2.8447273902785466,2.5267853351116107,3.3758894055516597,High
6.689869681387203,2.592820105646601,8.23463703570587,4.804847372198013,2.3310395008077194,2.5692736649533137,Moderate
6.176718967908045,1.3166481960089733,5.956282705488961,3.770523491207607,7.391425890932892,3.003809012603823,High
9.420399773916818,3.6296802564969948,7.3423660934713375,1.7493910127525962,2.6786023692132286,3.3128376793084353,High
5.547435585367374,2.728720804688275,8.957278090020425,1.5509601177171313,5.438449768589785,3.0262174580785466,Low
9.168022949223255,0.916959841930227,7.834436700788012,1.1606060435610082,4.332928534580407,3.3864586690753704,High
5.444344445651366,3.4554849725103525,9.064629077972668,4.272511710965232,1.0297017822901515,2.4014413975178095,Low
7.803711551134274,0.32684879705483993,8.535099875148981,3.5071177015063797,3.552656642795116,2.8911090621698916,Moderate
5.773315719647459,0.8956964568354553,5.876704874621538,0.23641911639132315,10.886349503456366,3.148297219527776,High
5.163936517994867,0.2633763259286498,7.615866320262025,4.715214752187519,6.549258193950764,2.833884979163383,Moderate
6.602668272171519,1.3638798693118983,8.028524345421344,1.6781427702566183,6.422320459036229,3.2595960620613034,Moderate
8.687673629513823,2.5536123669881565,5.749200381560157,2.3806990604859735,4.393196890890338,3.6415096530597975,High
5.742880091336201,0.4617467663250708,8.559919911191976,4.958411531637323,4.124270313454192,2.8565673469622688,Low
6.037829820901836,0.33542298754370403,9.059047288084564,3.615861570462378,5.107392531903789,2.9387895948725764,Low
8.331393227350933,3.1005907431045325,8.570451434078711,3.686315779014914,0.5480654250857626,3.151835711694949,High
8.014017972158399,1.2919101709540672,9.675063757114627,0.25635207638245827,4.416631948999451,3.394856981583084,High
8.033877062200476,0.7641724695667362,8.707044657748678,1.0648605707592063,5.620203001728712,3.184436804104962,Moderate
9.489715148466495,0.6322048199623264,6.0251075540730445,4.776498289891998,2.9371685251407995,3.129122704793963,High
7.317751207569758,3.5976538961289353,5.791731915735442,4.019549706288746,3.395458611607847,3.022018148706518,High
8.427948338064601,2.2803718427116024,8.685229018843403,1.661443042038318,3.2576027078306704,3.179072664053953,High
7.275186989904837,1.41220570166693,9.807701434505098,1.6059412365808758,3.987944715089596,2.8611247507781137,Moderate
7.6513184590631695,0.9903634967573043,9.877320512409462,1.4320127168920123,3.9948597441371696,2.841344113697648,Moderate
9.393335932295171,0.47033240936387377,8.058712288534359,5.4537151067893275,0.3801839179972145,3.6133543002397626,High
8.371971329018809,1.1792099949392074,5.652198429766644,1.797859797974834,6.2797203222121665,3.255606387027295,High
5.3950064601915955,0.46704358626810794,5.405238043814833,2.4408055488719094,10.128752402339124,2.744463980266729,High
5.836485402030697,2.4027026272921663,5.8276585419958185,0.4637496496062606,9.460600467980015,2.902486528363891,Low
5.808261619183422,3.755749112853173,8.829159850625267,1.9873369303940653,3.5008875264085733,2.984843939955324,Low
8.393735283414028,2.76543275116216,8.187936535482402,1.253497642073347,3.680549225290658,3.666083345548967,High
5.55779847774217,1.7948680338447907,9.567222056782846,3.6339302047223754,4.01809643418253,2.88955304222287,Low
8.50117112164373,4.000195092114035,9.800651253126183,1.4451576034570075,0.04966107784804885,3.026032528847668,High
6.1901154540998045,3.193248197911171,5.5985097620473105,4.774137833320571,4.377994138060582,2.9313319623378447,High
8.085496027424746,1.6056148896711608,7.303933981112054,2.022296982313324,4.969757205466076,3.4118894577578285,High
9.125613132242,3.658359277625291,9.618318481156795,0.422533539717347,1.341352042703996,3.3856412296099654,High
6.1387356721662405,0.2595749189021189,6.386122598365868,5.440271846075063,5.629307168491575,3.031071355271176,Moderate
8.256853024799037,2.89537030955802,6.201403216917853,4.306254901879756,2.3018806394583744,3.1591347067279085,High
8.173533748896707,0.6439644882935177,9.10604403792793,1.4053257255253384,4.754011073257691,3.1321149568474396,High
8.48022903942187,1.484843186429959,7.687529464422026,0.36653760243353306,5.856647668108901,3.36927142082982,High
10.1931369864802,0.7443453607038528,6.526570244609678,3.8437970769028786,2.2084175799409698,3.3490258886208704,High
9.964202207006178,3.793174957739717,7.3661540539490495,2.4625970290537573,0.23229160504211993,3.3457711549363394,High
6.537827124557647,3.4396053872562846,7.023295985000202,0.49017306540105954,6.664047165942663,2.896196239795816,Moderate
6.774094337177045,3.9028284422628614,8.135445938485756,2.2237667620535784,2.772759058693576,2.8654721351810566,Moderate
5.21002130283651,0.26776252983893956,5.618379786007466,3.530375936290177,9.573853302009642,2.9440180694153244,High
9.751145209836942,1.9987797281425943,9.397687289462985,1.560488848801365,1.295132293472856,3.664012453367888,High
5.984671610457163,1.2750674842601657,8.071867092862217,0.694676566205813,8.470961974005615,3.0223261984613403,Low
7.046382625702735,2.061384702901651,10.141957028411518,2.5281287728190964,2.6598085387803354,2.949186738731092,Moderate
9.112008403033675,2.1712540279297743,9.462130994194926,1.0314667708541299,1.8140295388395207,3.5832377873456736,High
7.89586923802531,2.3974977033216613,7.295721393628177,0.7104802556954973,5.279736981782666,3.111434613612528,Moderate
6.185133332883581,2.87856078037596,6.389910832682368,3.066393992382063,5.62116781425053,2.9665470099529223,Moderate
5.8951616371380995,3.862833697013645,9.345341013224754,4.312763866157056,0.5923250851632851,3.1285554138935727,Low
5.648363183218725,0.0,5.237280864555023,3.621909575363171,9.168602572944964,2.7377980272565785,High
6.945263252268567,1.9107667262264236,5.213067816056077,2.603128123931698,6.940076913724611,3.0138926683526543,High
8.733451806119685,0.9734967572200345,9.061032343917066,3.1751790319286313,2.5744600813190446,3.6620053404151953,High
6.19585379859059,0.8345149951702336,8.119057221875158,4.818438431891822,3.4474530990682224,2.5921315394169566,Moderate
9.469097592854107,2.7605768872763967,7.110050447001185,2.156635657934577,2.819561224038877,3.2869389534880256,High
5.918615254292889,2.5616136437409267,6.679152031566775,6.034419268540515,2.55740063249413,2.4477469467629556,High
7.977107078888186,3.5178990899880436,8.96542258010748,1.9054277056426758,1.778065679029241,2.540474700380776,Moderate
8.3589132826528,2.214913378917499,7.44836821281923,1.2191598793922016,4.5290984061704656,3.0119445178413318,High
9.63808325181842,1.32827389521461,9.690998477028561,1.7845428953924227,0.7976654592362437,3.3528558044217984,High
8.258563550963602,2.187977405272288,5.765333125621729,2.270355842263444,5.6395492638902835,3.3645273511092952,High
7.122294888822813,3.127446106581033,6.15676511109103,0.8540175652373986,6.546248074087827,2.955943993392923,Moderate
7.1020103878606315,3.727041672397295,8.689038542676872,1.9514219481137698,2.688158481074566,2.8693203313198192,Moderate
9.892311193914992,2.5998179479076993,6.350617251955456,2.893175518013806,1.8131450250515087,3.4865561209974563,High
5.263271639530551,4.006993716842656,5.923795215867191,3.889341524827882,5.104307288134086,3.0282783320219666,High
8.951333199364004,2.6176368329114905,7.902727813395438,3.8908946416210064,0.4107363826920438,3.0838197443353446,High
5.3626118029209655,1.3258858762315087,6.092090028097561,5.816995049128932,5.209333358324382,3.0964865367247527,Low
8.562406133288707,0.6260231900451076,6.211982067304209,1.6975506072490094,6.742790942234869,3.1302990751522835,High
7.162681124029539,1.0977953545733223,5.394454909060153,5.1762933546500385,5.1373218867500405,3.0843333071845462,High
6.402943558882592,0.10053980903082331,8.562516494717297,4.681603112329505,4.352496086396856,3.0243535356594036,Moderate
5.48823237356455,0.70214022243879,9.075455802734561,3.7446479192564026,4.693379274836114,2.9042249731532532,Low
6.591233305736927,1.5725355829569876,8.82991151107313,4.736348679122394,2.0856093109116833,2.8802481332637746,Moderate
6.930825106013865,3.6974260862810757,6.97483404474563,4.489012148875949,1.373251053746295,3.2190210656492435,Moderate
9.13353827188059,0.19384010315907085,9.48896614316145,3.537015585806827,0.958664916166095,3.4167537000342874,High
9.09768650810673,0.9006149225036914,8.83011917102411,4.575806167779765,0.7770757981371719,3.404212400026984,High
4.93292713127243,0.5761048837334929,7.719101056237196,3.687171716400038,7.104162099350205,2.79841970535544,Low
7.966044206765529,0.209817148533465,10.057402715403237,0.3690765717073183,5.415726651354833,3.3626197909654714,High
8.231226800242112,3.2809553853048334,5.451165779558531,3.419544465648486,4.044882044918331,3.2683028041051796,High
7.159578166868687,1.8465169354920712,5.464806842690368,4.343355714319115,4.73540701713571,3.4258012703979057,High
7.706711204707371,0.4278071911796433,8.319053648946188,1.0633887086375606,6.988258190250643,3.143259406082429,Moderate
9.586308219806737,2.672782084371165,5.730423248860969,5.776364645916632,0.2913357902065522,3.28562315146254,High
8.180805719132227,1.100300662673735,8.931671097993656,4.736411570713814,1.4172431536109695,3.2075621390847306,High
9.700347965930135,2.090620526976732,7.4079829066540475,3.4228148376775103,0.79485394764728,3.491558462145815,High
7.876055398922139,0.40991011058445653,7.147850050915193,5.309377289754907,3.5891077886412637,2.932309228088779,Moderate
9.169718047143991,0.38032259354318154,5.323958488887093,1.6265930966334539,6.980389094490666,3.3192473234641944,High
8.161602969697212,1.2026070365672181,8.965163697135784,0.9357973757232523,4.288966481049365,3.2463249141478876,High
8.273723795310936,0.9681278557765415,8.630570072212718,5.076376665596789,0.5950609389470068,3.012684044530189,High
6.837638358689298,0.519822439147328,8.614821917552376,4.499199868274451,3.326699637866388,3.1449408886621053,Moderate
5.479663581883234,1.964155162659256,8.952568057751563,5.571167268976897,1.7280422296724298,2.9288756622761594,Low
7.8825271934461245,1.6057578961137482,9.109435403389666,2.768357031229862,2.492581676850904,3.142649290948848,Moderate
7.301302827191314,2.173953839886226,9.181643179970193,4.2067750998617,0.9943449399518758,2.7921076839937453,Moderate
7.491008453567032,2.247430784827003,6.319875953069464,4.764961013494359,2.942307290152404,2.947380242508932,Moderate
7.17255693125789,1.0823728572905578,5.494975103595119,1.4791045458651964,8.664754193441363,3.1081340311472023,High
5.743361092287673,1.913234784774099,6.5415158691852255,0.10280660985548327,9.905716558810992,2.8967899716273156,Low
6.8484030744001805,2.0422728070895833,7.7964785251439555,1.8982190590529755,5.541667998514943,3.0191297079659036,Moderate
7.142237163779473,1.057520742034564,6.389792049837977,3.0444257898535794,6.799352581611886,3.0099394404335675,Moderate
8.54379020061489,0.7372753319552496,8.429089338430959,0.11903541481126442,5.971349752980126,3.566774293414487,High
6.663807371197679,2.385912421495195,5.9298522363216355,4.513944821971719,4.1360927638883345,2.882936083446675,Moderate
5.42818518803632,3.3859038311298795,6.088645247201366,5.2776436785115655,3.902466955275378,3.074432620142608,Low
6.376945710936985,3.5690332300411853,5.516955118133438,1.007067626054045,6.918309808699461,2.811166751255301,High
7.394697274365733,0.13001597369201315,6.159652157057124,5.590426182147824,4.351054027224386,3.1260059860690053,Moderate
9.504509916283565,2.2306876526702055,6.098440829959499,4.017120813168515,2.0283172017963866,3.5301974133521834,High
8.145143914513955,3.8933456961531165,6.358094672466153,3.6329611873788017,1.4969680754944366,3.328668074140202,High
7.746710343297233,0.9664972417635005,6.198689008365325,1.7915728441148295,7.768412686708558,3.258646379385284,High
6.889426361476556,2.8635797591941663,7.5856241262582795,0.6680820864813886,6.10598439618054,3.2041592885268013,Moderate
8.177041789836908,3.2036463384906098,7.207984609765394,2.0316831344110087,3.516908302813034,3.2293260523261016,Moderate
5.680544235698999,3.6512882994660956,8.937475482310393,0.9703094695362993,5.194997932302301,2.314773576005385,Low
8.14989080840714,3.74226150726982,7.807031192916217,2.21596618572159,1.86344738996294,3.6640272613091756,High
5.384877505930044,0.09081153835607084,5.823188179988152,0.4807693547141321,11.924736335184685,2.9604355359812335,High
5.822559569863961,3.3290152953606973,5.830970776341433,1.8361099300105723,7.365404718183113,3.0106184849790094,High
6.059902010382133,1.4576062330711514,6.181153023902388,3.1501893671082146,7.047460317745513,2.915143727810312,Moderate
5.2656216873839075,0.49720269335534223,5.3650724847474445,3.8251236351072713,8.822021188101193,2.771225503623695,High
4.901257398934868,3.0658301227721028,7.782706143085243,3.4354545742091758,4.392065938267675,2.5662668644378,Low
5.867900640484107,1.3561697439014937,7.954116551311384,0.9377978123353328,7.611432317766247,2.922347675443628,Moderate
5.5060444498143815,4.0189959457398805,5.109796725286699,4.723291101261187,4.238872169437758,2.7311094646505953,High
5.769215209209696,0.5984922322224576,8.309149763588568,4.207172845625393,5.322665698893737,3.0610071262796676,Low
8.788161502478575,3.5492044276900616,8.422232083850243,0.5872202851121155,2.5759590921947977,3.494894348987313,High
6.124038934102396,0.29350090956581737,8.485414793777986,2.31251230619199,6.890041904141877,2.8468089494723072,Moderate
9.502210978537667,2.6902201629097893,5.403135851059387,5.7259353002487305,0.7167867601933886,3.258698827504884,High
7.042668748642612,0.18852953104043185,7.546496693063112,0.6127051050243343,8.721274433026837,2.8242323063248724,Moderate
6.960903269569337,1.2894239772846376,8.973027588481294,4.691448728527438,1.8001237759973034,2.9702032636859816,Moderate
6.96286912590678,0.5248064083902325,9.166393166270668,3.9354307013934604,3.181302983170317,2.819317518998427,Moderate
6.225176401693062,1.4844240678989935,5.45740317996096,3.967099863774924,7.530693059323702,2.7846698655828184,High
7.595374171404649,3.540946654603704,7.7307361561628145,0.7116973152155137,4.305848441222432,3.4425025127980775,Moderate
6.897191053839073,3.3570060235021533,8.487863297457112,3.670597966005435,1.8011064193563502,3.4174271334741704,Moderate
8.842234940263392,2.313684405893161,5.729488312972071,4.683021753931092,1.827273558199206,3.3737540894455718,High
8.688290838294574,0.1908210477811388,7.184708442953615,0.9311130741482958,6.774576192827775,3.5232654668237093,High
8.09462431900127,2.3459405932642836,9.378207002854744,0.936596346395699,3.150240175701719,2.7759697316768617,High
5.861944252690889,3.237603374335141,5.783578685018661,5.869615058343809,3.584926603378753,2.853095512509447,High
10.088359534004383,0.2410094898276766,6.528158359939622,3.7120560820698074,3.0928917663201787,3.779989535212437,High
6.831659558058679,3.7205657843296582,5.300489921949779,3.0689258109711717,4.975756344068233,3.352290082163237,High
6.021961251485328,1.5960489740051043,9.05639150738848,1.332112906797599,5.23439380059015,3.1643591491485172,Moderate
8.83249382531426,2.3172137127603527,8.824527781644537,2.746476908364274,0.9773183037531074,3.4603760490963307,High
9.361248091235181,1.4578445092315961,9.656612678002103,1.588419111895467,1.7414380484437881,3.1332648725829153,High
5.6467842846014875,1.6695387460867288,9.982298460411753,1.72110426241374,4.877666750504027,2.7876823334824556,Low
8.624537770041677,1.3763563276546635,8.651090327437473,2.3170723771239365,2.6734925303991246,3.2102255332192433,High
7.220788778059754,3.0383922893859276,6.911162242633213,2.579161653325204,4.057525426854483,2.8075560218846123,Moderate
7.513313278880775,3.320415441874961,6.798951688937926,2.98210197058752,3.0357845316606498,2.8785149166843733,Moderate
8.373440246458742,1.2338853650382906,6.277237460897373,5.611211994225562,1.9681970769672619,3.353431505378597,High
8.10206839051746,0.0,8.068532892604718,2.9496409867727014,4.190194332151128,3.592737912414137,High
7.4911432112315515,1.4017962105962019,5.740223583436384,1.5875094415806021,7.489593560208651,3.1565771717873674,High
7.32033499554946,0.10129504515825312,5.286619321185178,4.729061805464615,6.736450550901127,3.2267970886111303,Low
7.421282462630543,1.8179679768738828,6.376188157566153,4.601221575814987,3.7755612619143033,3.0609073942264127,Moderate
7.372641292547658,1.1518389539139862,6.107445223720415,3.9249035910871255,5.37273713914435,3.0164810926483634,Moderate
8.16418113776578,3.3033965404776615,7.114989902696467,0.3518292828930538,4.675903375940471,3.561462362741711,Moderate
4.932331645729766,2.0783218992181745,5.0823519522635605,3.397619535925104,8.493604694534154,2.8852206927672053,High
9.681109118059872,3.648532627595397,7.346270771945581,1.4730076721549252,1.316573005023201,3.4760035465859858,High
5.253490716167968,1.977829292346537,5.912416074261197,2.810858534192416,7.803219090965942,2.881237608886966,Low
7.038829472245537,2.21920840276652,6.919698276172158,0.7325573834886167,6.73457109191095,3.3156192768617885,Moderate
8.483380308723477,1.2598740204019365,9.724468809841312,4.490076410544668,0.5394447052709674,3.2499189545897034,High
6.115854671907856,0.3328688215237544,8.402785412504194,5.156292725973931,4.196070016364356,2.998641953346998,Moderate
5.030793453955739,1.055651727042171,7.379456822898659,4.078900498211987,6.729499710944086,3.222894041763009,Low
7.823851247542199,3.1269846924667117,6.125769436436207,3.311376887422851,3.3357136794738587,3.121255763907757,Moderate
8.83053889256057,2.730372845565348,10.368265454319523,0.14512498451659483,1.6286900451351005,3.159203674644978,High
7.4575835419774545,1.6706279011350125,7.244395571890689,5.194360319255591,2.956610368305416,3.3034614997210165,Moderate
6.081961720163353,3.3391436894857747,5.282451222356948,5.100246389699617,3.7135202824599696,3.0116000861073995,High
6.5256390146278695,1.020600181812913,7.7054718261795205,4.936006566543255,3.345648276582616,2.944827916941435,Moderate
9.576998404758147,1.6764075111378203,5.920028131534227,2.135984852170598,4.72789324132431,3.280798884403924,Moderate
6.826975259318083,3.7085031593038016,8.710999869743683,2.427252033913395,2.169360653966332,3.0213848385006514,Moderate
5.119100727865583,0.8071159474289948,7.12430349447634,0.7893836903669369,9.741006291873633,2.82379717194169,Low
9.57306669172929,2.9319600493462694,6.288993206675248,2.8726185132366244,2.4569067150362955,3.4938698032046736,High
9.26013957952138,2.138956194158477,8.85825034945615,2.086712262664399,1.497638270764766,3.427536786105226,High
8.025173210909815,0.5708381428532512,5.445519501115551,3.111641971356141,6.992113163826401,3.3188445027603235,High
9.802722540230329,2.0080213340095363,5.387825862730272,3.278358524177065,3.6041032312620573,3.9162190551577254,High
9.092619170190954,4.094171038355059,7.183184884223665,1.3858948890909413,2.2704806045156922,3.156849919332358,High
5.125184670876815,1.2974251615568504,6.262364680199104,3.8976781858905496,6.737891123067667,3.1363332360353073,Low
9.88286906261924,1.0259236414656399,8.926787206972195,0.40751392808621983,3.890288644537575,3.308400923811338,High
9.827099921051564,3.276524609622089,8.27243100457678,2.510000440972175,0.6886759997491183,3.452046970762586,High
8.280324990908783,3.8462053223975206,8.589618705923877,3.2243190020569816,0.0,3.0259157737385447,High
7.409836573859809,0.4738297226911253,8.08219231528436,3.0353082434338914,5.1178732149792125,3.11766379615974,Moderate
8.114313452705387,0.0,6.055470395173361,3.041331746898798,7.132546110498057,3.1841998239601152,High
7.454839193813786,2.868528026772376,7.819468381756105,1.9678503773225804,4.293994451142846,3.1864811212874584,Moderate
7.005268193953692,0.7501589256963335,9.544841806270687,0.8427236520697017,4.862557507695028,3.0290031711410137,Moderate
6.103222560532051,3.094036430401246,5.948322879282023,0.545902865750263,8.418838454047714,2.872224762282249,Moderate
7.318278258864878,0.03957363585772814,5.363328704635348,4.728284230529823,6.373337648651313,3.137073663915318,High
9.37305309208764,2.6864100315684127,5.143196092126732,4.628530771388321,2.0829231470536684,3.4560414755037647,High
9.262671299110467,3.1557506925314933,7.428742268396313,1.1726870126089726,3.137957436452408,3.4628370907991672,High
9.704556113051254,0.6799947419772409,6.233223226887887,1.2863523239365071,6.229549751967645,3.606684360335577,High
8.782180962915602,0.6078403175007081,5.054880881827145,6.0582667675574395,2.885995540670199,3.55725292587581,High
7.8427972837969975,3.4208995751542375,9.763807677251473,0.051962376748595926,2.677857143652738,3.103536682148038,Moderate
5.702329024474449,0.9094992817567078,8.3804830080947,5.5306243779723046,4.122095706796859,3.2653420361623993,Low
5.826166618030746,3.1456884024599296,9.89516394709906,1.3567122838673953,3.788760920177857,2.7523515691707803,Low
7.67506069730849,0.2532578751038871,7.872093138557104,2.7570130594618893,5.299043298200094,3.0580217089543327,Moderate
6.5034042113776165,2.1783719776018686,8.18615874003983,0.5588174824220244,7.202339246351465,2.754023283293725,Moderate
8.766967042996841,2.7599828691298414,6.859960191985814,0.07457161196726758,5.262247811532551,3.1587121799824294,High
5.803765730712631,2.343404117285785,5.932455140151176,1.9927932902845316,7.7429470382051795,2.6530711295224663,High
8.28959027539154,2.213521604155772,6.802686433797789,2.4671394178347286,3.995062725010471,3.2930125601362197,High
5.289246035133122,3.4156775657239105,5.354575577161482,4.211258216476475,5.988278714775763,2.7753158799393867,High
9.556761110372848,1.0669672468718343,6.867223655232843,3.038576832577101,2.66654655229451,3.3949146079666512,High
8.362983988952493,1.695366224945333,7.31212470840274,0.49509258866695965,6.909712347514005,3.278103709421623,High
6.072964059990697,3.197761043962754,7.292741922886227,1.4882095422718387,5.247550828250939,3.0929993905294695,Moderate
8.69139022738709,1.118002528923687,5.659625626237499,1.5685030041946322,6.618218823934481,3.236574546224742,Moderate
9.701634255387003,2.3087428594383996,7.66162819400275,2.5955561383530528,1.7460832342517585,3.697471121271072,High
7.638067634584628,0.6350833826026655,5.641447255897598,3.047884074260063,6.90425128486454,3.055367341439757,High
9.647561333931314,1.2690334123953135,9.127945716219639,2.7710815307987686,0.6536053974462978,3.4802954612364645,High
6.1218625463541585,1.5036472984070743,7.563118053412252,4.5228535308226725,4.886433391232571,2.7827155934657557,Moderate
5.682652475213674,1.8155482029996353,7.361924393966874,3.282958847675351,6.241906943605996,2.77341228272022,Low
9.044984120040928,2.629574166518081,7.93610646577155,3.1761367596583847,1.4154531879271808,3.473504507557678,High
7.182564493461028,0.670713452076554,8.538104555935465,3.25838679331429,5.09816297977193,2.7768143344684706,Moderate
9.643271625124811,2.3038535271009306,5.304423184445969,2.6881532325679625,4.042055645805015,3.682901776505921,High
8.76218510300606,3.4441465109190816,7.418886845158524,4.118841031203882,0.6745818602210895,3.182557200303104,High
9.541736788222366,3.527232906182458,8.246487010454592,2.2452917874472713,1.1510793835425261,3.1183230070950736,High
5.526924167007558,3.5248278672905315,6.601815222541653,1.112124959719985,7.703764232367418,2.723311337644246,Low
6.549179694800625,1.209206463235744,5.458553287172592,1.7051724796888135,8.888542461922862,2.659881275344132,High
8.061837291786915,1.8580917545966602,6.6803018706711885,4.3606831214642545,3.7130168139068687,3.2445231835125483,Moderate
6.450060127723676,2.97341155527316,5.866267831358595,0.8204356031558928,7.895827965427553,3.0890483026456206,High
6.853939891511391,3.3673387927762466,6.025202245732364,0.1870166935325967,7.42823016061832,2.7527820811814743,Moderate
7.733346893748598,2.032493001228149,8.295954800334579,0.9667238408457668,4.053354228894646,3.291645920616555,Moderate
9.346288143966209,1.3084785561529753,8.424454562281978,0.0,4.419410812498896,3.0617619716985844,High
7.578635791080986,0.2561230427577274,9.013097846136661,1.1383016692082286,5.755601985397794,2.911826519407084,Moderate
8.489482117594624,3.262012489482978,7.82029521929249,3.1459554439498647,1.1494706230929779,3.0182917369736817,High
8.984506661056445,1.211558173006707,7.868525130424412,4.55183178937195,1.5276784165626625,3.648700186464252,High
7.066070621932192,1.331960548465705,7.130611723415418,4.891131939933395,4.196545242886081,3.0891286525619774,Moderate
8.56882614673705,3.6319836195660526,5.735425928172321,1.4832977043667013,5.380828419201413,3.415734723616809,High
8.495191190454166,3.289735912968838,9.30633833182711,0.9733278521325962,1.57956672368467,3.232252108397128,High
5.9098954965803685,1.375246637358127,8.928128203227503,0.7981833098664503,7.291785553896571,2.739376193643276,Moderate
9.088838362059493,2.0181467118132614,8.10851722567974,0.33346416549050767,4.837939454258247,3.251411363713342,High
9.773056622701539,3.159361661049926,7.144720095268207,0.8771941219697947,2.768524777626592,3.419589001781909,High
9.597389355765584,1.2372398984608484,5.96015710754848,3.198070450542827,3.738724265283829,3.6819088103642756,High
7.351258561305837,4.128941784412782,8.574980869673434,0.14081789304300205,3.363460144957475,3.1657459389381484,Moderate
10.013578153429538,1.3952786017044525,6.390991360704608,3.2693846750790416,2.6796369896488272,3.4017338293923056,High
4.999674199327825,1.8722888311472015,9.193222174997247,3.2096340674233317,4.3967735298402,2.7016762127340574,Low
10.07353656697151,1.1659773757972933,6.726086221033829,1.072263369763117,4.965639555580783,3.3948912528095248,High
9.01662105713934,3.592950149532813,9.894897345706847,0.1911877504654329,1.2661423372610343,3.164671122623258,High
9.389994277483689,1.4047373734070212,5.709841049432243,4.967432521209876,2.36344925853279,3.2117246833798707,High
7.198297008106861,1.2220568731748873,8.645092511435363,2.757858541594332,4.852131450660784,3.161204992789131,Moderate
9.771755948460367,0.14459823720072354,6.873543749152131,3.0475308332734725,4.114996145015398,3.10593182513147,High
8.775781148983791,3.4112576320215378,9.927002887213028,1.7393605714347498,0.730689267985119,3.2893726620361923,High
9.149819939691481,2.4246312805043897,9.278185843325119,1.383319828219532,2.1444191126958585,3.078771051505174,High
7.124169535964372,1.1454318035802051,10.074053828596545,1.691652095192627,3.7804629955431275,2.9085256522298537,Moderate
5.733461130131308,2.1012537181281963,4.939660101667266,1.0370082440298494,10.7039672297654,2.803968735533346,High
7.0506360519089775,3.0718294123991186,8.668082038574125,1.8639795535958879,2.6630765058391663,2.7280438696968554,Moderate
6.640692644586411,1.4651263519104316,9.322037665705444,0.2942233474297124,6.825465006636651,2.7427167698242467,Moderate
6.151581392724461,3.7944378864572603,9.477025884889578,3.6310351823877824,1.3827362078626042,2.9588263452111274,Moderate
7.451347583395848,2.190470809999723,9.99093101699555,4.539042577195925,0.06471218055477593,3.274829704269291,Moderate
5.938196696903019,0.877428270099557,8.413348434158118,2.4172882981041304,6.47020923444297,2.8399141231486595,Moderate
9.89173780459525,0.3585654574933863,7.7062987441173485,5.524047366485263,0.671291492902212,3.753191017058996,High
5.7395647581632,3.6281089493955343,9.684791605444586,0.8221548700125746,4.167587398326685,2.5103124379104957,Low
5.746026328075164,0.1301056229728469,9.297982380806607,1.242239399436179,7.493705563884119,2.5090657551522337,Low
8.317346052413605,0.3966250983723393,6.138714093375532,5.702461865245482,3.867194426665482,2.7653628902611547,Moderate
9.652594148587571,3.072224408674809,5.075212127886156,1.6620779059785327,4.111968964435133,3.083501430212696,High
9.461579936759604,2.5154766392975714,5.489970494482622,5.309454043648334,1.4261882703941071,3.5468993279815666,High
9.816330452745525,0.2243903127834507,7.907806293983128,1.7988081679492194,4.25149648702501,3.219341299012024,High
8.13175787447776,3.689355349728713,7.648048084470244,0.4659030258938136,4.555448650393979,3.0869648713868436,High
7.999712926009313,1.3767861655493,9.207934233468858,2.379799187391788,3.0807042131635134,3.150237075298142,Moderate
8.787434739214074,1.3512486553244494,8.81925598204558,1.193351431552626,4.407314792428891,3.25629587862335,High
6.6013251715223396,1.6261633329560987,9.793720877239561,5.2066040516339145,0.007172790588922895,2.8832772270217726,Moderate
5.827183299682414,2.050684323509862,7.5470271254674115,5.357353407846211,3.8557519774827442,2.6654058730386927,Low
9.65407405955181,1.576746460244818,7.62217342935969,4.68776014243002,0.16313032522898613,3.359306912370171,High
5.932005255422961,0.7844920769313557,5.184184629957165,4.177816103979119,7.9937993044659095,2.53042196689238,High
6.0905475290996405,0.3686547717544655,6.039536176800668,4.734787459057697,6.522484911073303,2.8873007372489057,Moderate
7.313622995082703,3.798789817495585,5.95208284068172,1.09003602648207,5.934179077100861,3.306365565391757,Moderate
6.389787759434324,0.7363466205883168,6.988135544137085,5.348643985817179,4.25566404903092,2.7770443516234704,Moderate
9.688411776666873,0.2976713632298026,6.226932308695811,3.3861199130316897,4.708688521703769,3.755472026450022,High
8.158292287864715,0.09361574133336874,6.960692516951984,3.8072764601895295,4.662958699666418,3.445531303593356,High
6.583983708002894,0.2484645170868504,6.8616321905394795,0.5635762900385157,9.170429425428512,3.2927244812954397,Moderate
9.80580199434668,1.9017168118966965,6.298070353977949,4.610836391433722,1.482711885262013,2.9968241862972786,High
9.200609890337772,3.5876486462671275,8.619811091363829,0.0,2.693585652460063,3.340685618858873,High
7.6609010669434445,3.162881843702117,5.804152503245325,1.2586840794347933,6.261137165902644,3.1395902380720835,High
7.112223304593346,0.008638423625159337,8.896697002743,2.215259419079894,6.070141032757646,3.4167304600672597,Moderate
7.736856184939183,2.7511676935904847,8.645132589797491,5.18751778247007,0.3814147568986186,2.6570499994417776,Moderate
9.867821271729923,2.6379199689143973,6.745140144531708,0.7910492133436309,4.446854522769409,3.5958996616901406,High
9.62591371195986,1.460662694493546,8.414724006990749,2.09891626105234,3.1076412897826593,3.4284627678080075,High
5.561136745738928,1.9487639045644651,7.483917513479524,2.6912200575001206,7.134900729580789,2.604662003152402,Low
8.585301259499259,3.2152441878772864,8.811228472187254,0.0,2.8636742761487906,3.347957890070834,High
9.592815807498878,3.3650831736383466,9.26016535393742,0.5479255144920876,1.3250405038600213,3.1679807136810005,High
7.258357554569563,1.760816785186611,5.886973901728451,0.26389125500237265,9.129498035424282,3.037616023059597,High
9.543517688683036,2.1882342612357166,8.393397514112237,3.277372249761557,0.0,3.4341123677841354,High
6.7611467820830216,2.7665270486000084,5.109168151085404,1.095839178859171,8.721467402139448,3.1029032302603836,High
6.944525700720414,1.530039065639092,7.657905729453113,0.0,8.429547278783783,3.223814901641663,Moderate
6.323727358672056,0.7757679297137737,6.321376860841105,4.888143901016458,5.855996671119783,2.7928185667295686,Moderate
7.153882932214024,3.5732488343750584,6.002142427962147,0.42602666048078897,6.112264185957977,3.0363763118668485,Moderate
6.5769447012336535,2.9436720290432197,7.6935474298838535,5.097617074106639,1.9192305577567228,3.0008866567761427,Moderate
5.223652028112061,3.9329236148570956,7.042616447757585,0.8852343605251919,6.809705309605196,3.271544306677279,Low
8.014666383779211,1.178948129192922,7.87160518421104,3.39389882729345,3.11209952316969,3.512250340647144,High
6.414055054671593,1.7945875546534267,7.75985296407577,3.925323693012351,4.3133418414950375,2.8841698513370706,Moderate
8.988644072229919,1.57596200932507,8.095648101118336,0.6897934486595927,4.627820025015566,3.2873700480388632,High
8.47171703096165,0.185056512548365,6.247269069289896,2.4663193972814486,6.515677244147452,3.387106632364446,High
9.208646460196174,1.9428170491486738,9.551683516797507,1.3527942581971018,1.4120179941370836,3.1918729824036616,High
9.187676357786982,1.0740188309556338,9.63967934558762,3.7096813190842055,0.2749747947820239,3.319807214140694,High
9.767531603573573,2.2798192722471415,8.595622450452385,2.8873047544162818,0.8183457864784438,3.517942600155408,High
5.094002786611063,1.8663551730716346,5.957091025016185,1.033299478687999,9.352336601933644,2.586429970287657,Low
6.935548515282985,1.6197488897613699,8.042978591896441,0.3293333093486333,6.640517376622455,2.809967747818109,Moderate
8.207651623935652,2.559514582215441,8.116169350555872,4.148129463006679,1.6222492776191286,3.1706008723696417,Moderate
6.589607540151714,2.986167027916395,7.27008519446054,3.140527705822153,4.141198042822901,3.2089800071542527,Moderate
6.423335250594873,0.17611631384313028,5.675053331056967,5.465578106970917,6.080883167349301,3.262868900994734,High
8.459282270511524,0.7050515746843359,6.948812817807937,3.5905101997220994,4.793680511844797,3.3463287542815734,High
4.773622483477601,0.8164709791051047,9.940614420185867,3.8059372814933647,4.538919590080454,2.706705777812618,Low
6.182925530770657,0.07074503583608843,5.318575323991028,1.6351224395341744,10.867569004959938,2.9031683146274703,High
8.77085714859499,3.6915593904686204,7.031630152206579,1.1591393126853236,3.8820517703890225,3.5058934852790764,High
7.939188495154712,3.627908010705518,8.719389183852751,0.34952470857906826,3.7801926882007173,3.2088188606076105,Moderate
9.383821406066922,0.5252717400894528,7.602261345477083,5.374214792723575,0.9529609930661285,3.7781948436279986,High
6.925811733101065,1.7995633487550144,5.3762086298821075,1.8694843829752286,8.611529439168573,3.1714411424765965,High
6.412343249895447,1.8078095372768905,8.390528916451133,1.0608835731235062,6.340338913815614,2.879911618953287,Moderate
7.215679972206209,2.986207634054621,9.460239518674419,2.913894416392725,1.3646039132841334,2.9043426796906417,Moderate
9.657863039452563,0.807963869736215,8.985243063194158,1.4343885652538522,3.7087575525094048,3.5416568026372026,High
9.742792424055859,3.0493527049432503,8.669285685429209,0.39551019575741214,2.3645306059204945,3.8991569313348915,High
8.698445636583974,0.4524282759833475,9.665326196291856,4.3344962355434395,0.4689751346883391,3.085763718167746,High
6.397914518233464,3.5463534707148963,7.49265937474549,3.0222041108732896,3.740180351332682,3.096904998758032,Moderate
8.570647568337728,1.6562675429462101,8.07205886904595,4.088990364930545,2.19895372080555,2.965300068305829,High
8.601675095413638,0.20881675213238698,9.240406626742624,2.6093590424508,3.2991250568212878,3.0915019984360352,High
7.582635265800445,3.4537130028097445,6.9350390103083015,4.418085294647398,1.5182396241382452,2.9189057218365018,Moderate
5.482866472113667,1.9116608746499903,9.965046482494134,4.586250183365088,2.1412370443360333,2.837837223893079,Low
6.266666223020966,1.6340364717804268,8.894632020697278,4.730282916913027,2.830082470592928,2.620113064153188,Moderate
6.270150969234027,3.722401019952835,7.810621710789389,2.3566643779966174,3.580697312079956,3.4196960829119667,Moderate
7.7195854057814435,1.9743840732140276,7.61425675118478,0.9677839536239903,5.6108709601552125,3.2078127534962158,Moderate
8.883834759776612,2.3143181500135523,5.522421514634077,4.653561330035474,2.3673737773400942,3.1561189792277125,High
7.681249241170521,0.5081803828540136,9.81352993989404,1.289998623120173,5.136135781815596,3.077165489870436,Moderate
6.061930443629755,1.5290412364982542,7.007284736712412,4.73291714079419,4.5071540454096315,2.687552884267507,Moderate
6.331858681940989,1.8272357397996386,5.602825344287021,3.48651533132499,6.283937854725124,2.9143411751302817,High
7.8133537405994264,2.9973441004084216,9.515684116349263,2.939778590570911,0.4754282094146164,3.075023549898556,Moderate
9.383113568757597,3.877645846481316,9.523301859895538,0.3602902998262243,1.7370171434999044,3.29777057135743,High
9.527876686241758,1.7666126644640707,4.968764561434793,2.581091446519488,4.871691761311901,3.5382891364085816,High
6.714300578905414,2.103793562271783,8.138060635765493,5.229428133245015,2.1122265496424935,2.868985635018801,Moderate
8.153950041379618,1.6607727347676564,8.981142724995316,4.434546594159764,0.4820535859626863,3.2532053512940284,Moderate
6.415457717106565,0.40130834667957305,8.303512038489632,5.4065056079156495,3.792922273040192,2.7957851930448636,Moderate
5.865591578080474,3.113803500969665,9.42958788097679,5.346384842311024,0.6838947252283571,2.919686026729712,Low
6.539724432218981,2.1105447314695205,4.829938544009272,0.20019809427042118,9.812770050869375,2.9861539206664984,High
8.706236538634357,1.8305755757985165,6.197038347194998,1.1894265718536041,6.194906199182341,3.1680467352183337,High
7.316696727367731,1.4006727135704,6.676659801967434,5.455340158904145,2.7791640657513335,2.8437185648915104,Moderate
8.146649459341688,0.10261070889847983,7.415075439463466,5.185048457805222,2.9589378146697287,3.092147340454236,High
9.1204954429311,2.399092178890308,8.235913886887179,0.4543602918740243,4.698951574749326,3.238784459398492,High
5.839804611793525,2.5283861839340793,5.94900735516923,2.809805553592528,7.134541163255524,2.5209387701639825,Low
9.976000387056569,3.394863079361367,8.37274217477963,0.08733897532497079,2.372489382399428,3.5358606706782156,High
5.414483920165931,2.2622721816735645,5.604164609589909,5.484470989795956,5.11697741423961,2.8646712218337127,High
7.066502241684864,2.6010333942837263,5.485386623146317,2.5506201285593617,6.309685583264397,2.760217508918023,High
6.5452895603112,3.477825927335239,5.134367155735431,5.674151848279773,3.4125144938723437,2.859457012905529,High
9.00361231349166,0.0,9.886537937355916,2.93961446288019,2.439487712300491,3.4974857005298365,High
6.3841238560134075,1.6065195332906754,5.095315846575777,6.0346993383059795,4.6470377460719545,3.043814553437908,High
7.4931575587231425,3.8373232299197504,6.297768864399703,3.4656276179971313,3.280516483774064,3.0343464282677917,Moderate
7.586923516963319,2.7831098924155877,5.533379097629325,1.3250404137935894,6.959866239049709,3.2631673562436534,High
5.771956594737206,2.334630651364434,5.997169193573973,4.95698116316974,4.532432166736828,2.6986264853849247,Low
9.606836982261362,2.0001517673932043,6.899815232455501,1.3398350045553546,4.241090963993352,3.564630750353365,High
9.99720027675882,1.6996350476828284,8.659629207914813,2.354442831264985,1.7779510650847552,3.8809910488928643,High
7.361372432867173,1.0983185568286646,7.225488819910735,2.775333965595708,5.313586958875061,3.2020721304849835,Moderate
6.752620894262573,0.22003181587113324,7.438424321147155,3.2405591169098305,6.561599689050373,3.0400478165104183,Moderate
5.794439315649055,3.0648964846454856,9.951601011644877,4.975720874298852,0.3284733780097187,2.953529336620935,Low
8.573499450072521,1.8933217379930656,7.720650104759231,5.067224689825699,1.1640333329353363,3.242627007031924,High
7.672726137820541,1.5356155781210756,7.536256660263099,3.3984554944256633,4.214479649934379,3.3040445704561683,Moderate
5.38332605292505,2.2881753400477627,5.856813104112769,0.14338447710476793,10.232317505455741,3.1077951381234272,High
7.759963453344955,1.762792836918523,8.04315118410329,0.5129339711208142,6.554666915578675,2.8954058987614886,Moderate
9.62665954133514,2.2951837648350173,8.361602892385633,1.056002390518875,2.4724296977185136,3.4415941974689654,High
5.490904433120286,4.1055055854862,6.556584453530969,2.115472952325733,5.029047273230206,2.8078333888999203,Moderate
9.174340299944268,2.0903988286785924,6.242878311501566,0.626589997570443,6.307855810419642,3.3517197477438017,High
5.743308306509556,3.3260877023875763,8.214675171788157,1.2104625880127844,4.924855748190555,2.899108296725039,Moderate
7.765437375204652,1.4973277074091393,6.808533935227902,1.215264300074377,5.930194585688811,3.134265707172659,Moderate
8.399031941924758,3.8748549604835465,5.882928386021938,3.3989332504974072,2.1719149187563547,2.9421994072963287,High
6.282695559485729,3.2560906410192074,7.355778622656795,3.2007307224401513,3.732882335208646,2.5117414836469334,Moderate
6.203285151173916,0.690774123421614,5.44213444879387,4.198566665045968,6.90698572286003,3.106402694635643,High
6.74958990441314,1.4657381432424659,7.416889604168023,2.190932911492014,5.4826196913333645,2.906649817995101,Moderate
5.425072523358034,1.0683292329464182,8.303689297203285,4.17171885335218,5.191187529062866,2.7661695436825835,Low
5.922415207786552,0.8645724695261978,5.117032791635972,5.433796065332996,6.499938399492303,2.574493258419295,High
6.080626771392712,1.0686481072259508,6.579803217019714,0.8537405139374528,9.616814665178797,2.7791188771408564,High
5.687854879776796,2.3852270769508617,6.599152867764518,4.070255975739117,5.023834879175407,2.921631078051917,Low
7.7441766539067345,1.1788444700655825,8.176503476508842,0.6467267016244296,6.325026051765794,2.707009797978518,Moderate
6.367202334832533,2.546071100007218,9.336317329109638,5.903358637466663,0.0,3.2529641082850667,Moderate
7.926303992433131,1.621165446002897,6.220932662848994,1.3383674661969147,6.996857741935084,2.7679596904637536,Moderate
9.30608342564344,1.6350797890718236,6.792579375539216,2.239565419402249,4.004634618001321,3.4097858513789303,High
9.062234011252354,2.6366396298170933,7.91677319679687,1.5774038872386538,2.901696324890804,3.363635310792657,Low
6.916970501227597,1.7968006780185486,8.300129634298708,0.07070901380245531,6.604270552928609,3.287115091527241,Moderate
9.454549694081377,1.6871206804042127,6.712982668021764,0.8526511811735292,4.8586122469358335,3.3228002780329517,High
6.979768510747064,2.574930938537236,6.920750447175855,5.764707124965504,1.4163966742945997,2.465493495657638,Moderate
7.935049867674228,3.2621366210989873,5.427932556622039,2.412086562515358,5.053324411078685,3.341104710401739,Moderate
9.321448209346963,0.323607650245578,5.412459712914294,4.743685745438561,3.8783200478543134,3.0128668959776537,Low
5.985282986826723,2.660782458175765,7.494861817012657,5.3499134621483675,2.657709179886714,3.0379601770598312,Moderate
6.873575833672703,1.3948270278845813,8.14161969120586,5.5839985565244605,2.055619902634547,3.1121632583096517,Moderate
8.982566813425226,4.06562555558215,5.153463948673101,0.5286863482557617,5.247453892643369,3.6179611675370507,High
6.5067506007325395,1.2126223469747555,9.009989422688415,0.40339218112025743,7.363304008846592,3.042839268440076,Moderate
6.733348053934192,2.0175398879382422,7.550003001448377,4.212426233988855,3.4247517511760646,3.2677499548415523,Moderate
7.996214235713096,2.1950078509142266,8.23246718420041,1.699229912312883,4.235979548021176,2.870026692668754,Moderate
5.31039360577212,0.3280385706035025,5.815508317327978,2.950532114221437,9.105694562591033,2.899936273949858,High
9.2513699678222,1.426574744874265,6.950686906330964,2.324060516940244,4.130869996382445,3.538777111105795,High
6.172844307139592,0.08679139821127306,8.101240082327614,6.141638583028034,4.119263235288191,2.824381898868409,Moderate
9.150197458475686,2.598643727809763,9.635424471575103,0.8789327077378698,1.7461612753957525,3.51459422785465,High
8.067659639132586,1.964386799482112,8.420289998466101,2.4992139728758707,2.6746879619642487,3.281061096731056,High
7.70791772609234,3.1751177882877855,8.39630861322637,2.9364901767751235,1.6250602370781322,2.8677180110202753,High
5.516441742597077,2.8419755378566878,7.585980785778806,5.348445063709782,2.6505403509046084,3.021720983074879,Low
5.67334777078132,3.0060000793111663,5.148150034561817,1.0844572994010009,9.152880184568172,2.4513773141536244,High
8.079463272351147,2.9108962178014375,9.424203265137061,2.6107393419750218,1.4892381826191086,3.015007533032941,Moderate
5.006349807267435,0.4715906300326965,7.648417629909081,4.200431165564406,6.2292749878087035,3.0540427062295166,Low
7.116338704265624,2.9741330990693524,7.699568289532814,0.3099482054350633,5.556598348359954,3.1662260193615683,Moderate
8.619951466152619,3.721281840675013,5.737954481467276,5.789826699180644,0.5331064447359555,3.1928004619358252,High
6.108745739182232,0.01764366200947179,10.115994402190053,1.6687476020974101,6.205770390874518,2.6936272084298216,Moderate
7.871338308277018,3.5122050285362234,6.552557416493389,3.859244118891369,1.6525639332585789,3.3642467258383637,Moderate
5.987264808287342,2.441294729634351,6.755266944904611,1.522285687420191,7.292815250393865,2.6822828558545417,Low
9.5257436746389,1.5700358070341909,6.2123510817623036,2.6625251804803693,3.860938821403911,3.2963226050751326,High
6.592087065225655,3.215590920960592,9.92547436141567,1.830211116042988,2.433912257928083,3.0287267643861284,Moderate
5.809847011456394,2.7058032940722656,7.426339597790012,3.9260318873564155,4.302933559598029,3.0640130693756134,Low
9.595421724861726,2.0719329844659207,9.44170222142253,2.299815076676227,1.0180996390240824,3.9431244372391596,High
6.719935586605182,3.8960156825715484,8.430273125633303,0.203778265669385,4.901743048701423,2.940479768253279,Low
6.584469666749984,2.380612097453062,5.224639412447039,0.21211011393316392,9.256650347176938,2.588324393394371,High
7.181225384527961,1.0274776333755224,5.877666357361234,3.998914914195673,5.563407179170784,2.9979915611656134,High
7.415837255134038,0.8059374161452357,6.642295002774109,3.6371521264981306,5.509342853798865,3.304707176939536,Moderate
8.800522190244902,2.50300391733066,7.388594575818555,3.413832276616467,2.0339891316991583,3.4616454142284554,High
5.2777877204350965,2.4133112391187495,8.992714561917872,3.0818901750380157,4.319784181046891,2.5262227529709844,Low
8.188435271738383,2.6948311570965697,9.400024090366934,1.1892369080164775,2.6453281464372447,3.0349557027715424,High
8.921925971791826,2.1096248761953245,9.341677187665931,1.887401118716759,1.220063332912495,3.8156077638448433,High
8.700268048397252,3.8088281474336814,5.630139929716492,0.261870559215415,5.240233810157478,3.380800752453292,High
9.65536134553372,2.155906059169368,8.145529002274587,2.056275242968406,1.925089755665006,3.4926947580801304,High
8.901117191318749,1.2707086153154532,6.391853305274908,4.969282966538277,2.582007752483393,3.295667765083706,High
5.2836114064347806,3.6740763927413096,6.344800383514222,3.481909544979684,5.054040722329337,2.846652764512449,Low
7.006080256455673,2.732856988734928,6.570236191221824,1.6216594100660002,5.906299890010524,3.161465931120749,Moderate
10.162746369704983,2.882586989819371,8.300166533924033,1.0802035788250288,1.758537062777866,3.8356979268666787,High
7.617517828059501,3.5044286049480724,5.395387796618878,2.4198003775546217,5.679086079744523,3.218343706049264,High
5.978248286662749,1.8045086614021988,5.407776341230068,5.485288707197652,4.774116126492219,2.950566235431524,High
7.720133337068886,3.4144537604697147,4.80933711010077,4.389008366440311,3.352034717352904,3.1795578984238295,High
9.520290993938856,0.5910556256633742,5.566561004894129,2.2429940758417644,5.966242402526104,3.4051428027108974,High
7.875407420143257,0.5302400884715894,5.00812679163964,4.809532887121236,5.950056929429221,3.3309105907021523,High
5.296997312764185,2.4311615528115014,9.500995917465382,1.3969832544182397,5.384674764555158,2.6627655864326094,Low
7.894371600152815,0.7020268885228247,8.858906993070038,1.7485721661467404,4.58508913742977,3.2333283272042403,High
7.632452924393963,2.487457200401513,6.110682623000187,4.519780850175551,3.9161078126883035,3.3027260500842295,High
5.649791141218241,2.672179231837546,5.549623448544896,2.509076011763283,7.311554267457746,2.651003644879257,High
6.265186353634151,3.0305735104491256,6.478306341376452,4.894366427149499,3.065564230320705,2.927520619009679,Moderate
8.35983728267719,0.5051423012451302,6.898626323462025,4.396664628220621,4.05423320410989,3.2155756536790783,High
8.472186411584893,2.441051894160827,6.330204305162895,2.014153336012334,4.459625929604229,3.3099353292939346,High
7.3205350995820435,2.7954895438500436,6.307648291637944,1.772516287589231,5.656914876626436,3.0038414458460516,Moderate
6.634852329247101,0.16144926061949677,6.933689116218269,4.88060015323852,5.789542828274452,2.9887307315954845,Moderate
7.191349936260868,0.0,9.466337532049241,0.35718458593753566,6.959895382221592,3.277693310027007,Moderate
9.863538832402226,2.0062934365831784,6.726172173028069,5.062893149308479,0.30187758513531765,3.4577702114821465,High
7.86087436560519,1.0649706632270353,7.028188046254299,4.278400366557294,4.469407855227997,3.0736019469668174,Moderate
8.553793097382265,0.0,9.573588474274244,0.7806574685303603,4.654450435624906,3.1429931666858493,High
5.188112275149504,0.4166351718690997,9.839796627811245,1.964737276686555,6.879276364803292,2.59670252435536,Low
5.644365916321627,0.4570854151851119,8.509168086717468,5.028364902002347,4.513710236207705,2.8131902682434524,Low
5.999427894420942,2.0552902550610215,6.337537516688159,5.579547235474272,3.846915615728596,2.7541867012259504,Moderate
9.506811348583367,2.5005227188976455,6.661963689724695,1.932314271394276,3.36554099691156,3.689786550867387,High
7.324051706998041,3.5239022476873627,9.554397971645882,1.3623521816925024,2.375236420356247,2.9859483721198044,Moderate
7.745692217269497,0.4384247129309792,6.065417789008567,2.7261042634570583,6.979571844007525,3.1913381196966903,Moderate
6.127692911101418,1.7615943586494605,8.16014951074725,4.171922421368246,3.8729417947723936,2.8203255678203005,Low
7.094956230331524,3.6142349985867313,7.66151194091379,2.598316806276631,2.973639242499584,2.9940811125163718,Moderate
9.027915837728035,2.5004240996884732,9.410276425360385,1.5270917362363174,1.9275044719638423,3.248639548409146,High
5.686987562073756,0.15611697719150947,6.555863059197852,4.099245924703917,7.880723732606163,2.702561336346452,Low
7.493900096986029,1.6489506397393,7.14171123491974,1.5682564556563838,6.194324807358355,3.286563541395414,Moderate
5.847756905134011,0.5420033922816028,5.350603228602554,1.3262283614479515,10.491644558718091,2.7431682038091845,Moderate
6.875263695262433,0.12143432937554885,9.317169321275788,0.26406771197230516,7.652649905736407,2.7888701236783766,Moderate
9.776608636058867,3.6026765314480453,7.679878254362655,1.697534436333475,1.6382962976957434,3.2283653704062703,High
8.107979410904038,0.035163062448272164,5.375078235584311,2.4542968735673756,7.7569865175968875,3.5520977949366395,High
7.6749889404194285,3.4488666325681905,5.376964428335913,4.931333215125585,2.276674021057739,3.038070393478453,High
6.688766136144688,1.4991672340256597,5.906752366471649,3.222583136466594,7.265519512691135,2.741702543342923,High
8.950239804479672,1.808966690334525,7.461279664741353,4.52448475255952,0.993988472479027,3.2966917128926405,High
6.335211570220507,3.500724961923399,8.094112617326843,1.2358218064313078,5.131940482363519,3.340824725777957,Moderate
6.305604373470677,3.150195752199412,5.312914482731799,6.138957364603914,3.43699397443283,3.0293965223156785,High
6.887659379691606,2.14289957258825,9.37149692652601,1.9682426199402185,2.8638444239734686,2.9077110256498373,Moderate
7.432496593428802,0.06559599296263521,5.017987768886768,1.4761328805244738,9.664991910555,2.988340649859793,High
5.727489950063885,1.6649727539830979,8.423012162068082,4.188923238203163,4.403155453146726,2.9150839529151233,Moderate
5.9068334033047005,0.323204576665341,9.713276011796163,1.479899954335318,6.517162115137097,2.775589445864499,Low
9.258725415091275,2.9982109278478024,7.9624250034736,1.4164188268097788,2.4240561826627234,3.4820950505262087,Moderate
6.248574709166781,0.3672047027087579,7.51567942593765,3.4897484058176644,5.947552865824805,2.8426536474466735,Moderate
6.984001238170636,2.5707696376264577,9.577425904700094,0.7915010767077475,4.5375749830072785,2.570834515292445,Moderate
6.6880872916619,0.5137271857016368,7.987874897311073,4.5648346816800025,4.023465101135447,2.9993777586299455,Moderate
9.731183713263823,0.3225115286941793,8.013390987113347,0.03889273804575433,5.4977798412592245,3.4772948900480185,High
9.646656189024492,2.1288141859409273,8.24769364233288,3.383127909872319,0.47994139522844725,3.328106365395595,High
5.732350889295045,1.8393368336409162,7.963323983226842,0.6494053545193246,8.377356212163509,2.9687636116558496,Low
6.365296291585145,0.0,6.790567714638295,5.202245932542094,5.308567775201177,2.736697812088569,Moderate
9.871462295972059,2.945513714202618,8.875035611638777,1.7102897717474812,1.3114788323702802,3.4844691185687933,High
6.307587978511326,0.6707660154660589,8.39022092032002,1.507946487849936,7.53705607877416,3.2151480527093197,Moderate
9.05761222164604,1.816978861282384,9.091259464683658,3.391749726106145,0.778787928008256,3.28917406736899,High
8.179773572834597,0.849324284207773,6.462035167945945,2.075361480087963,6.640518701874779,3.1175872559093443,High
6.1467097580443575,1.5430458616942309,9.54815407972406,0.5674502363960701,5.925294149260583,2.815311883855308,Moderate
8.52659692552374,2.786115868680817,5.475669752250687,5.422392826757188,2.065429257512808,2.8355143544845283,High
9.004136272535348,1.121136388509429,8.355077622035115,0.0,5.5083587469562865,3.542438583747966,High
9.32084036145821,1.6881848803263293,8.225981280216478,1.3917850648172159,3.972155061564395,3.613105371664082,High
7.492196663839008,2.3614159069546603,7.233424716765735,5.537963465064014,1.2814691800344897,3.238472269709119,Moderate
7.655756538855117,3.5106115662135107,9.22208754500589,1.665823909745243,2.357346336125653,3.0322363133656927,Moderate
8.977483698067717,0.9893471716423488,7.44813748359965,4.925558161067111,1.5050404807036075,3.1055599761835935,High
6.915835671476487,2.6543854524322845,6.310958427500446,0.5787981150743823,8.243130658307503,3.061812076583823,Moderate
6.416553645322749,3.545114464956785,6.591682223577816,6.027922888840021,1.5715451193672905,2.983209833518949,Moderate
9.805862748159328,1.0805298177998797,5.192659754120134,4.116654335584989,3.724169882224619,3.267374227732798,High
8.683180158410334,0.06146422281676878,9.24354177422353,0.589508968041027,5.557562278922326,3.2372868210036083,High
5.618148322075016,0.7710134266422791,9.795710086050015,4.508994560332667,3.1383340563274214,2.705051647509489,Low
6.4193959427325185,0.8852968499579419,7.212850764967419,3.2324429998925677,6.141929582771791,3.2371646420368836,Moderate
8.086515071566104,1.0422750630032236,9.741995406261182,0.9696640951083269,4.564463229695235,2.8126700326632132,High
7.075442168281543,2.3019518489427604,7.275006836502787,2.6123176768691345,5.003759446211992,3.0167817586688144,Moderate
8.73347133327105,2.6360968444883124,9.43623634982127,0.5492882094012193,2.476952251244034,3.5529894765911676,High
6.638098747066785,1.9360028902042168,6.6740348630300765,0.9740764045113468,7.724054475466867,3.375201647523102,Moderate
6.157109254650803,0.43563599601312203,8.582996326835314,3.9835416295561252,5.3722931825617675,2.836863962612096,Moderate
7.847606630237532,3.899318417505686,7.85336271254048,3.916621320472147,0.3927961544515842,3.390466540777405,Moderate
5.096428566464242,0.9215075949833093,6.920734267126193,3.7587933794524915,7.011023676764283,2.735095243292034,Low
8.97378844199904,2.204135032070081,6.065599950533434,2.9008171351277103,3.6645867189460772,3.3030529023739543,High
8.478829998438973,2.9735212243423716,7.868477871534055,1.503336308296094,3.251542221760231,3.001874768358891,High
8.462287821113092,1.0244502528841912,5.620079678877904,3.505142038761225,4.817724865486412,3.211213343867635,High
6.498366151086737,2.6118544267356687,5.98582750826353,4.245075879425306,5.342969190801256,2.834412255360727,High
8.746661514980085,2.5013503634984913,9.905843450391519,0.9416568797108018,1.927298227090949,3.4492844501109308,High
8.38056836248605,0.3677034938554938,7.231861199834812,5.574483152338047,2.636928419461089,2.9218245203577315,High
5.6320040251887,2.756732943660921,8.017714984534486,2.199579469473723,4.9652332235066545,2.8832407569387906,Low
9.543605693640306,0.13747795679994357,6.381789554336771,5.44154352914774,1.837916980468366,3.219906405051734,High
7.803385281394857,3.241793096886574,5.800190616293374,5.85831842492678,1.4973443929212276,2.9614312525621935,High
9.095134953401633,0.5005700625475524,8.604187776011255,2.003801235370061,3.454216107439055,3.6345670617446357,High
10.006612511406143,0.5802631484229761,7.026872152115887,3.1103679618048883,3.885745408246609,3.3650635586452506,High
6.927804155511832,1.5056780523713769,5.167561860180785,4.210776779158749,6.057609007139626,2.8007842687817543,High
8.952394578576035,3.142214470353533,7.4242196547092325,1.1122257520999708,2.8307916744838377,3.3331230575838258,High
8.133458232240008,0.9889091664978922,6.152721898101337,4.348946908353257,4.04983137912705,3.0629771291591066,High
6.201067789763193,3.6529199934126724,7.698493872145186,2.3899205588377215,4.072908157196548,2.8576786072913163,Moderate
9.312747013570423,1.5799331213927248,6.769463112879856,1.2555134340486287,4.860813227837116,3.13219455261836,High
8.372196952935811,1.1908776009438151,7.74201527813281,0.533706057499323,5.6428091853419815,3.044579574262801,High
5.827635506526023,1.5016953498160863,9.767695569355139,2.191138330089196,5.051979217491966,2.6363927685989457,Moderate
5.7213727837313435,0.3096024971298695,6.7993700654694536,0.8894438336492572,10.320111425218961,3.043717148075383,Low
5.657612815110498,3.177302409894103,5.139126255932119,3.2092663075977623,6.929661635210409,2.8839841426048953,High
8.258712754069848,1.3037979364398267,6.404535552314613,4.398165702887786,3.9886796732963834,2.646721524484179,Moderate
9.407188291435048,0.7464734146994458,5.551275132478569,5.35207155079329,2.6854763269917528,3.524419328476515,High
6.667143674858975,0.4520472856427105,7.897226891961748,3.3535881263338263,5.543559640995769,2.629484552831262,Moderate
6.016914095923966,1.7723534187251486,9.158526682346281,3.354477994367996,3.42261845420268,2.9768736846986963,Moderate
8.637244372199236,3.437528894393643,8.132366719925313,0.2766241052151801,3.4966685403320423,3.0573111417861196,High
8.683682111077283,2.7177548721948006,5.18059286205395,2.3230075649449304,4.8169079525086875,3.5160870602888346,High
6.0512309894631615,2.2900893212038733,9.590865443804114,4.605897480426781,0.9438597735395676,2.701577945782177,Moderate
9.60700834680743,3.736046202390902,5.364638533983999,3.5048727263469774,2.0916214597928886,3.659269918087589,High
6.073227669450613,3.9717139417588787,7.903374666627835,4.34846995084622,1.2130129801225513,2.92787039764385,Moderate
5.6851270919800525,0.7650722860864788,8.937613915664908,0.24462282943344674,8.810229117739699,2.607849400682512,Low
8.02053155102686,2.7774761092700038,6.500876750524985,0.5815686971089458,5.67021469987674,3.568224638184629,High
5.358725452236578,2.4726651646469895,7.790155939526556,4.235254400425956,4.270744624935522,2.2384839618094396,Low
6.990897605344823,0.029543690322935662,6.648017456133,5.705293640685528,4.191371198786201,3.0835547435330284,Low
9.28760106393205,1.270527508369725,8.096864071721722,4.674012870153408,0.6985910847226571,3.3118715710020963,High
5.338210569035533,1.9304283719531543,9.884624362518743,4.413994594198257,2.175165427685896,2.8359059955456667,High
5.324106669982124,0.7691222325964009,8.575130026545816,5.330059811961993,4.443643704635572,3.13621573446913,Low
4.846876425825044,3.3043279763162334,8.861982990614793,1.8381755065953804,5.171387101734836,2.957884097331386,Low
8.353271734780881,1.0581262290732283,5.241194888666881,1.2686719697973003,8.410452011648822,3.2029239770603546,High
6.914721216637922,1.9489332798510624,7.3667483830187015,1.8119073121833542,5.9565443277373475,2.903711139897829,Moderate
5.185669902612579,2.491890591818754,7.012131795157257,1.6874126383035533,8.067615749380524,2.8750029466397944,Low
9.44987776932118,1.9723325348174194,5.753938166346734,3.8890977602572434,2.7376630615954722,3.5140616596324277,Low
6.094344340541542,1.9663436263999177,5.433357588114841,4.768187891658568,6.271600187741298,2.878194792528442,High
8.749121586940705,2.545832173968234,9.023145964073692,1.7111103153295488,2.072330265961732,3.529465790041408,High
8.706919046172594,1.796615589848299,9.890569086265463,1.6248299475147765,1.9917709456529549,3.656120907270758,High
9.101718226334237,2.3469979608109535,6.13510139233991,2.4268326448769435,3.834988356383531,3.3503737619828056,High
9.831854588608628,2.8151248756412364,9.299177350497136,0.35779067443580315,1.8760424535023417,3.8469290473984734,High
9.424941374267858,0.11809809908688952,9.368790509112381,2.6100361902923295,2.170048319077605,3.2901945221834605,High
5.873224581969442,1.2719093989518537,6.453031747024134,3.1926007263422207,7.314380332640189,2.7914098367432123,Moderate
6.058688126236312,1.7333864979553373,7.613289254625897,4.6646697691935834,3.6354941584058067,2.967566205921159,Moderate
7.169269847669143,3.1470425304218876,8.031732672159482,0.16083203549920128,4.6129617346277225,3.007714385547088,Moderate
6.821557482455641,2.9999291214768085,7.884565220958971,2.0706099430324043,3.559090625323378,2.7848650239628956,Moderate
5.892402714884867,0.8485062866705215,7.8408923866492515,2.614424388118013,7.003133491840953,2.6205201133002616,Low
8.528316193921668,3.4550142256855145,6.009526254385835,3.248719985332343,3.214329995218456,3.2972844822788234,High
10.037373171701114,1.103488525032826,8.251505937645675,0.42378711753366016,4.466150638777073,3.361265435237242,High
9.66309931436117,2.951842629066634,9.004659920720611,2.1702800770706077,0.6871041273146763,3.5138659958452716,High
7.81884224778599,1.6763044291397091,9.12545950669822,5.094621080565184,0.079783218472981,3.329460655423223,Moderate
7.804531471285619,2.0203884540523642,7.499499316200461,1.1659838274407035,4.961892163305486,3.1878105725111268,Moderate
5.120802588180712,1.0334976550894894,7.658993746408165,2.2313825787941703,7.481730726138549,2.8396206917397526,Low
6.924602375846237,1.6135393937416365,5.60350968155525,0.3641776727361592,9.791958806754117,3.0158710369921007,High
9.224554133384588,2.2956458927870274,8.831439397166767,0.681178909764093,3.4754050587763405,3.0499769272867705,High
6.05880748245662,0.0,5.608734932790183,1.7199304097293027,9.78768145431338,3.0078637751002466,High
5.676591036768229,3.926611281271038,6.267634313282783,0.6290008249026791,7.159318107296884,2.917751364989506,Low
5.295322812506412,3.4443115795593786,9.60303728764855,1.4565021868755896,4.382080770968241,2.4982104342587603,Low
7.4597430689023465,0.21312628565494707,8.130922269205133,2.4984785098235895,6.0792453703135845,2.911707941393548,Moderate
8.518272063459847,1.7587280729862145,5.872185271608055,4.414887973947074,4.086207793531361,3.098311367450533,High
7.871057689151551,3.510453707177774,5.569020504606783,4.760784409140955,2.91853479194366,3.019314633628597,High
8.66499905544702,1.7039938297801855,9.75697083938177,0.39007981254371704,2.9969193491029187,3.3929101222337525,High
8.077100185595787,1.3813634765938922,9.74549809028549,1.642315739832746,2.8898859141706823,3.400356447937928,High
10.03951709058634,1.028964956572024,7.398489339634043,3.0773450439641725,3.0934589252882154,3.338416228169295,High
6.57995849964883,0.048366628418139386,5.867759439746895,1.4803602502413964,9.243725965502941,2.716501634548427,Moderate
9.229941423006418,2.8669492689786136,5.6083015786834,3.9383026762200215,2.6249825030799454,3.3448128139076223,High
8.190746063497441,3.8132633090759347,5.033014131365578,1.5304215467969946,5.663777599898155,3.443205029396746,High
5.607689602497233,2.024440420096025,6.141785561655237,1.170746380526688,9.286682570707375,3.0252000054344665,Moderate
9.13256214294812,0.42533099875242963,7.179198195499067,5.817958531011266,1.6587846738500067,3.4098054653183296,High
5.7795457632602405,1.4634461312522649,7.116507777939036,1.77245627520126,7.86717041904261,2.907446519563561,Low
6.4718572548520195,4.015814443013383,5.9939250712127325,4.620174619147795,3.6642491735154548,2.903441212050972,High
5.802559981389481,2.553818987848582,8.646762992631485,3.9602095363858396,3.1095463916003627,2.9953951048264646,Low
6.448311557085158,0.7851717150831375,9.919491459391828,5.422099638353009,0.9313890024188825,3.303870961085471,Moderate
7.373777618062648,1.8653198444951051,5.817093744102458,2.552344636164465,6.908990137328222,3.0998600342773837,High
7.81298840134786,0.05430498053558049,7.431118157892887,4.768438700007101,4.00232840142039,3.382120124243181,Moderate
9.400888897590175,0.13642476092332628,7.770760922349553,4.960859660704514,1.5408491648216394,3.6703677879502727,High
7.708787782424678,1.4141810987050278,5.526430955440885,5.193301953093881,3.7305017713781656,3.333775692515498,High
7.893901191592417,2.664035827854383,9.259929109163853,2.968579718665069,2.0396408792307263,3.1637139770715055,Moderate
7.024591421026228,1.971037823438078,9.1309136784087,2.020944753065257,4.025310771537155,2.8892655464662624,Moderate
9.689269484897912,0.31753291742609574,8.30569218020084,2.307614451637871,3.1915804350564896,3.4131616783070204,High
6.668257197735986,2.907909232141571,5.320402229971763,3.7087316881420778,5.085587017480043,3.1876526792719315,High
5.794251221612269,3.775298443223382,8.103400860626406,5.193590751866227,0.9306169717413088,2.99496042680644,Low
7.652766086246874,2.327332479638188,9.76112567973017,4.33857139560165,0.09808337116523935,2.7621868479941734,Moderate
6.963530711776438,1.6509630182553403,6.327958454654374,1.7239461514681764,7.4352889272765665,2.903843872887684,High
9.335796382925341,0.3521326915466343,8.420692447498663,1.2553924795365712,4.929244414234185,3.2691825273381023,High
6.187686801628812,3.0679874175002473,9.538937291558423,1.0728758195770536,3.7075938766753334,2.9328286005888264,Moderate
7.347787349910471,1.8362384077984506,9.545379222255987,4.039373630243125,1.4189111108500065,3.522427170626645,Moderate
9.393317383313578,0.0,7.018255822571867,5.27592903933915,2.646682472212822,3.4028417899537593,Low
8.793524208634215,2.315350405966062,7.682080312990295,1.8983728904902488,3.59470987159118,3.7268036247725376,High
7.127968129804255,2.9084308282827336,9.167953775747732,0.8651811745535246,4.158604131274468,3.2196224447492128,Moderate
7.108310171875266,1.6670428432890636,8.30956932105615,1.0516569491894339,5.188133887321498,3.325928272868484,Moderate
6.897195805171504,3.6196652630258845,9.861819191326981,0.30967623613895406,3.1308467404019553,3.0947533905491174,Moderate
6.137797773191028,3.690735227989539,9.894638485490326,0.3881757013276879,3.9577318225646314,3.141793310461222,Moderate
5.046074550638791,2.494333475292074,6.49729671546964,5.429053888926848,5.164768015750692,2.7383067118855533,Low
6.5108205750941535,2.700726936342921,8.621343190124298,1.443744188426055,5.620272857511767,2.9232389527821265,Moderate
6.424900080799385,3.300245504506871,8.983599325919451,2.244329629385546,2.7997787556057254,2.889785618357811,Moderate
8.113243804294049,2.4401138704314613,9.206620241957141,1.7523956415441324,2.7501058811021766,2.9886695440114295,Low
7.675270045370669,1.8910568546872846,7.37876884442546,0.7737613822036105,6.619581126138439,2.9744423547215915,Moderate
8.496952346237522,0.9342112542601306,6.047487567570925,2.3685054998575414,6.214825352126849,3.406103655819656,High
6.720291570731457,1.66597845294218,7.438306656314136,1.586210515321759,6.31495315031283,2.7621516038141873,Moderate
5.874619183428537,3.5817220187494856,7.032435360757736,2.1852223782543603,5.016226259085869,2.8511234846030042,Low
7.845460263701128,2.482194353457395,8.426052242144392,1.2133759815100928,4.636926791407583,3.058127429622983,Moderate
6.5034569734972285,3.206582355185365,9.863880768352049,0.9961374441289479,4.259854848690733,2.67629934746058,Moderate
5.165397165923348,1.4015881244132609,5.9620629699944505,4.287927617081576,7.76704808630696,2.7405456268886854,High
7.459585243558364,0.4401030430180017,4.935554889042081,4.704697349453254,6.153546101780892,3.2237808035559334,High
6.7531310118550705,2.3139361281310937,6.879005842420873,0.25321766914886934,7.75454985048355,2.8019901600196166,Moderate
6.330156010594734,0.7403749720008134,7.160282245907421,3.9644793853477895,6.189071967971999,3.3908063832258013,Low
10.089361216136158,2.528513548411251,7.491908396771061,2.615048934275826,1.9835060889495253,3.5937499948962484,High
9.709662808183253,3.2728996762202933,6.398091375400675,0.9243164198400675,3.211602354739865,3.4525526918753413,High
8.910253645541525,1.797930105371015,5.031584511376627,4.385242220816516,3.6791850446013767,2.971395752202641,High
9.174580865598012,1.2009528073738613,7.98857493114864,2.315294381171447,3.029870697823233,3.767851050321184,High
9.365964730998721,1.918163271930115,6.34329210613776,4.686920502783203,1.1667894412546764,3.432551617670966,High
6.247111074947636,1.5519390159814348,9.184128152387574,4.3789586728372,2.694144487044008,2.6075674176921555,Moderate
6.801190037184067,0.8781024732205304,5.900360953576022,4.353780798844296,5.849661943175544,2.937159078967844,High
6.36283595056099,1.8743819731470155,6.94174368919639,6.070584136998204,2.5932857637967714,2.86516070569628,Moderate
5.183196012097605,2.3149920322481834,7.758618510357069,2.4507042269632904,5.716705170399268,2.7625548450844133,Low
6.979983548911228,0.3294802772540781,7.760689469440218,2.840923840507557,6.256164971131222,2.8150088957063923,Moderate
6.38740653390665,0.9345291444024263,9.960633960600962,5.035152148471862,2.54928880415902,3.0394137337277027,Moderate
6.1959734922313,1.268101958696615,6.101911379771055,2.9914565630939043,7.758411271317498,3.114323561984701,High
5.695569380731357,3.2131092469780054,9.07116798294906,0.831686984379152,4.8929606310629294,2.8506842294217267,Low
6.965194779140029,0.5970017540178119,6.168368208373371,1.5930213820390486,8.42827467653874,2.62668154487026,Moderate
9.555178315455846,0.6554615399726902,9.818121862959243,0.8067290436181872,3.396908582306616,3.714922051063912,High
8.93601719136319,1.1701643276376865,5.815880966634456,5.020788739280477,3.158433086328651,3.5917150029722884,High
7.851321946925902,1.8887623450171105,7.438876072035795,4.567093961943595,2.381214677665161,2.8896233533058213,Moderate
5.04262063205706,2.571855881170295,9.258192732572626,0.3194205833641406,6.245273558124933,2.9131236850764806,Low
7.129275383516875,1.3774730487394593,5.566837097848353,3.5870577622715367,6.840683692298936,2.935641795498015,High
5.583232661961658,1.9842631299707447,8.682640970470755,1.7863731462019765,6.050293899278367,2.9016936442254004,Low
8.490874847274213,3.438860143001537,7.2697116146445975,4.074417634482304,1.4260915156627512,3.255496203282524,High
5.229430877651659,0.36963035827301916,5.877533281609686,2.241811361068684,9.824235260210079,2.691431933223362,Low
8.522131628820995,2.844824042970112,8.057830510735554,1.850713683474009,2.8010486509329513,3.4417082497179696,High
8.041788564209842,1.3978652522911656,5.217329654216324,6.147741398102227,3.4892664693522266,3.1277635337498566,High
8.529916159631618,1.0745711908920994,7.057850147042268,1.6538984428161714,6.248523800712045,3.3594123753951313,High
6.551175710271702,1.4940564742014428,8.597939398692247,3.0126324152574098,3.312901332893799,3.546320981717152,Moderate
9.405125139213641,0.21084122433111802,8.146122351849762,5.064749057253879,1.1820947928770835,3.456643914418271,High
6.180456219922174,3.5613189043102964,5.278372043147648,4.256382186851295,4.532611712789764,2.9563755495134068,High
7.440313602508028,0.2648797917585659,9.416885842584549,2.6786678690173,4.245531946832265,3.204500389765533,Moderate
5.014609518359763,2.661427144578931,7.38994142278688,0.6426163617074319,8.125382922437224,3.2277561730391207,Low
7.6530810555112545,3.2888447978648956,9.268457730287627,2.3531547268413417,2.1261031562624995,3.362807086245926,Moderate
5.050222650640441,2.751968241539339,6.997862145360994,3.3461277819096376,5.042892620897417,2.433560476563084,Low
9.28606252343534,0.5712057745094604,8.524230812313318,0.0,5.194924557083563,3.724518738627171,Moderate
9.573017995917972,0.3857786382982016,5.422264143025629,1.8206246329733526,7.029746433453748,3.239954685271067,High
8.313696588811377,1.8686943681329065,5.259462677364987,1.9159241743903883,7.3463005833275705,3.07493611418025,High
8.964427652713484,2.7334332618144392,8.452670218888716,2.3391411570700558,1.0826887384925798,3.2290248049269024,High
6.405155894877943,3.1437106246014963,10.024074847348198,2.2302044297622263,2.377060483317155,2.925910674694526,Moderate
4.908540820323419,0.5087398066725235,6.55863698395266,3.6056557322374108,8.247217121158638,2.8887504693115966,Low
8.885820353324718,3.1119487988894954,8.107507553064732,2.3954013198465156,1.439673045206728,3.341816996730159,Low
8.463390177895318,2.4313760324580276,7.880980627904758,5.323801598136555,0.0,3.4183085577910735,High
9.564190262422963,0.909215657601933,5.241735856000762,2.935982953221439,5.4170325601230465,3.5153091245064085,High
7.397064101432059,3.2759754750946817,7.24994636926472,3.343472006692879,2.1792989587295923,2.996332009828995,Moderate
8.024184927353803,3.380432731209967,5.947617011483769,3.7243196081335004,2.9690347360739087,3.2709176973635996,High
8.081095005234761,0.8273263702922382,5.550327231615783,6.049685774299977,3.8188510984831754,2.928287668973601,High
5.937494415076526,2.7619144532349695,8.098760083661652,3.8601144225740103,3.598645880562152,2.8004214008079873,Low
5.429239364875416,3.7062379626709014,6.744219935371503,1.8035079994543488,6.587866276592067,2.3284828088528284,Low
9.205479537482885,3.5931119898652626,6.727299045177219,3.6365354229482847,0.48524984329100246,3.256111383094151,High
8.764662607246263,3.7779927651010414,6.098562542207334,3.39729279693056,1.928287511486343,3.497779332485142,High
4.977822480457467,2.298481882729168,6.686609381675277,1.9888642099007197,7.911849954061601,2.670847087112226,Low
8.066577750662647,3.3837530974405245,7.979193410748447,3.8096481983818458,0.6085977098868329,3.235532193161176,High
7.213216635926634,0.12761950046108111,7.963813104327573,4.477277928420509,5.025380358453465,2.787332663634756,Moderate
7.823335536594422,3.017116005892376,8.024596669009325,0.4084974618204781,5.07127031739509,3.2474455448503057,Moderate
6.440292852222597,0.3183961327106543,6.961112877141463,3.3956331515591476,6.534490352757027,2.795103763987197,Moderate
6.7648529964536825,2.9517501288295147,8.324087290188254,1.971001890926448,4.187212837738728,3.078446490168799,Moderate
8.346186819079215,2.3118477349975346,5.1054430593662286,4.346204518419724,4.524298160772554,3.435810653749534,High
7.098428713328556,3.6747146305958194,9.014490210905423,2.3603980287586994,1.8685933928630825,2.8836201536218216,Moderate
6.835353909567919,1.9605256629978125,6.647142861579227,3.257215398193106,5.964116898130329,2.837383009239781,Moderate
5.864095352544809,3.7414923535607354,5.517626095114713,5.438152850142737,3.5164699343162638,2.892514076972132,High
8.538018974359034,1.635497039602799,8.122813632346459,2.0598912293147777,3.4603043677357066,3.4102262974706528,High
6.540307142921503,2.335394001002786,7.530915386991916,3.4322908027817056,4.294723093308504,2.808415181451305,Moderate
5.322967036567573,0.32253182884413983,6.199085454581107,0.32095392336647083,11.744006429890579,2.563087199245661,Low
5.4533098818673995,3.2504913724237117,5.081752109715715,3.878736894158015,6.088472969782511,2.917662470918534,High
7.222515636378132,1.2472682690038817,7.472551913365929,2.1601772998339523,5.889983471651886,3.014592367190653,Moderate
7.629954311079707,0.33471421169250176,10.01762230422565,2.4172657780354467,3.6613217960908395,3.372547970081819,Moderate
6.622960081455158,3.3216960097130444,7.424076646699275,4.1466803791783065,1.7481983544993256,2.827048743671607,Moderate
5.536474654778573,3.2843751141313553,8.568112386228194,1.619619323585181,5.148496954886968,2.7044662141314433,Low
10.061720934139688,1.147505507802295,7.3306636997659105,0.34994045656513845,5.678055324849608,3.3209226487919588,Low
6.979815371576171,1.9703765919327874,9.657458410152254,2.4087487823360414,2.523837534195136,3.1303354660953424,Moderate
4.994913348142607,1.3090313900447577,8.182524593104933,5.81044496703574,4.374708916427567,2.9779731363302564,Low
9.255976135655711,0.7623143154780297,6.39958064106332,1.159428029059898,6.842180911815357,3.3014459314699005,High
7.556148718841747,2.054155132562403,6.059226930076552,2.766708542552885,5.582817243837851,3.3688567776265415,Moderate
5.189987243809309,0.54914275933534,9.540408829650076,4.599950586440887,4.358508328173386,2.921787652560664,Low
6.992221468897605,3.195230857033243,8.71706654260719,4.320651636808977,1.2378841128648497,2.486084938108691,Moderate
8.479695134324395,0.9321672290788957,6.727022562141245,2.947763879932443,5.034114022330541,3.4928104815753005,High
6.710815561545159,0.5851803187629778,7.130724321012747,5.944883572905652,3.803982877958803,2.765347135843543,Moderate
6.003306425546445,2.3712755765089772,7.00303815134057,0.6793723161832743,8.014676941601632,3.2732393128466533,Moderate
7.4848557099272,3.4277744745667817,6.313924674486343,0.33303414718234026,6.427884087889523,3.0866371778114203,Moderate
9.818956289505932,1.4373395437550822,7.902122625201154,3.9629745314478315,1.22856067764867,3.6675389626970287,High
5.503540127012704,1.275462158065816,5.756501438053609,4.701477878464854,6.563630474687735,2.659974643940206,High
6.180488693623785,2.849360483892711,9.911569867728458,2.6158015907693213,2.503100399591173,2.504014975253885,Moderate
6.837690478393057,1.8097062704195481,7.797515502895168,5.508348766173464,1.8050753138938127,3.4092350177606474,Moderate
9.840551121425795,3.2945783700583062,9.299321230829085,0.9294642488281109,0.9509471180261507,3.5829017674020656,High
7.066209342902534,3.7556408745941576,7.207131568836267,3.061903351454262,2.799244627860313,3.1224502360152515,Moderate
8.367094643816396,3.9687349675649513,6.316134307868868,4.150257935257485,1.7752237682510925,2.9330965794455435,High
8.745545500785024,2.2719953550602967,8.217147706355975,1.5562914623033175,2.982545172290216,3.372183879734912,High
7.503073187778432,2.3820389814578005,6.980698367275879,1.2902865554165168,5.817005542388878,3.1603753870895597,High
8.890209750689955,1.5976091024089014,6.460548229664549,2.410886246502175,4.730261917202043,3.389902204150809,High
7.158791728085506,2.158438139148885,7.664921586731297,2.9475863875469868,4.095267226204153,3.100117760601529,Moderate
5.951594735382381,0.46586157078471757,9.587771429001208,3.3335812132759397,4.2996754560324,2.628488652408196,Low
8.381426263198433,1.5734051225640229,9.550375950537958,2.9339417033334185,1.4493174517424536,3.1156260700825245,High
9.772797103572277,3.170332508929695,9.534218491338171,0.3560450956287429,1.0895684913363861,3.79541010233815,High
6.438395382556909,1.239137501267425,6.294988483776472,5.10197757509148,5.30837945930625,2.8323685129199356,Moderate
6.128201013053526,3.2347259049451447,7.986748431408571,0.0,6.265994715473245,2.8476939819800204,Moderate
7.078570587445391,1.519942482098293,5.532672171597668,4.056138269276141,5.756769089727729,3.2718585519777155,High
8.934838651662895,0.0,9.689395762502055,4.493991362173866,0.9071474737391154,3.5188643850987398,High
9.330896007179211,0.19768601764870658,9.784566333237974,3.90305293545383,0.6492872850758881,3.595739465327451,High
9.580858482660549,1.8676282240803943,7.954820918085148,2.060025245232544,2.239370652968473,3.855258469404158,High
9.6719203185562,0.20829275216274223,7.550446522465251,4.113484131990928,2.755842300943124,3.595009595728721,High
9.444888410926543,3.806470546521803,5.025853166976872,2.2222875801421593,2.80575832552869,3.7033453585293095,High
5.369230615004681,1.377439042822157,7.79799439563115,5.297589166890349,4.9321997929579915,2.805282747888037,Low
7.749633035685325,1.1101414332238266,9.551175494334114,5.2575845376883485,0.18961398758283815,3.0190688038329165,Moderate
7.047379615150915,3.3785346962906253,6.734286399022663,4.466689769201421,2.241116345402965,2.8257664876928184,Moderate
9.75841691226396,1.8669216552776529,9.05799980758582,1.3519540112465835,2.3412729072110388,3.3947381274384676,High
5.309875698250554,0.4211091426426532,7.22706232955429,3.9240294500991455,6.92630151363433,3.005483268264827,Low
8.650498424281611,2.954528162724357,7.850390866356909,4.724718489489798,0.2671879917904364,3.0555350458066575,High
7.295916226508537,1.8506644882223902,6.028211078656286,1.7938067585286588,7.169537753113228,3.1875777188216237,Moderate
6.229177589827851,1.1134245140759749,9.308457064406069,1.9981608834731743,5.478596879440052,2.8811989405882814,Moderate
6.308063528805339,0.8705425796684698,8.637054667225588,0.718755864280592,6.9324971924167755,3.000429857517204,Moderate
8.27178517943061,2.4205268107401237,9.410166282518857,0.30480012394658274,4.074381760579583,2.637049438855239,High
6.553542560308537,0.9102438191568912,5.64380945974079,1.6863165854382276,8.883510365765444,3.051743258080316,High
8.27034420268395,1.5075616694926781,8.778862401585759,1.9404095853543668,3.3363160795251376,2.8576818995249975,High
6.525978965081095,2.137705591511654,5.330917217193201,0.24966345160275372,9.451804989648224,3.0844946039033143,High
8.796169043136164,0.4638094146975418,9.06643357266997,4.303893182840015,1.752959261343953,3.2207937428412663,High
8.134126748366613,3.335632413208228,6.928778012252145,1.2292519349841695,4.272395833310809,3.8304541895360025,High
7.645434685312844,2.332017576978496,9.912795468653144,3.831426392428986,0.8195153310487739,3.2979642203453747,Moderate
9.437213661976427,3.1431307589956727,9.587207586214209,0.14437996263715813,1.2098698687405867,3.359989859847127,High
9.232224539773254,2.1623462237021758,8.740374808450106,0.6673958671077548,3.603426352052846,3.0523904500070542,High
6.241483368032374,2.8656675585206597,6.005131681178572,2.1099414982119384,7.025678262884962,2.8148060586050616,High
8.584091970169593,1.5285128483268406,7.4507560594861655,0.851848366778343,5.3708903093211715,3.026925080664113,High
8.911470729886629,1.7103016697785254,8.150314799070076,3.982818537047043,1.8174132995250911,3.4187319422703037,High
8.465804589214894,1.66338526900069,6.116520735211748,5.8891057725400815,2.4581238075441094,3.129025855806486,High
8.754275794371035,0.8748281126624262,6.831544443287658,4.659935470503445,2.660473223353323,3.512542782251787,High
7.3215282878409385,3.063117674283455,7.23192428376017,1.3466706012839469,5.515241106909248,3.242008745288594,Moderate
8.10948184490404,3.8446008089586927,6.504073605420468,2.1514941508756404,2.733044732911018,3.2964339403907754,High
9.224520170520236,3.0318506325110635,5.26127446718314,5.6643588550090795,0.4240996767718755,3.7870481720666596,High
8.661375887659068,3.527225848548685,8.256552603358505,2.9786956937414044,0.8564379391508284,3.2180166740526728,High
9.259311161965899,0.9365646483021464,5.442295135462514,4.98723798764113,3.242597933496386,3.2373830830466783,Low
9.080126387158078,0.6927680377667025,9.438824046917906,3.311752006732838,1.7772833534088,3.6908447117969567,High
7.175055124379701,0.8036360754720034,6.636187981861225,2.751037599472426,6.641920030637694,3.0592306954096378,Moderate
7.816845695737909,3.1791381131485967,9.155328136607901,2.384520165668763,1.6607642832846428,3.0052881205454707,Moderate
5.294769848838119,3.6637713961836407,5.579382068656033,1.2770291159406026,8.778611266882377,2.9093673291443967,High
8.441523053711975,1.7368737066214008,9.330845464767345,1.3029333528277123,3.3077091705542445,2.9638278164803054,High
7.753940269352503,3.486156054424604,9.739316118616864,0.8667353696100418,2.2851336500202764,3.3535667239114426,Moderate
7.257319881696719,2.16468508422227,9.810591475159002,4.643993764844434,0.0,3.232483962793839,Moderate
6.877034997424172,0.09190414476445001,4.995385465126384,2.97885385114447,9.478886635696709,2.839830099183346,High
7.043208609549281,0.16384898640943718,8.476283313782435,2.033621484563089,5.863629384000763,2.7309851711354893,Moderate
5.526306418678933,1.4213726285988524,5.891793558195446,3.382436464137239,7.251748802247466,2.990326857161152,Low
6.026609593517763,1.9579903292512522,5.672257691021321,3.988290701026299,5.505574393892156,2.8187887741726367,High
7.248825873436637,0.0,8.181328640282931,1.4119646271880877,7.116858165917148,3.1787412875581853,Moderate
7.677403275631649,2.17301108028263,9.40642490130909,2.6320098407584185,2.0591643318432125,2.7546907422974223,Moderate
9.779816356716973,3.0757627031771553,6.299840355046815,4.138742295964966,0.4316182197273227,3.7611265782825916,High
7.268338460687462,3.110649807842075,9.078697254341416,0.5992165897741577,3.9093664347098036,2.8529823578242923,Moderate
6.633966739514495,1.206762428471684,8.662138147420457,1.427606161016277,6.4864787466616685,3.1698729115777033,Moderate
5.041408577740132,3.0377044793569086,5.676202311822893,0.7403925430647254,9.93365754575158,2.6412457538000997,High
7.183014678450038,0.25108107478194813,9.83053528329477,3.9849149793184844,2.420696717700833,2.8108859998629496,Moderate
6.452779573354429,1.1445711118209907,7.218740336275828,3.61773713843471,5.0832354250398835,2.902884426671301,Moderate
9.401454747560248,1.0768206182284579,6.9129094018014,5.245450577462557,1.9942055746717773,3.3424571573082447,High
8.120250241224488,1.2758225577323572,8.561389314256626,0.0,5.799497291395596,3.2633557591010023,High
9.260331316403041,3.6580602643313016,9.544914821468653,1.2047715626846347,0.3447798979255367,3.7076854228222214,High
7.624666410715077,1.3345871520153936,7.518199908316047,4.174251381540534,3.5079212810619267,3.1109095514843,Moderate
9.47319628843396,3.4611139906320307,9.960155053184112,1.2276040712893,0.0,3.4536091379181952,High
6.326692059877392,0.5175816788388411,5.53339316538828,1.5736437549066435,9.533138228190055,3.254532415528542,High
9.575363894067241,2.414212501706029,4.927744438815983,1.1983742306676242,6.004285352814259,3.525149959892943,High
5.431912647603517,1.483876257336899,7.459931883241682,0.11415724370893016,9.069812064539306,2.617542041084373,Low
8.350305838191348,2.008628891140559,7.486517565748505,2.551481756086189,3.76972023530648,3.121914860819929,High
9.611636893586233,0.8798312465988049,7.731660251272756,4.184482877403764,1.4006597994953174,3.589370141309882,High
6.826459645958278,2.0185938577615428,5.387151397900136,3.841395774108463,5.965262020421909,3.048419782056059,High
6.300961426669758,0.3602204747788111,8.091470817774846,3.2055672868788654,6.043404699943469,2.9913803225386686,Moderate
8.117190558183415,0.8322856639196221,7.316389212640327,4.491918893377691,3.973376804013854,3.206668275661352,High
7.503175860809499,1.5770292636779923,6.352216842642441,3.7519384032730647,4.735053785245471,3.1881998634100395,Moderate
5.222556231206056,1.7966353290980157,9.686513469569727,0.5895732017173734,7.014944080212366,2.9248808791025325,Low
9.971371882550583,3.922020909654035,5.317292460813933,4.694647922883012,0.7647925437162155,3.6866235807303083,High
7.068385486779107,1.6319657022632894,8.382556721462091,4.5936831458024345,2.2534781055772295,2.9338726695667896,Moderate
5.060158189900033,2.401213845824014,5.929391597562041,2.1844096338233157,8.48954532241505,2.7609035507178867,High
6.514667827552029,0.588584934963393,5.748300558502795,0.4656063658324012,11.688141875667972,2.53041164476,High
7.378173089783312,3.752087184313212,5.354933588367665,5.7298422323563685,1.2181502295892443,3.224894995541116,High
8.03097463896982,3.404965172138738,5.488673134896402,3.0526927277721074,4.500122806713037,3.534619713989874,High
8.695398255305017,2.308238536022316,9.298725884427736,0.5204140712261076,3.47321140639412,3.3389480717573443,High
7.066699713997925,1.349584335156125,8.002106719210449,5.427955034442312,2.3564907747434773,3.41340340464961,Moderate
7.2077439674277946,3.286295517934946,6.725769509853174,0.6385512158803721,5.865882050434375,2.807198902381313,Moderate
8.64609783557463,3.1508991303223364,5.2542260630049,1.366225604778556,6.209236688101371,3.106218821649501,High
6.501760308189474,2.3634138870169776,5.77661115680977,1.1018799760002114,8.634315117205631,2.8637372894187028,High
6.621534651809474,3.158210228811774,7.619559961635341,0.8994194759382783,5.908872612768582,2.7379270393531505,Moderate
9.224710839807434,1.4784918674892087,6.2393928998493715,2.284208860106268,5.4974054997392505,2.9286796509008615,High
6.0795921862576865,1.615233148357847,4.779196150810854,4.673838544635151,6.513829993736166,2.9249446717651817,Low
5.77091384818329,0.20373859547377088,8.28590029497852,4.625213211197793,4.4655509729812115,2.872238583618906,Low
5.951541140347167,2.7446786782996617,8.373400190676442,1.5044637911230914,4.775888495170882,3.186598456222303,Moderate
9.687253292680172,0.38939383280291756,9.81054191011627,3.849180458109645,0.7767375247125176,3.495089254599074,High
8.703964790495721,0.7328438471563041,7.111738961019509,0.32090331269304473,6.879610868176728,3.3178477058211087,High
7.0580167893783585,3.1817467842291265,6.911836014505054,2.313077000546465,5.367548995261667,3.2373425625100323,Moderate
4.996291483647566,1.450300458082923,5.5346982377763005,4.057604385246735,7.377981751240036,2.780460588864353,High
5.417282009949672,2.5245481312655613,6.47634548206097,0.9385210428044841,8.203510471896323,2.7505081657888404,Low
7.3116386369483894,1.8634715327005074,6.787566801973972,0.9695881036767713,7.5745711405311855,3.0734048204929763,Moderate
6.879795370729512,2.8295630472544406,8.840593298834326,2.8389381309715036,2.291207714224947,2.7830743646206915,Moderate
6.125620099015935,0.7880793622882211,6.180299755825428,1.1066495677019057,9.689210070680032,3.0380747454236166,Moderate
7.799521231235033,2.2083520157058016,9.61011158046492,1.0591000412086844,4.023049615509008,3.3866926000114868,Moderate
7.620693785881849,1.0543349145646184,6.520910663721487,0.3209340814037858,8.982543859295546,3.268677847275935,Moderate
6.476189183144221,2.9921289037293572,5.32057091164064,1.1996257585979981,8.112072546145695,3.174944885088103,High
7.467261188458538,2.5928499671109555,7.131865414615452,0.8088352900351411,5.763560664358398,3.273299468529872,Moderate
7.0387679211775085,2.4073917059370373,9.893636858939201,0.5040904060602456,5.066362432806524,2.580810856930663,Moderate
7.560643905167806,0.1440462226679249,6.869939186538914,5.014906155666018,5.029466330285447,3.163259822928114,Moderate
7.790990763740241,1.7626981067137766,6.369355572600405,1.5157082800348598,5.915717196917022,3.3574071428679084,Moderate
10.011902616828884,1.8940434741003476,7.075266895826602,4.420773604152997,0.5241824837081852,3.4305030181226126,High
6.975637186480283,2.060794621943044,6.130881582950515,4.592131096659124,3.7307097557662514,3.3735404884593865,Moderate
8.986134443279523,0.8795460791821359,8.61614767069624,4.811981876028791,1.179761347943776,3.3371487391620094,High
6.764557422582419,0.8415176326215666,4.945441285924922,2.888970925861773,8.856958674924226,3.145132699320876,High
5.998173085027742,3.4953146305547587,6.2096219652357725,1.5181720847832698,7.1870103116728075,2.4840255904951314,Low
7.551686973547975,2.1213919195692643,6.175950202562316,1.586847012265466,6.848278664207405,3.293770992656479,Moderate
9.003944039237284,1.695303421116654,8.483467762107406,3.721418498278542,0.9680353490857705,3.1477902684119443,High
5.7195420814063676,3.693059883053653,9.085980858211846,1.045034417794826,4.135466783833195,2.8177585729521892,Low
5.695256420298568,2.9943082491543076,7.564695802411317,4.613612253546191,3.268701222579702,2.837472272198361,Low
8.702165692691963,2.466937367314727,8.292266089704883,0.0,4.427742053723844,3.5126346257555316,High
4.8791890943036496,0.0,9.585335458888297,4.103015762133391,6.180151216284077,2.4896336430630956,Low
6.216901982869439,2.8848426942604983,9.08263089569721,2.0149162575048156,4.026900137000728,2.8813300493161087,Moderate
7.357291707500642,3.190291041838053,6.282000485642812,1.5209238474324884,5.8524448598651135,3.0613691955162814,Moderate
5.92327532084635,4.018998860614014,5.952843691064062,3.409929170003612,4.421876537184235,2.8593538761011943,Moderate
8.168593083926394,3.1126263163148327,9.996558192965493,0.4587052725244853,2.5862162230832846,3.3271754239007576,High
9.16562591652299,1.5046981983177812,5.90888719411566,2.8365488590780643,5.603469476078173,3.3220771776003644,High
7.584107084508166,4.120906594590885,6.926263259325824,3.3736180199023265,2.322019991796243,3.4622245865702994,Moderate
6.788853975627864,1.4523732444622657,8.168272095953874,5.4809303761786206,1.5011448163975414,3.2884518095693553,Moderate
5.336637185545223,0.7907125590993012,7.47255438138052,0.32778880323019943,9.976339858661682,2.881758583823788,Low
6.047855522813884,2.1857355092234974,5.0703950462235285,1.6559208754887047,8.916205602028581,3.4875871513901386,High
9.616249949812074,2.6324558348315534,6.955712694687543,4.364076034454757,0.30052789958273823,3.593027317225233,High
8.91879706874317,0.8904524391238864,5.757105708240714,4.307528983284995,4.813081101137887,3.6383826597968842,High
8.770980256118252,2.5314986251335045,9.837434487216283,1.6617865450374578,1.154703825812866,3.322321039953474,High
5.426089209942582,3.376516720630241,6.292362172915009,4.379479109371522,3.6683227963352008,2.807305794315442,Low
8.024688956161647,1.733880430275824,6.687314034977401,2.305645636605544,5.409825447546729,3.2790148730521382,Moderate
8.20887945101638,2.983216002726545,8.406850078469914,0.9961026005795472,3.202597042357629,3.5006583753583302,High
7.513376126646165,1.8074811874341994,8.628924521056717,3.7093770790992364,1.6559145770775479,3.088853326049849,Moderate
7.18377291635984,3.6841155536505745,5.8077393459818945,6.01764617111132,1.8331415500438788,3.0035849765644795,High
8.463320614368152,3.268844086738136,9.045650784305913,2.936584020181063,0.2515348248062917,3.399390336610369,High
6.767449590453601,2.7226263032555815,5.482498894926426,2.545356449996347,6.625489876162016,2.858738754071048,Moderate
8.231026191537318,1.86103678286784,8.313643908368944,5.511910960855179,0.0,3.3933378517089037,Moderate
5.281696033497565,2.4697602758108985,9.200431604557492,2.9353861418462497,4.42690854855056,2.802899761277885,Low
6.866594001692832,0.6187971718157684,9.152108266846236,3.120774190739574,4.567195444835701,2.8514145673295936,Moderate
9.983849247854495,3.1949477995388142,8.500706270654325,0.0,2.99106253074494,3.1520046806777042,High
9.693400849183014,0.9230285752075529,6.2365159197168945,2.9214425197866176,4.450388791541134,3.358364777357006,High
6.197087788417527,0.6070532012660104,8.00598427447317,0.4877257814915202,8.131577137886916,2.9208233481282115,Moderate
8.90481133550422,2.1241018869523165,7.175305440887666,3.437632706979212,2.8022029229216296,3.236759569185011,High
6.956058522514266,3.7090929914141197,5.255599312979336,3.8483110244807595,4.257424074060326,3.048353959049294,High
5.9635873831377095,1.4246856763932,8.587416477295108,0.6872708508558244,7.964674041570445,2.9286331346479764,Low
9.003430502811282,2.828863285904523,8.562604549944297,0.09563571104482946,3.463190393336037,3.54785870694025,High
9.06427764137836,0.28097720732777387,5.066098988865895,2.151340762888077,6.983346868120649,3.596113485166008,High
5.534349590475797,2.3306250197723353,9.606233955368522,2.267877430993184,4.6654546848841045,2.9471848458615026,Low
5.465282150273704,2.210384818736002,7.335336750878591,5.583655356191777,3.432815915169942,2.800158681108796,Low
5.497947090920558,0.6887519296201818,5.208884870583135,2.4303768622061765,9.743934163348912,2.8688578087887384,High
8.137031612638866,2.6615099245245375,7.760231503991423,0.550967559885625,5.211485492741756,3.1174352623838284,Moderate
7.119188145174425,3.893229829670673,9.245557308455574,3.2164029984885816,0.36406558682634427,2.897773275424515,Moderate
7.3227074942171715,2.539875344770427,9.312751495445921,3.481262733370244,1.0858871958952068,3.019801641928853,High
9.711867393969603,0.13742026928306578,5.062864289507723,4.0193035463134095,4.563149307741039,3.258547914830103,High
6.665478012408757,1.0682965918872465,7.517814572701562,2.6819055664104114,5.892262401847213,2.844519957550842,Moderate
7.701592488184418,2.673733606334963,6.8436864330463365,1.5605741250710696,4.876844869135699,3.02491390875281,Moderate
8.803127315580644,3.090895757276133,8.155083863201925,0.809699485066579,3.1356945104694587,3.140739508619927,High
8.02468806457653,2.2607945507529297,7.316081664268768,3.3366887804593444,3.0281285562531037,3.756710277215141,Moderate
8.553623824915077,0.3505674833429047,8.43943834473644,0.7315360801902663,5.776027399329085,3.184458028157432,High
5.203156324327657,3.876608347649103,9.741214495322376,0.5366467175226063,4.437507458108556,2.5411688215015897,Low
7.291333611168673,3.2577396856229726,10.126208293786785,2.1759388281864345,0.991270027135015,3.0445450945369297,Moderate
6.745228176451796,2.519778361545669,6.578324171948064,5.410255088278851,2.6549304386814283,3.029196859663251,Moderate
6.787265653567623,1.3264098892437157,5.269456448507223,4.925553874538651,6.321086059485758,3.1965695295505916,High
7.595938917446582,1.1492340873566846,7.531471689987314,5.0974795207141534,3.1201366679477833,2.8521934220477982,Moderate
6.952010282129963,1.4024304042985816,5.969288418984637,3.5601585902430934,6.145737223861931,2.92580355780682,High
7.255561894311185,3.5984627799642386,5.122023829040801,3.887914568795699,4.1773864910637295,3.240610006050585,High
9.45147289080971,2.8059533117822353,9.650828646808108,1.068864844703044,1.24186696925731,3.591462427198778,High
7.537282689764665,0.013424855902338967,4.809127260826893,1.547691835095431,10.008330973020927,3.0257438702248676,High
6.096836991963401,0.10504068590884395,9.450553607171717,0.0,8.468235520205416,2.800686861031228,Low
8.670003329911836,0.5345494628731547,9.568881703406397,4.609146530884895,1.045548803515393,3.5706835102173176,High
5.097808305444227,3.743291409019868,9.42798600471654,4.982332622556727,0.4192446734199353,2.931967466661579,Low
8.152051078178413,1.229549601390762,9.437257058507102,1.4673806040787485,2.812940468254852,3.062412326449673,High
9.356093678678429,0.5263388709873233,6.182521659684677,3.5267817569334334,4.107597165787692,3.4974076085298766,High
8.916969502395913,2.7406938066632747,6.245682266382627,0.17862135842033824,6.396563605573398,3.2453610584216475,High
9.484531434969641,1.6855735234912474,7.37155209293389,2.4895052787622958,2.859217707002723,3.645828469148215,High
7.168182503304876,3.0422397528242158,7.507439433785286,1.8931694680005366,4.679768344934474,2.7958036035800116,Moderate
5.757699032361184,2.5713677136057544,8.331683748063167,4.425405006829779,2.8233146691043487,2.9210548787431634,Low
7.642717716475326,3.553141023788126,9.574338428933792,2.6366495591066954,0.6027026573822446,2.842986780336713,Moderate
9.93708584756676,1.2544165945556045,6.044689798721771,2.9292583661326455,4.2848311714994045,3.630304291250549,High
5.27588759192325,3.8851908820631906,8.084558518954639,3.0644429660605903,3.4651851918526475,2.7704977563599744,Low
5.28944087239244,2.437552327289782,8.557541260563376,2.409438339808418,5.370558208555247,3.2098897863210487,Low
9.096978650774366,0.9418414435917021,6.176019540078598,0.8864118547230164,7.074458156368023,3.5421587670532952,High
8.946110610971447,1.3393718393233485,7.7762440840003695,4.015749788538323,1.2109510398751553,3.282802715879649,High
6.2256329098073815,0.7555640123930182,10.091683815416244,3.723335987315771,3.554020563030922,2.780732105562997,Moderate
6.234977107825153,1.9109923043278771,6.311864231099495,1.038802358758232,7.928235501835543,3.0790494211341333,Moderate
6.364916042351341,0.15285262136960848,8.53909798253916,2.9125290197615126,6.242700787321593,3.0160542982767224,Moderate
5.507303397259152,3.216358531327575,5.008978631018661,1.4612234164274414,8.900242722266668,2.6893665828430087,High
9.620871051057467,3.0699280808135585,5.816819556204164,5.07069385629143,1.6333708205935111,3.680732301889426,High
7.806608626207467,2.569220356217282,9.899046857179535,0.9453697575530269,2.578876122764986,3.134735186228103,Moderate
8.196705042833365,1.6461697253307086,5.266979006023443,0.0,8.807213495570027,3.2816593351343673,High
7.993709376194327,2.29876114310526,5.2494883503880665,2.9490976434257714,6.429855191863474,2.999688189527096,High
9.503212114262789,1.6060148541409094,7.96815971900393,3.8534003862106094,1.0027915636709952,3.4552667694194104,Moderate
9.220847197478799,1.6193922050819043,9.255948700316377,0.8527384842667078,2.567247385417485,3.7147976390517603,High
6.391418891681171,0.25564928983061075,9.07556996536793,2.527381666394382,5.961152580579938,2.82351962552744,Moderate
9.42980888934306,3.230877574289181,7.774962756948026,2.0419334931923188,1.1458094852825105,3.313297672080003,High
7.505196922141749,1.8065209580780808,9.652309555680434,0.6424699079861952,4.745769166965104,2.6984657031468844,Moderate
7.435919268042824,1.8530766688616114,7.563166780992472,0.9881808219623475,6.242485300420542,2.9678387664524797,Moderate
7.604782340954776,0.9152843146720422,6.118308126970556,0.41502441561059755,9.104261363740308,3.0483920133998974,High
7.9938676683720145,2.8409704174631423,8.27926235270463,2.1461708472584027,2.36704819441436,3.4966013044285633,High
6.970842984409678,1.4970998639432695,8.321922644238612,2.9754250825566637,4.57270645056008,3.02523935905929,Moderate
8.222620810614163,1.0972002909713512,5.03641607990407,5.2327160988243735,3.828628301111194,3.2016980427398263,High
6.118855898886426,3.8373825827777894,8.451905201928847,4.4041326748461564,1.4189362731043031,2.801662473189963,Moderate
7.581349309242082,0.689055397817174,6.595905237330258,2.1490509558552113,7.335679783354886,2.97083952252187,Moderate
5.6703918735732035,0.9796317717215375,8.522334070909867,1.0919940397815193,7.619812945299616,2.9157067897750037,Low
10.008463408266088,1.1671915825679933,5.568217163094715,3.5537361877856983,3.183637306753342,3.4278112863492316,High
9.599163005279388,3.237589270905009,7.973882838056319,1.0360650087747065,2.164702920241086,3.281400332633222,High
8.298167619503495,2.956239120780706,9.727072068423732,1.0409141278782867,2.168683352912607,3.247675848817507,High
5.0644391604983605,2.2266204624302546,8.360647238675707,4.622487587419944,3.5657752422595865,2.6043328856442893,Low
7.6364252457719966,1.1887638037298154,9.377540173550932,2.4894423617764927,3.295785890514252,2.9365957763319854,Moderate
9.111034849525563,2.224915262634234,8.780659642903148,1.2537178432281082,2.593991506497984,3.2059161824208577,High
7.478204100764061,0.8563442922701443,7.50186038348641,1.9124442510563218,6.335127487868835,3.2891189311128293,Moderate
6.443844913491683,3.6568072921072488,5.955650241028533,4.795900701498719,3.2365039286190913,2.779527741057923,High
5.28538261754092,1.6241954009582393,9.652326419285012,0.0,7.46994494078224,2.9371960231175516,Low
7.939232637602935,2.0468155768226186,9.581866976889915,0.3133373557310682,4.447532364397903,3.358103480377677,Moderate
8.201689202644491,3.7634952784581763,9.06981832088619,0.43149140676645925,2.900145744990463,3.4692595300060947,High
7.44054979895291,1.8215867730360367,6.420444072223807,2.7631942212187517,5.732057040449087,2.8872351432570165,Moderate
9.897270293007963,0.36084539452455083,9.30508356632136,1.9461583062560766,2.052984251371417,3.1095597586632278,High
7.902469645226128,3.3906049734082604,6.7657059203344545,2.3702314635924684,3.2404588001302326,2.890814997781693,High
9.604689315549846,3.1148495703498136,5.6677010505359995,0.6653512990340938,4.861848569676745,3.2220402760620472,High
7.248024714743526,0.6431914655546009,7.965892923116983,0.8600306766276069,7.269774638040138,3.028108943084045,Moderate
6.658074774322304,2.7841060103231707,7.542079026856743,5.534750548377256,1.2943130336581496,3.031476444218746,Moderate
9.480106245564132,1.6349871474663429,5.324605367611222,4.985900121841726,2.88190157655312,3.5885638286172874,High
9.131327162294243,0.7838897940378722,9.589795234907227,1.3824637595167784,2.71009875235799,3.2522824572568845,High
9.773560117675496,1.2018729870968512,9.902058000016343,0.5804407297584357,3.514180267696472,3.576020643534271,High
7.420311289973974,0.7938103914266441,8.3429835431204,1.093701463980732,6.074553570713669,3.4980379010035434,Moderate
7.787868138530418,1.0773338073790633,9.843485004682758,0.05179277724367512,5.4442211748772324,3.0468429062291875,Moderate
7.233645861374611,0.9669623185478501,7.4673518273035535,5.32912454905656,3.7193492374121577,2.9532496372633754,Moderate
8.46114121492991,2.510660523048917,5.404326365145941,4.266137648246836,3.5611988390297498,3.4066780935857826,High
6.274617422222914,1.71488664825973,6.628067059125191,4.925281655120561,4.02041998573372,2.825920113022689,Moderate
5.693786723683942,2.2542939841658627,5.5855732783399485,4.1745554351339385,5.921835016321538,2.8445343686526705,High
7.3202922340866525,3.671098054329593,7.554042872353021,2.423162540823096,2.63781678016758,3.2651921731860254,Moderate
7.931832800232128,2.8443303385758663,5.270756727428048,4.979130241486491,2.8188302820686753,3.097085748665832,High
8.598100667107234,1.6339611654999808,5.3602354860593255,3.8487156771534794,3.826808333609595,3.363800882246127,High
9.425034005796926,3.597532608026025,9.82652366397824,0.7208402504904022,0.06143721846329783,3.308468060056961,High
8.068901661863809,2.3927647526783415,6.842818949749182,5.158028760059311,1.3850780908655667,3.4688541783444338,Moderate
7.555772155137195,1.6631314723792623,10.066207024754366,2.411452048740866,2.440079251433405,3.1388888763820124,Moderate
9.061437073946658,2.943906585688794,9.106581430651081,2.0765233866304125,0.8046370223918127,3.0415995867208725,High
6.512574282194486,3.5104859005786486,9.361898939367467,0.9275445910527986,3.799808478142497,2.970278688167962,Moderate
8.21495326771131,2.1234217573889462,5.310524059591033,4.3545913125489015,3.889310042158017,3.4450005050176564,High
7.54775252037588,2.611199954444939,7.616367656039209,3.1223878189495435,3.1804469781305995,3.0266787826957895,Low
5.878727058236207,0.8089331845200901,9.985567814733454,1.22504199790049,6.7560777689264695,2.748529224056731,Low
6.272665931826603,2.546351038509776,7.939835445252686,1.0171828834369443,6.295661087092108,3.094599494286366,Moderate
5.9131890476598175,1.013183366468757,9.6452066281088,4.968459644753106,1.8425772786149726,3.065977371550075,Moderate
8.282537806498029,0.11325635571740661,7.090540525441847,3.266354805458344,4.89771190279812,3.239920420615295,High
7.8945414236364595,1.233314991780181,8.98164852249119,4.818440259926982,0.9938986151584331,2.903149753111435,Moderate
6.48494062665031,3.3966792589256842,5.701846941556131,5.11693417363216,3.6694071856058668,2.902721278455277,High
9.68044029694291,1.460383627174328,6.302505545145038,3.0131944948248193,3.7109283870085954,3.8780302812802026,High
7.3647880229157225,1.5270914934845778,8.417265239385765,4.300304744327007,2.4491836705971224,3.2419511904613834,Moderate
6.994825799306918,2.8395471910453263,7.379419582014808,5.812965566569142,0.8596058595054229,2.839344707453525,Moderate
8.511896080026826,3.6898686741724274,9.270779910320716,2.0752132131570344,0.5006225193168764,3.2615660308278227,High
6.487461278091241,1.463534858996206,5.018409196782905,3.2033034843412693,7.802977114155878,3.1967864989912655,High
7.51719929626984,2.126581180445653,9.959130105390718,4.157813545763472,0.36724032267718987,3.0527758920330936,Moderate
6.854724947536852,1.4968553140298166,8.954964687778054,3.2531926596010954,3.2810055826868805,2.8390520142257354,Moderate
7.842379579507747,3.372448471970314,8.970054028467272,0.2298905432711078,3.1629163030971137,3.0497181270712046,Moderate
6.618123148409299,0.2716702922316512,7.470290246205968,2.1716059558715446,7.6379520694763725,3.3174864045502046,Moderate
6.414567714354849,2.9781247579782124,8.595146113403214,1.4374518613899345,4.501532084469489,2.6326787245661394,Moderate
6.330922079940919,0.011399152168671496,6.2456248248618165,0.6837417756060388,10.869574076194766,3.140277410788944,Moderate
7.851022225201624,0.5431402331314777,7.56589062343302,3.6506500767169774,4.354000386188467,3.042958157420978,High
8.62804920613187,1.7377211050641148,7.279854980532169,3.0551499183140667,2.647572214029051,3.620291996552163,High
