Study_Hours_Per_Day,Extracurricular_Hours_Per_Day,Sleep_Hours_Per_Day,Social_Hours_Per_Day,Physical_Activity_Hours_Per_Day,GPA,Stress_Level
7.087208588846535,3.8,9.02319489339811,2.6560364180869453,1.8,2.985102465166338,Moderate
5.423191123956727,3.5,7.901597628065309,4.0806193596687566,3.0,2.7979186061651466,Low
5.089114111582278,3.9,9.236514692533833,1.57509401343514,4.6,2.6630689149000277,Low
6.465949934982898,2.1,7.231358759972792,1.6257272181331033,6.5,2.902266329519746,Moderate
8.130715516517354,0.6,6.4402116689072635,2.2348025438016506,6.6,3.501438096272727,High
6.08244775384806,2.1,8.036810478875138,0.10969123796557254,7.6,2.816585989830518,Moderate
8.178946533036203,0.7,5.443070853367345,5.766372405468131,4.3,3.1165157550876192,High
8.206616142116582,1.8,5.444362355020678,3.285821048475871,5.2,3.2402935227815775,High
5.249162036350975,3.6,5.7444265999928,4.129712429844443,4.9,2.8185037128379764,Low
7.734235778257515,0.7,9.987731512099895,4.517833326436154,1.3,2.7890750159034234,Moderate
9.525556369143356,3.6,7.925730853507849,2.051613141719059,0.2,3.397350318364908,High
6.848861941345799,1.1,9.234349914513608,2.2839654430268164,4.8,2.915785209809678,Moderate
6.3218845132578805,2.2,5.557602981227866,4.810516569012178,4.9,2.8849171212634803,High
4.7654940632425316,3.3,8.419647480293184,4.329864289430343,2.8,2.8537055800640814,Low
8.83323566233994,0.3,6.823337229433215,0.7958447140571376,7.3,3.4114638558826598,High
6.755258885035171,0.3,6.4933298162817215,2.107970241255298,8.4,3.1653286797566995,Moderate
8.640400093550229,2.6,9.667947264890751,1.5342115268621048,1.8,3.38774123275041,High
8.747133217226969,2.2,8.797855712297007,1.9645939509180272,2.1,3.1822931734954865,High
7.445479618647758,1.7,5.042639236544378,0.62256500180614,9.0,3.1120930498731054,High
6.558429205032424,2.0,9.705218891261412,1.3769054010224355,4.4,2.9699962760219005,Moderate
7.094540530313218,3.0,6.068330010791878,0.36321441302222535,7.3,2.868770216722852,Moderate
9.459811585889568,3.2,8.30460824381506,2.574719897154867,0.4,3.3640429616104197,High
8.965721006762605,0.7,9.307518328827301,2.922418201519081,2.2,3.166206814218727,High
6.149189308285877,1.7,9.045698449036962,5.0470344477982065,1.9,2.9027880129613455,Moderate
5.113994238733025,2.0,7.187456770030233,1.0295803438582718,8.6,2.7381286594513035,Low
9.791196713629343,1.3,7.557911612148497,3.6067620506327636,1.6,3.285036526777418,High
6.860203669743864,3.9,9.976438948799283,1.0107847874588465,2.6,2.6494795351260123,Moderate
6.7296016444716,0.1,7.851998793303904,2.8309496674068906,6.5,2.9665191519396297,Moderate
5.347232955633711,1.1,9.393654214101613,1.2663862419319203,6.7,2.804116426215334,Low
9.869745989647532,1.0,8.215416241528981,3.5380110599577095,1.1,3.247013099664609,High
6.1549989682914426,2.9,6.861466135604903,3.7606321434215073,4.3,3.051291760996731,Moderate
5.757341516174192,3.3,6.73706496350553,0.9613300736517412,7.5,3.222055021180089,Low
5.161960965435507,2.4,8.273940679126078,0.1449016508156936,7.9,2.4762068854865835,Low
8.272099682192197,0.7,8.583833829188224,1.9888067543170793,4.3,3.2450291252408747,High
9.732083310483219,0.6,6.879145046408446,0.6251094868650149,6.3,3.642127423546159,High
8.934069833714114,2.2,7.76066534638892,1.238646282515396,3.9,3.0630230091103554,High
5.3462157123397,3.6,9.601338087234096,3.4355452388728063,2.0,2.5057903600260505,Low
8.712130725821288,3.6,9.399613700016568,2.0000575575684976,0.5,3.028429558180091,High
8.181330474417802,0.3,5.870861414516335,5.473926064042253,4.3,3.311402417685005,High
4.8427578157791915,0.6,7.708788401750326,4.294492052428687,6.5,2.628467367827269,Low
8.230894687752173,0.9,8.454918401471652,1.4455348486812387,4.8,3.5082771534946637,High
8.301639881632859,3.4,8.49775501425598,1.9306830810873663,1.8,3.0838723176952807,High
5.5438685739444935,1.5,6.4914290569387845,1.7413582047532852,9.2,2.8242339541286112,Low
9.408793148693068,2.5,9.08819993350683,1.46861584234511,1.5,3.520582189951055,High
7.915868251427039,2.0,6.0386988174093235,4.40405297041083,3.8,2.9682832490478646,Moderate
9.541692760550566,3.8,9.626261374993065,0.25062886978628046,0.6,3.5338625620395305,High
5.370952794010144,3.7,7.177243764370248,5.878998609444147,2.3,2.554609191228611,Low
9.354756401418534,1.3,5.845633004862415,3.5199009451682786,4.3,3.0417553323395805,High
9.638855467405955,2.8,8.016834450633779,0.06512789046645054,3.3,3.4199720614300717,High
9.420262356190475,3.0,8.352997482324142,2.2722477550877516,0.9,3.2229872694583763,High
6.8832650961454,1.2,9.001538532864217,4.8943799571426165,2.1,3.1078635985491943,Moderate
8.83309194359794,2.6,8.224084630056229,3.3105015207285526,0.8,3.962600542243224,High
9.511785360819351,1.4,7.044975035899467,0.6816143642026908,5.6,3.325359996294515,High
7.212077939693387,2.2,6.567458094808829,3.4115935901061984,4.6,3.14777297877031,Moderate
5.181001639053397,0.1,9.223686362217443,2.1605413731670207,7.4,2.7961351879362315,Low
8.761167764095644,0.9,8.584676311344433,0.4373813330006623,5.7,3.1183531121375383,High
5.3099841136373955,2.1,7.652012945946645,3.5029270943077644,5.1,2.342352201107475,Low
8.949130478062813,1.1,7.237989983962922,0.3369751430475274,6.2,3.3517345514258174,High
5.214892063454755,3.9,9.150171474882574,3.875230114735433,1.8,2.5079932505941196,Low
5.684508874320092,1.0,7.804693059800135,4.149157500318005,5.2,2.805821420864425,Low
8.051514709853004,1.1,9.837804008068002,3.4675781846429397,1.3,3.6716671443234397,High
6.959603999120024,1.0,7.013869398859976,4.331679454589097,4.6,3.277343292463288,Moderate
4.833111041082915,0.5,5.274152661759252,0.0,13.0,2.883845705089784,High
7.423815683357372,0.4,7.471251287525989,2.7476314287012498,5.9,3.2458439792926064,Moderate
5.976867090340759,1.7,7.163209029979797,3.7267359953086774,5.7,2.768044163906923,Low
6.852953412630997,2.5,7.458145961320328,4.94216906347111,2.0,3.0183065864075598,Moderate
8.141130937182734,0.7,5.367749254598652,3.936151468183968,5.7,3.2650574173119833,Moderate
9.734168626630904,2.3,6.758644841536016,3.3876898966540248,1.8,3.3581831748987327,High
7.48627731101862,2.2,9.721812548374489,1.916929775750921,2.9,3.2037866300048687,Moderate
5.29498269069889,1.3,9.042394840319734,0.0,8.0,2.6992482974064766,Low
9.088247802293376,1.1,5.776988595023856,4.289405940006601,4.0,3.597294196652514,High
8.659624752143403,3.2,6.36263074569154,1.3675588613744667,4.7,3.3582996494673254,High
8.900543402597181,3.2,9.795866846864872,1.0057810593704715,1.2,3.603748198593906,High
6.8522485226176455,3.7,9.49769622761245,1.4889437560084047,2.5,2.8817535859841295,Moderate
8.622703832094754,3.0,5.347268696659528,5.434786849334399,1.3,3.564865721344777,High
6.468534661665932,3.6,6.995800480553619,0.3618374667304711,6.8,3.004239102214987,Moderate
9.274485390667346,0.4,6.509706518333404,5.355603466860687,1.8,3.423182190781105,High
7.971135734629233,1.8,6.154506555297485,2.007899870265844,5.5,3.3392962811559217,High
8.399708423465091,3.0,9.18613792762988,3.033341636677412,0.8,3.263714970527226,High
5.307868700894004,2.2,7.255511616064287,5.373136750395565,4.0,2.5925074391214036,Low
6.795702969618505,0.5,5.586176294816744,4.561944170140949,6.4,2.873658069811723,High
5.368949163024329,2.8,4.99240692319454,5.006764706465946,5.5,2.9230533593292236,High
8.502573392291444,0.3,5.14909030428445,5.893930423283859,3.9,2.991718647102453,High
9.10310744377552,3.8,9.838149590639906,1.0062401422756961,0.3,3.0850955397421003,High
7.189072743486798,0.3,8.89652503117666,3.389943661221828,4.5,3.200916693652875,Moderate
5.6235374630390655,2.0,5.031573321283287,2.7057048520903537,8.5,2.8033979765075423,High
5.528084241794723,0.5,5.6697209993989315,3.9665253163214227,8.7,2.880942944377696,High
9.754726051283317,1.5,6.5137755754360915,5.024278733549864,1.1,3.7833312064790197,High
6.039773267229146,3.9,4.971212724842505,5.9158275530301765,3.1,2.923174031891134,High
5.134036520217284,2.2,9.76490830056244,3.381818518646616,3.5,2.7950505068685145,Low
8.079022474788847,2.8,7.368261696461875,3.643709158597354,2.2,3.4321433460666806,High
5.387934341253626,1.1,9.934130345524611,5.283286146911791,2.6,2.8287491135119103,Low
7.34263100234129,2.5,6.389182040785513,1.143905016916944,6.7,2.6830017319462756,Moderate
7.96297769566224,0.3,9.816906799274108,5.73011896185407,0.1,3.0615777792857455,Moderate
8.33312273121594,2.1,6.665247067897171,4.834535487870527,2.0,3.088318361271017,High
9.558245052721295,3.3,9.380819945156071,0.9800384324245108,0.4,3.5770173632256657,High
8.017497096294044,1.7,9.87005697767953,3.89193314368026,0.6,3.392421809758936,High
10.12655039483567,0.6,7.818055565859309,2.189101434980696,3.4,3.388597909889466,High
9.752091605437364,3.4,9.071787878684638,0.6339315924857419,0.9,3.160263346361053,High
5.464905132943214,3.5,8.99773965823421,5.982240503017514,0.1,2.693473213991391,Low
9.944604558275394,2.2,9.035088776814824,3.008170099782408,0.2,3.408175359417149,High
7.4821902991973,0.5,9.825997634787683,3.359014725185185,2.8,3.212581995201792,Moderate
5.882193496189101,2.7,7.981504016478424,2.3394563818939633,5.0,2.9572007770931767,Moderate
7.564524148677348,3.1,7.791407531770176,5.083647093645471,0.8,2.9512273132224913,Moderate
7.6301990069511,2.2,9.340137052818404,1.6720801422111882,2.7,3.2995057264900485,Moderate
8.547291680383127,0.9,5.499917341841184,0.0,8.8,3.5420991672581965,High
6.877818350861552,2.4,7.013569854296976,2.4174048705478257,5.2,2.932818197112948,Moderate
7.788042790024351,3.1,6.902209238329766,3.477050436256298,2.6,3.264051863590658,Moderate
9.45634891289126,3.8,5.454936283690138,4.446871508650435,0.4,3.0839714765240656,High
7.058044092861911,3.9,7.638692635537246,1.5430920444073002,3.6,3.0629678929926945,Moderate
8.186128536509194,1.0,5.135789031979894,0.7354769374270136,8.6,3.309661513795673,High
5.933280280390842,1.4,9.587847415771574,3.188413096481585,4.4,2.722079900260926,Low
8.415994727644636,0.7,6.073684364484199,0.45247307586006125,8.8,3.0873704605499794,Moderate
6.023541732221343,0.4,5.436634996114065,2.738018717328121,9.3,2.793335737190479,High
5.652936751325028,1.5,7.379751232618052,4.190758279946283,4.9,2.738846685416182,Moderate
9.241221485462464,3.7,5.021427262883862,1.706842150907221,4.0,3.496244569590153,High
9.081882855209447,3.0,6.119281614644691,1.4711552048050707,4.8,3.302029916479158,High
8.224154989831282,1.5,7.046986357551193,4.43125535716732,2.6,2.804202742818545,High
5.129233686889706,1.0,8.626385678087246,5.047551976752044,3.8,3.410454866074362,Low
5.7503141649279605,1.8,7.651343810478139,1.400938695938283,7.5,3.0699879671477013,Low
6.315950863242115,1.5,5.181117981423546,2.107133713821716,9.2,2.839162807882875,High
5.4698918719967535,3.6,7.865517604023876,4.511982395600193,2.7,2.6298070584668776,Low
8.922388551641168,2.0,5.635133161508493,2.9530361600594546,4.5,3.6448980406303124,High
7.1655383658145535,0.5,6.363156730575473,2.3895325395044047,7.7,3.2268263928381193,Moderate
8.241830337984867,2.3,6.912459183836993,6.090863057183762,0.8,2.950034483180443,High
5.4124428812109455,0.6,6.260988217335634,0.990158681192513,10.7,2.9178596284267164,Low
6.0081009373987175,1.1,5.94429219075241,5.249901604071107,5.7,2.8602210216728436,High
7.274685185812947,3.9,5.720728125415136,2.490495184896416,5.0,2.8952582181226307,High
9.799004498847255,3.5,8.857117334448363,0.5931257040082286,1.2,3.519228024954441,High
9.59404457201644,2.2,7.771662405918882,1.0589117349130137,3.1,3.269146859627253,High
9.083605377166181,0.7,6.676090452987539,2.714306117396159,5.3,2.998104861705835,High
5.646686578642562,2.4,6.253888221253499,3.5227437147310887,6.1,2.832466363029056,Moderate
5.881009613285498,1.9,7.4283663313658055,0.36208622607665314,8.3,2.7231080357945707,Low
5.271158698290461,4.0,6.754788552936683,4.664360048353696,3.2,2.72919937434261,Low
6.128590484921894,2.7,8.787687371307094,3.595360275518785,2.6,2.4321355806995806,Moderate
6.653932790691972,3.7,9.328395150691074,4.455146379466827,0.2,2.9353033401017616,Moderate
5.646494924060117,2.9,9.720568551761998,1.0406124105538932,4.7,2.845917168795801,Low
7.868459063654976,3.4,5.678305517464908,4.9784387127944765,2.2,3.1584513080335386,High
5.823211025156119,0.7,5.796506838240748,4.713151535766348,6.6,3.001917242716618,High
6.9459319140139195,3.5,7.219844540881367,5.104122086661624,1.8,3.441088558362149,Moderate
7.431722375623287,1.5,7.349707792449715,1.785547797090404,6.2,3.0590286925524555,Moderate
6.410923491110122,3.6,6.946688400627944,3.249965191373246,4.0,3.2816595026058173,Moderate
9.48716012418363,2.5,5.888898011398229,5.453172991025089,0.8,3.1411619006427602,High
5.82124769629932,3.2,8.160941650250255,2.9950247399922225,3.8,3.11296986760295,Low
9.181322873803635,3.2,5.798990115413141,1.5869406627240605,3.8,3.5761214908900394,High
5.264900672211903,2.3,8.888496820260666,5.244149845819992,2.4,2.606438274360923,Low
6.291409383413601,3.3,5.612599674281946,5.147045078228299,3.3,2.9844131116677386,High
9.046070541602655,0.6,6.1263675648043945,4.521599183718431,4.0,3.1442747098521715,High
8.610547266570745,2.6,8.690266930982904,2.384954409272359,2.0,3.1807403938754293,High
5.697057971105699,3.6,8.087976156915984,2.1749083461539604,4.2,2.642656839043382,Low
7.143779502758781,3.8,5.893583674506101,3.5208278092522556,3.6,3.6208457418649016,High
5.089459462279951,3.5,9.69700828222323,3.1451464206899042,2.5,2.7784950743350607,Moderate
8.295611913041661,3.7,8.306180483473208,0.4232369699588243,2.8,3.636843774731953,High
7.10854556167213,2.9,9.74484180853493,3.993197687102244,0.3,3.3070348556334657,Moderate
7.242783882358502,0.5,10.1813163415238,4.74450313541407,1.3,3.0514532361957656,Moderate
8.039701360358812,1.6,5.14190598094074,1.606301311199515,7.1,3.364992689465288,High
9.145455683572498,0.0,6.586065420070054,2.1506962057667525,5.9,3.4989948970435436,High
6.82322737160991,1.4,8.757840166470375,2.920911181916851,4.5,2.9748142364370005,Moderate
6.10971801340146,1.8,5.66600253387548,0.7373148635562052,9.3,2.4353168718177853,High
9.71800434367596,1.4,7.87482973101538,3.214655197290303,1.9,3.4296916417511274,High
5.010103989702692,2.7,5.995043853373704,5.616776438589522,4.5,2.6843275925122825,High
5.482100049922488,4.0,7.648515692103069,3.653450442221202,3.5,2.5256643205228126,Moderate
5.414792702879363,3.0,6.108831410158367,5.038086992213846,4.3,2.6872633906128423,High
5.156660967778612,1.9,7.865099959193877,0.46499352519559567,8.7,2.6595969881297883,Low
9.224060749915564,1.8,7.6282818669271455,2.3056806435540564,3.2,3.586255942568392,High
5.888017468433845,0.7,9.131641903305166,5.720787833763104,2.5,2.4717557565423376,High
6.769610871239104,1.1,8.239561754553936,2.123074956123356,5.3,3.236816463096352,Moderate
5.151301694610448,0.9,6.361057590957116,3.881059665197221,7.8,3.0542130955068902,Low
5.3231924781185835,0.4,9.096088768113772,1.2538499189257624,8.4,2.5078328385162503,Low
5.259049614665535,1.0,8.433449125133212,5.030593766889717,3.8,2.9877199514305093,Low
9.241590379035095,1.6,8.368803491484615,1.037719999875298,3.9,3.5096503868040627,High
5.1175393992066,0.3,6.274997086215936,0.12945508741488376,12.4,2.6445506827816505,High
5.929149190286046,2.3,7.04995370424617,5.51510717210958,3.3,2.786030084042882,Low
6.424674237720268,1.5,7.921615462719803,1.6735063419367313,6.6,3.2019677616973374,Moderate
8.269751829402544,1.6,7.79449893270304,2.5006388496179577,3.9,3.2606054576155956,High
8.861115640589118,0.6,9.211040909854363,2.641935244106592,2.7,3.299999050845284,High
9.381239429884486,3.2,7.208327804075815,0.27784603685398845,4.1,3.5388549518109236,High
8.405076853912009,1.0,5.904486825251328,4.739784124028911,4.1,2.91285084118857,High
9.77659693078696,2.1,6.029400340577281,1.5794106921610254,4.5,3.5425569342821426,High
6.218934735104269,2.2,8.517374813454902,4.945812986392305,2.1,2.74650208327314,Moderate
5.9459454438460275,0.0,5.809900839703632,5.156998934884894,6.9,2.9519162961013707,High
8.059028025292298,2.7,5.940052302344689,5.52238640154666,1.9,3.3364649054555637,High
7.140200312083962,1.5,7.7060447148074545,0.19079226777152225,7.5,3.1875893697416386,Moderate
5.682952030361926,2.4,6.272682306767313,2.3429204880863868,7.7,2.6708071524269243,Low
6.244172454207441,1.4,8.45722112476149,1.5634337899240518,5.8,2.7832530764479815,Moderate
8.46275223984,3.7,8.76352975475473,0.7721909877557456,2.6,3.7748342672670887,Moderate
5.371890088925057,1.0,7.959602580527634,0.2864378772113408,9.5,3.2614324325968824,Low
6.9678388355077905,3.1,5.6928460234424865,0.4350498110536294,8.2,2.9340361157422645,High
8.714347141795297,2.0,8.356411679772425,2.091108830718279,2.8,3.397390979841494,High
8.946705697951401,2.8,6.384328518845459,3.4235933128875473,2.4,3.2362522637472275,High
6.930132573756062,0.4,9.414322685924834,1.0671421061736663,6.4,3.0625594426278555,Moderate
5.976830608047572,2.2,9.519478633270586,4.6216784506454704,2.1,2.9878669679273604,Moderate
8.892662800510285,2.6,8.493465212426507,3.3198774515629994,0.6,3.342207958379748,High
6.137483550419004,4.0,9.731114743205133,0.2621992518810754,4.0,2.536579442208474,Moderate
8.597960789802322,3.7,5.9901098052169175,3.4354797882527897,2.5,3.0885944540368815,High
9.50952855970701,3.9,9.55023986162226,0.3419938832471816,0.4,3.6517699808146458,High
9.180669325582759,3.4,6.4954076983378215,3.958027468007399,0.8,3.420868727298317,High
6.015947549888585,0.5,5.246054951958745,4.2767752673692945,7.7,2.8319167288874283,High
6.887182946061348,2.9,5.49753574550109,2.027937965135835,7.2,3.3329432710657936,High
6.708708910414075,2.5,9.477966867774066,3.17176724005486,2.1,3.0579545281036196,Moderate
6.150476958364406,0.1,9.491356807312393,0.31245160928067683,8.2,2.9402967970673077,Moderate
9.802889301114828,3.2,9.827106270267462,0.5624357862882313,0.7,3.668989656803162,High
8.791240263826,1.6,7.419471686258784,3.7664587538282603,2.4,3.256065747639991,High
6.997575486282201,3.0,6.355641636856201,0.703497393366315,7.0,3.3769424223632716,Moderate
7.053627192300898,1.1,6.528804153898759,1.2711995384685626,8.2,3.0192837329905697,Moderate
6.7215054186259255,2.7,6.123235058042087,5.545325967002792,2.6,3.095691866740115,Moderate
9.035267788591161,0.4,7.258424377565524,5.318800620717402,2.3,3.3335331380841255,High
8.097566107369,0.7,9.648377467856035,1.299018379837086,4.0,3.2979863049694815,High
9.49131147059076,2.6,7.9551969159991085,1.7634709792194518,1.8,3.3505667303483553,High
6.108028317318476,0.7,8.988659304154465,1.916384291172388,6.2,2.7920440388716683,Moderate
5.262825914497704,3.9,9.45166675547909,4.823258532859164,0.4,3.120161454821237,Low
8.289318562591253,0.6,8.95015318923635,1.2527324943013856,4.5,3.1720530977561627,High
6.14150138443096,2.1,8.00585908366281,3.7509647503825048,4.3,2.7941342428235343,Moderate
9.527768581724281,3.8,9.391352191809954,1.213298340086726,0.3,3.3411963828398203,High
8.382371541237278,2.2,5.172454346301161,2.3296474950213426,5.6,3.0170364381615395,High
8.497619890302612,2.0,5.266205425882235,1.065220278996766,6.7,3.167237753550087,High
8.381825537465309,0.3,9.071339631138116,2.96079620336923,3.0,3.7579726906979363,High
9.111441694497236,1.4,8.269406895621682,2.8248148706320166,2.2,3.2844970732709595,High
6.184171986286544,3.5,9.018716104675402,3.280859281638396,1.8,3.1195364725687176,Moderate
8.411458587042956,2.7,8.282638343862365,3.5613172575029584,1.2,3.359357328409769,High
5.746006316362803,3.5,9.344642168651273,0.0,5.1,2.900361292224102,Low
6.81044658988807,3.0,5.9313073775735194,4.629572720054684,3.6,3.0062748404607236,High
9.209884441271871,2.0,4.985936418244417,1.6784739259304682,6.1,3.382366673442278,High
8.152697282528585,1.0,8.115278330579482,2.9542057326473845,3.4,3.283095910088585,High
8.894422959620016,0.4,8.830724477841137,3.35477964162334,2.7,3.317777447494704,High
7.987398106839904,3.7,5.522919217381906,5.770194963486305,1.0,3.2961735473745266,High
8.205030680619425,0.3,6.550566233720947,4.400160282442111,4.6,3.3168717276800983,High
6.957723783326716,2.5,5.316013732727482,5.042941372020279,4.4,2.872924120065106,High
10.09948522003687,3.9,8.769138860456641,0.13794829708494102,1.3,3.7605896029061494,High
8.334321086346169,1.8,6.256428315915776,6.132104455594069,1.4,3.269281199081231,High
6.998529273736691,1.8,5.874971498970643,4.781815648580676,4.5,2.8584128924886003,High
5.101910229719236,2.7,8.373271580102799,1.540184627837441,6.0,2.9203806170862356,Low
9.714087459555097,0.6,7.526075413578592,5.631274564265257,0.7,3.8097597677366357,High
6.975747300963177,1.1,10.083962337242731,2.4953772553322358,3.5,2.839751296168902,Moderate
9.550379293208742,0.9,6.3051543729770785,0.498810319443871,7.3,3.1190565836120427,High
9.352384664752428,1.9,9.652172393556159,0.6667101622477518,2.4,3.6706542617234845,High
9.412912169872754,3.1,8.893294307979245,2.6162613200544786,0.4,3.521973399823494,High
5.787516194808336,0.1,9.603209094676677,3.5679105642476303,4.9,3.121276578743772,Low
8.889644080068445,1.9,5.538092535029194,1.2318265757080396,6.7,3.1903978430596482,High
5.916551217265373,2.0,5.334493664406708,3.502320516105413,7.2,3.1848377690365135,High
6.4920384713383035,3.2,6.684117874416496,2.6309403937116684,5.2,2.8220725430537996,Moderate
8.102523231770794,1.2,8.439433484711993,5.116709951348348,1.1,2.754405954945818,Moderate
8.916286759104977,0.2,7.578962424637127,0.628019041839322,6.9,3.2797361820100264,High
7.911027233448946,2.8,7.657634477801893,0.44883936071065345,5.2,3.0227367104919973,High
6.464963992268234,2.1,5.399393943740878,2.1810934405347266,7.8,2.81894016319709,Moderate
7.788270256082331,2.8,9.043150570484906,0.9201704700522545,3.5,3.111699508926536,Moderate
5.748902687311243,0.4,8.095322317660886,4.123225299739409,5.4,2.863127766778542,Low
8.579950230233381,3.5,8.605330649152108,2.299163812296145,0.7,3.178642891787112,High
6.980002217985912,3.3,5.732518764247586,5.3800302078973345,3.2,3.235022667342929,High
7.477920666030588,2.6,7.720014609501402,4.381617111954412,2.1,3.1589040743104793,Moderate
5.155417383364425,0.2,6.175459184855333,0.891569149659178,11.2,2.7804929568164556,Low
10.143551381201972,1.3,5.78086105681176,4.608189791109592,2.2,3.5399533960309104,High
8.090632325591484,2.0,7.839588163860739,4.166907051140671,1.7,3.2359878900161285,High
5.944391052701216,2.7,5.235451682328867,0.0,9.7,2.9400264788946524,High
6.132789030712701,1.9,9.337162847804322,4.218051668157611,2.1,2.7873753787337763,Moderate
6.701705861917249,1.5,9.759097337965109,0.07158813929076863,5.7,3.3578194312950136,Moderate
9.341428075070098,2.3,7.175015321192612,3.6668977714272772,1.4,3.677835615542209,High
9.32773804162583,1.7,6.800710265697764,3.4097807716207718,2.8,3.4251842650118345,High
9.501819319250458,0.8,8.323326826294194,3.575848064455194,2.0,3.3146842016274656,High
8.50222481130917,3.6,5.818512549295488,1.3481931047231948,4.5,3.4083565703080607,High
9.93507930194205,0.7,9.1168714972384,2.1060159951128425,2.1,3.6337901099110654,High
7.03237854002227,2.1,6.758805430107762,3.4754317825092036,4.3,3.053184089554998,Moderate
5.567903159260526,1.6,10.262951110018617,1.6060033707700399,5.3,2.646523190574648,Low
9.006864214362626,0.5,9.722230230408876,2.4969121313131106,2.6,3.5859319438650967,High
6.2730034114850035,0.3,5.83639678752013,2.9275958930952153,8.6,3.1499304187505146,High
7.4514709796949035,1.0,7.862139240369688,4.2848568363179025,3.5,2.9724261559535434,Moderate
5.833007915609143,0.7,5.247650343494856,4.693240996588354,7.9,2.8209154986367486,High
9.038399012754716,3.2,7.932708782629003,2.880910994740466,0.5,3.8251545506501285,High
5.881790877957197,0.4,6.234719555168104,0.5578974197402015,11.0,3.02931941395656,Moderate
5.007251996525751,0.5,7.091888900422551,5.431813682891094,5.4,2.8214989451063404,Low
6.461060425077555,2.0,5.064060541070425,1.011329169697324,9.3,3.1203480931965597,High
7.272828378758168,2.1,7.534877988905504,3.973388572080397,3.2,3.1680191340124684,Moderate
5.7102846755040115,0.1,6.314274445118931,4.175764287262056,7.5,3.004272433204459,Low
9.535134353252053,0.4,8.588358873345776,2.3872701939322893,3.0,3.2149831451339157,High
9.228248031404606,0.7,8.501893854956347,4.529146832505293,0.9,3.407289136530713,High
7.5048321811733985,2.5,9.407674098148345,2.585735128640802,2.0,3.1810764829167857,Moderate
5.209799629786401,3.7,8.313631893751456,4.188456109425373,2.6,2.833867455135708,Low
7.081372394783685,2.6,5.6910148331837505,3.990197163676075,5.0,2.805903590834663,High
10.098492875269093,0.2,9.866573475907765,1.2700285866015415,2.3,3.5435851575981343,High
7.769617897926938,3.0,9.41876027350639,1.2150784220743434,2.3,3.271206283471686,Moderate
6.362216363896294,2.7,8.96428009936652,4.572075765528966,1.4,2.9580760343689905,Moderate
9.175767731330597,0.5,7.632481112832353,0.2792199490737325,6.7,3.638072327338339,High
6.598485584879665,1.5,7.055242671198312,4.438811751761387,4.7,2.826109165751922,Moderate
6.208459868686719,1.5,5.800480605376914,0.29619255981732,9.8,2.486370893892813,Moderate
7.970191096605191,2.7,8.26439795927899,2.1805425682839,2.8,3.3710115770019904,Moderate
7.599189820406499,1.9,4.879457297098639,2.415917894993879,7.4,3.1150085993679304,High
7.038060295482341,1.6,7.777929475923634,3.083453904285173,4.4,3.3298086953302954,Moderate
9.066991946713529,2.9,9.922023657489767,0.3326129555787547,2.2,3.4843131724845744,High
6.046479345076468,0.0,8.169186358194091,5.610315335328583,4.4,2.858712572200601,Moderate
5.603577553656736,3.7,6.624310941536149,0.43910931190948155,7.6,2.7586783535416473,Low
7.380233422840431,1.0,6.443155757824745,1.881141194687143,7.4,3.1356434676429084,Moderate
6.770825318415426,2.4,8.586737716772841,1.6578319371884433,4.8,3.3082630321199704,Moderate
7.123485599235073,0.5,6.048168178027186,4.26327675614218,6.4,3.1131949461166273,High
8.421125461694182,0.4,7.765732757094477,1.665319944599468,5.8,3.060675187085392,High
9.895781155753937,1.9,9.0360714911882,1.795678071350209,1.5,3.519959790588294,High
9.813035132766927,2.4,9.043504137537107,2.6117174071874665,0.3,3.413337073076449,High
6.058720833319874,0.8,8.036125540661867,2.5810340523279898,6.5,2.6908409761367147,Moderate
9.12727533069735,1.1,9.047624321493615,2.043575561929653,2.8,3.1856239723521824,High
8.21846593113522,0.4,8.035219623182535,2.9195009035716417,4.5,2.982642192970437,High
8.718450048273697,3.5,6.095093582659713,0.5068218499830873,5.2,3.352623796261813,High
5.213653663180894,2.6,8.196279324535128,3.218001959960159,5.0,2.633270669061472,Low
7.735995387261517,2.0,10.143986624814074,0.5336621677919433,3.5,2.9051801057006403,Moderate
8.552136950669455,1.6,7.220577810987618,4.114822540434632,2.5,3.3531872749967597,High
6.524699626042689,0.3,5.422980342058533,5.375806836904289,6.5,3.2738571695503826,High
6.094682516341745,1.3,6.0857798678672825,2.0796741283811753,8.5,2.937610053671182,Moderate
5.240607968230125,3.2,6.027707450153443,3.2490490073566427,6.1,2.6742944421664148,Low
9.654347125133555,2.6,7.514930126057127,1.1876274210153714,2.9,3.605637505745819,High
10.332773013448588,2.6,7.685225912677345,2.6903292973528177,1.0,3.2446166968037162,High
7.192314025297594,0.2,7.596071846765277,5.749261628354029,3.0,3.1945479173433844,Moderate
6.19066824616367,2.1,5.555341787275014,2.3799256828469355,7.7,2.712210132994743,High
8.798810999849035,1.4,8.238676054083907,4.6381921485581925,1.1,3.1012179072798385,High
9.906418222312455,3.7,7.816266624542186,2.2990759186097454,0.4,3.445201569580934,High
7.6130672267008626,2.5,5.532575107463208,4.405936054166973,4.0,3.21151695055007,Low
8.993778649710448,2.8,5.116825080706891,1.6503232986340304,5.3,3.2372108125546317,High
6.202539132746245,1.4,5.414488068519874,5.362406126404361,5.3,2.5583460254118653,High
6.9949401042180215,1.8,7.989844108606927,3.293104973044797,4.1,3.167356100952855,Moderate
9.469491209904756,2.0,9.896237048394552,2.0374162119732655,0.4,3.4804709199225274,High
6.940863293659523,3.5,9.573043148241855,3.349009297589323,0.8,2.9697669320028868,Moderate
8.877816763384416,1.2,5.3541565134063305,2.668252010809883,6.0,3.444057797496656,High
6.677959308946836,3.9,8.111393238165004,4.261826144629556,0.9,2.8105131768587315,Moderate
5.306270731059658,3.4,9.554106518430771,2.3184809410167704,2.7,3.102158457312778,Low
5.846900517541717,2.0,6.997436340790461,0.5550814750639517,8.2,3.0236518209936407,Low
7.0958326511668615,0.3,5.1535844141283675,0.8423640923977072,11.0,3.030417502414763,High
9.623633323487695,1.7,6.5782130457358035,2.787778176316241,2.9,3.5748661481137214,High
7.036588503519305,0.4,8.150300552962765,1.6551184356783364,6.9,3.3626352347786916,Moderate
5.893774053997015,0.2,8.773657096547758,2.9423172136474576,6.3,3.1696206648768577,Low
5.379875288080546,4.0,5.2061158760871535,4.136582910563564,5.2,2.6835430355380474,High
8.5449205577627,0.2,7.34669576863597,5.9033921841300465,1.8,3.1828846648292415,High
9.024567556642376,2.5,6.787390086024977,3.7711516618904506,2.2,2.8385979643963943,High
5.526105708981845,3.5,7.266748542485089,1.19020186396852,6.4,3.0052397639385107,Low
6.588786527591393,1.7,9.143848111406635,4.4381259962732,2.0,2.9280630238462635,Moderate
5.093265978013789,1.0,8.788274441125022,0.5701369396489805,8.3,2.178973355887543,Low
7.6305590634681675,0.9,5.111568655177138,1.1119311331640644,8.9,3.12124787828613,High
5.669891164220349,2.2,7.443477579570746,5.089856130711734,3.9,2.9689335414105855,Low
5.570015529746752,2.0,5.722412028122001,1.7771528615326289,8.8,2.7857161091671894,High
6.973249893268725,1.6,7.442495820907979,4.6844997006432925,3.5,3.3776932658337255,Moderate
9.387968140186901,3.8,9.331068087676968,0.43927255593821446,1.2,3.277272615720468,High
6.34149615536078,3.4,5.562881311588858,5.650022129568228,3.7,3.3400770552007306,High
7.405209669917541,2.5,8.080661485358116,5.024194858274329,0.6,3.3349236147564265,Moderate
5.202608581317968,2.1,5.9682532472132905,4.176759960131359,6.4,3.0987601378704372,High
7.650656338039473,2.7,4.992410381432573,0.3002322267455898,8.0,3.0548545750805385,High
5.380832111995274,0.0,10.004312376411571,4.340604162493527,4.4,2.8425607107211563,Low
6.89400445987854,1.2,6.7667005852994,4.5733180780763325,4.7,2.806370609500369,Moderate
5.72795646014364,0.4,8.332878458995383,4.444483558926731,4.8,2.991234904735417,Low
6.277339601565327,0.1,5.4520199423224325,5.737557448410892,6.4,3.1395896795986546,High
8.284690232689027,1.5,5.877423709110488,0.877740879664997,7.7,3.093753522773086,High
8.19602646209869,3.1,8.251341996021942,2.4718071034125355,2.2,3.104935467027844,High
9.856601509919493,2.4,7.6557905239370605,2.778305092504049,1.0,3.7040593157322665,High
9.108088469164016,2.6,5.5976643480408415,1.9463110246467872,4.7,3.1593738318084523,High
7.120899948093091,2.5,9.803675208104405,1.2618838256176061,3.5,2.6644749974963515,Moderate
5.472079314349777,0.8,9.311720456784416,4.108227569468759,4.3,2.9916560655641664,Low
9.392038312616926,3.4,9.492822371592814,0.47776593631530107,1.3,3.296836321149257,High
8.700551415874742,1.8,9.120938787516854,3.183783004330654,1.1,3.4740461936449605,High
5.733766594923096,2.2,9.817954080087185,5.856713910157881,0.4,3.156372118093055,Low
5.041884509857112,0.7,5.688227926052682,4.382161905472312,8.0,2.605745368417535,High
7.353032948639953,3.4,8.785529231904949,2.27699809894841,2.0,3.2565716657551027,Moderate
7.975283636959419,2.0,6.499753033527924,3.3587135823826073,4.1,3.325581108238904,Moderate
8.326650998598707,3.0,5.605149771687595,2.9506784660479792,4.2,3.3341991622629155,High
5.2165366440906995,1.0,8.77680344560391,5.8191472679221405,3.4,2.7067223175682327,Low
9.170779588187585,0.8,7.811013197355099,4.51899036840038,2.0,3.1803203619683207,High
8.10394858024617,0.8,6.855586372794745,4.803761881486514,3.6,3.176074612007989,High
8.81773702208286,0.1,8.88701881323645,1.1328352130616466,5.2,3.3032662393460446,High
9.811187200627257,1.5,6.486604069556918,0.8639376138858799,5.2,3.616313380457127,High
10.075952413970597,1.5,7.082566225870365,3.8119443514112565,1.5,3.4651869997816074,High
9.418970696451689,2.4,6.843269123940518,1.9087983844684224,3.1,3.1500641948840764,High
9.11719009014059,0.4,7.735961317208274,2.7651112688768866,3.8,3.6178284327122157,High
8.188178666088296,0.3,8.16692752536089,3.4866845607308496,4.2,3.6902364924086752,High
8.559698048064403,3.2,6.114825030069642,5.090497158333187,1.1,3.5014554301539653,High
7.6831925791780415,0.3,5.384160176390738,1.9994573803122555,8.9,3.3344249270051303,High
8.826185231441892,2.1,7.314551367146097,1.0049820844134816,4.9,3.515172359230112,High
6.429895137436632,1.7,5.4910785078118325,1.4730655072518433,9.0,3.3020393130421164,High
10.088797800497781,3.7,8.325455777404574,0.746419038678604,1.2,3.6562491271600264,High
8.138833361164753,3.1,5.775561654138537,2.1779917146221623,4.6,3.176416058218608,High
7.855530133971977,2.4,5.88655989042184,2.6577859010701124,5.6,3.3403709114452913,High
6.583084492215622,0.1,4.987512556967831,5.194966572959599,7.1,3.0472803137138476,High
6.476973804330706,3.8,6.210374461301325,2.6862743885113485,4.8,2.616733761043938,Moderate
9.167735029839085,3.4,5.904658164669471,4.410188822369609,1.0,3.1811045427435265,High
5.73461981057144,0.3,8.54777389319265,3.092561064368958,6.4,2.3013249341243918,Low
7.36943574888281,2.9,8.868514240370818,0.7497578760809344,4.3,2.8528891672383825,Moderate
8.870394441198071,2.6,9.834768681596382,0.3189568101556244,2.6,3.3909035680144406,High
5.083824096813984,1.1,6.3570556464655725,1.4959919719399564,9.8,2.710674407750182,Low
6.5646186660465276,3.0,7.096554213501071,4.61162216937933,2.7,3.0422618762834226,Moderate
5.34662440169937,2.0,5.194811586729452,0.43176278775393795,11.1,2.341918904028173,High
6.62628321670579,3.6,5.2718967189378025,4.132111713485562,4.6,3.16956395701745,High
10.054517354698561,2.2,9.578315599875076,0.15013435311995077,2.2,3.1721430081983795,High
8.471077217580351,3.9,6.183956754205861,3.3715625639012843,1.8,3.187190129906504,High
6.088740528117262,2.3,7.125123960327835,5.87500428652329,2.6,2.6737930808580366,Moderate
5.570001424052673,0.6,6.2361405388848175,1.6559248524421644,10.2,3.0299529474990874,Low
9.126134270252829,2.2,7.866909056861994,0.6567620729457194,4.3,3.4859382178805944,High
5.203939519446383,2.8,7.7655718002890834,0.3698860505043612,7.7,2.897060955267827,Low
7.328513388708445,1.9,6.168995267077318,5.87903404325452,3.3,3.1942600364878464,High
7.3049449342629496,1.6,8.236778347200845,2.9568259592543464,3.5,3.234600796225378,Moderate
5.033527752892292,2.1,8.85908537302508,2.5891051572399677,4.8,2.7002060234184664,Low
5.793663055285182,1.3,8.787016623184885,3.2420924475075417,5.0,2.725372911098262,Low
6.0295150311962935,3.5,9.492633507605362,4.329219504164142,0.7,2.7955272164654614,Moderate
9.889199187958743,3.1,5.171739251992943,0.42019454987138266,5.5,3.2172821376314946,High
7.391297600394973,3.6,7.562738587389307,2.6563663024300253,2.7,3.1674986654243464,Moderate
9.186844897461002,1.5,8.830965822777959,4.385802576016298,0.2,3.2014699549833727,High
6.081122804078219,2.1,6.589587604947685,5.085530175968787,4.7,3.253617514003336,Moderate
9.091886296968527,1.6,9.768400736808307,2.0788448056893465,1.8,3.5285394530525567,High
5.775545883817476,2.8,9.168736658904395,1.6160704728608322,4.5,2.7851296525378415,Low
5.895058381574814,3.6,8.339834017813065,0.8410205736705257,5.3,2.8041985310279225,Low
7.025372026098229,2.5,5.516376442861491,5.003958239706575,3.6,3.0886042488038346,High
9.968537518190852,1.7,10.045749385084026,1.4934593791761381,0.9,3.7327066521030265,High
8.470343854567487,0.7,9.498943363336055,2.3918531583653886,3.3,3.4508690949386436,High
8.550382622281845,3.6,5.388569040242593,4.5063960325996115,2.0,3.8514724594607492,High
5.763581508517762,3.4,9.284050140896976,2.86342433263914,2.6,2.6875949156548096,Low
7.522026393232096,3.3,7.149051991809538,1.8912675008788775,3.9,3.342744330308957,Moderate
7.374991101275156,3.3,6.744656559219105,1.3670393048859877,5.5,3.357291359689524,Moderate
5.626469021512645,1.0,5.758570391091262,2.1129456003717983,9.7,2.959192724523214,High
7.368142102696806,3.0,8.427453579403004,3.2713661327114534,2.0,3.2965861001414765,Moderate
7.558945151745599,3.9,8.32993392605649,0.7410810845898319,3.9,3.016406129168978,Moderate
8.52585144676003,1.3,8.289792897356095,0.20544214998326232,5.5,3.273246034563071,High
6.109399773283917,3.3,6.419520348343707,3.8607097895134816,4.3,2.845479643675973,Moderate
8.399959433312427,2.1,6.612189995969518,1.7687724914867649,5.6,3.3393151873728586,High
9.280001182903613,3.1,9.01372816913519,1.3775863803419823,0.9,3.384803460253577,High
6.62925763845125,3.6,8.413339163994324,3.483699548096973,2.5,2.9501278113304976,Moderate
7.254286080853369,3.5,7.749135031767346,2.1513599721554626,3.4,2.9421480157623394,Moderate
9.513924459015042,0.4,7.456830803073587,0.26995464452860135,6.3,3.4743975999656107,High
6.257778935770331,3.4,6.6052168964982805,5.697906126381113,2.2,2.983082633699052,Moderate
8.693641966048805,3.2,5.194669788768416,5.845045882301937,1.1,3.068191299529371,High
9.20137546294985,1.1,9.656491959829888,0.5283244878600354,3.9,3.5719793302218057,High
8.58547421008921,2.2,5.381978005378693,1.3930295332724587,6.3,3.254045486710724,High
6.578069114169364,2.4,6.126182430002014,1.6875785685936993,6.8,2.9740733655460243,Moderate
8.875677568069818,0.2,9.428088040252103,4.744355653854298,0.8,3.5069792836521185,High
9.738896577222834,0.7,5.5754816728515255,1.4746149824623598,7.0,3.828878268530792,High
9.067302927908393,0.1,8.272523018998305,5.848340878531862,1.0,3.3338717867187833,Low
5.35051786520518,3.3,7.794391058074745,0.570503093861255,6.7,3.061346135238519,Low
5.458934076266913,3.6,8.442130847177893,5.008570234720695,1.6,2.866878439372504,Low
7.411305163012256,1.7,6.711798565993222,2.7409481954347275,5.5,3.311493067322461,Moderate
8.859820580737571,2.4,9.708596207533173,1.3788823594861401,1.8,3.6380087978443636,High
8.118694411835127,2.8,6.338134920499667,3.360775880967672,3.9,3.4385664402741467,Moderate
5.411962966861444,1.5,7.3006496456367405,3.7900068684135646,5.7,2.8445375645204414,Low
8.884464388400936,2.0,8.263446508862462,0.5635106805045783,4.7,3.387428288052245,High
6.5077438812938135,1.4,7.35986294356686,0.42860355065152533,8.6,2.8389255893717147,Moderate
9.697128412535765,1.3,7.6240392941774795,0.9918431003909567,4.3,3.3221481464813802,High
8.04828193044389,1.1,5.862110024724262,3.0128643104338155,5.7,3.0805615239128374,High
8.945533242070091,2.3,7.607152120596528,1.4433230174101652,3.6,3.223754484209091,High
9.591977453816526,1.6,5.502336068822158,3.712221435101149,3.6,3.433425447411982,High
7.423302390627874,3.5,7.253358861260996,4.040755173051666,1.6,2.960174463059647,Moderate
10.113606073696845,0.5,6.47439755124972,2.6646030977338233,4.7,3.1208115226670503,High
9.391841165830355,2.9,7.989245870555902,1.4092191093944386,2.5,3.1015643066830707,High
9.277339386813791,3.8,8.924071933074481,0.025357920241716358,2.0,3.2989243084626403,High
6.202974408957576,0.2,8.160670765507707,3.93228867798818,5.4,2.983810158980541,Moderate
5.555638215362977,1.5,7.000520409940996,2.2477393738474807,7.4,2.8387259344901628,Low
8.416198975403766,0.3,5.436504833638761,1.9501407347807957,7.4,3.1300006477411557,High
9.717168337588417,2.7,8.616074048061039,1.3215623815785464,2.0,3.44306381719257,High
7.992021083852405,3.7,8.010879588803421,3.445825050753827,0.5,3.233204797802436,Moderate
8.522772399929366,0.5,9.486965878434903,0.7529252611761406,5.0,3.020079091293794,High
4.868189565123657,1.7,6.50121129649555,3.089392634551771,7.8,2.8277613131261563,Low
7.889870145513173,0.2,5.7164421361819295,3.38812170681502,6.9,3.4419148925278393,High
8.132049725278492,3.4,8.608950686523068,1.6511346458106284,2.2,3.0519602790534504,High
8.26621403013094,1.1,6.348685231958831,4.616377797370709,3.3,3.4953131185748525,High
9.11701712870498,3.4,9.709199808429284,0.9148272235674048,1.1,3.347073950588815,High
6.453157099151003,2.3,6.829915835026765,3.534815387354289,4.6,3.1762469501184944,Moderate
7.087996510567797,0.7,7.226199757612023,0.8919049829524968,8.3,3.2375078511583544,Moderate
9.543400452761587,1.4,5.920198679365303,0.24005013867510555,7.1,3.698506843973575,High
6.712769409432122,0.3,7.018697447680827,1.7896729736699768,8.1,3.2704935058367735,Moderate
8.408587983476655,2.4,6.699393261137553,1.2759474980369327,5.1,3.2477453859195577,High
8.607027476363236,0.6,7.2919157035317745,0.01998565117100659,7.4,3.3298557058013456,High
7.615407314700949,3.9,6.960783313044238,0.3723066518158986,5.5,3.1547165322404416,Moderate
5.774543763791763,0.1,8.73765773656719,2.8846068543652557,6.5,2.805643434760065,Low
6.402545584616729,3.6,5.562476586316051,5.302216505919194,2.7,3.158616625689735,High
7.899202828682475,3.3,9.833778159325114,0.853898029206901,2.0,3.1249999820711003,Moderate
9.913709095667677,1.6,6.637228169967267,1.9103953754383074,3.8,3.2043413705624286,High
7.9236599675347135,2.2,8.6304130854254,4.428224790042774,0.9,3.2515879827343745,Moderate
6.9811485809764235,1.2,6.3579952584411314,1.275111373054513,8.1,3.0254155969943044,Moderate
6.372611273132083,3.9,7.573168569476459,1.846218997319028,3.9,2.863149183664097,Moderate
7.799280044574122,0.6,7.287749124472427,3.873509851983434,4.5,2.6464770033391867,Moderate
9.95978124271151,3.5,7.889612647030846,1.4886139633942073,1.0,3.4334754733781936,High
8.194025561980188,0.8,7.081831597770144,0.3789083199651244,7.9,3.690621164423838,High
6.379542430411991,3.9,9.378734430223354,3.235583309638573,1.3,2.571471503738624,Moderate
7.785846762448535,3.5,5.70611881561002,4.465424997790235,2.4,3.1925506055170665,High
6.498653069072506,3.5,9.616818765591985,0.5774642645756346,3.7,2.860179957008761,Moderate
7.405984577009451,3.9,7.398960256838527,4.638813871338096,0.7,2.762211995313041,Moderate
6.336762020943315,0.8,8.771919474994077,2.1640565706299824,5.7,3.1772925053427663,High
7.606044305230268,2.0,8.11591896613776,5.23802623269647,1.3,3.1353039781770375,Moderate
9.033140002102941,3.1,7.777895518799466,3.686028248994596,0.2,3.368891963971733,High
6.00938790291006,0.4,9.483618495620949,2.7881293059712298,5.7,3.034496431111616,Moderate
8.188257837387235,3.7,4.918801185123887,2.9265842311570274,4.2,2.5769897044243053,High
8.301615145410562,2.9,8.4172551009149,0.47973510437337546,3.6,3.0964684661144255,High
9.02881665832807,1.1,6.303649462694077,5.681396665407382,2.1,3.090346394926907,High
5.139455476275921,4.0,8.37137868517413,4.832527189833262,1.6,2.8658979411107603,Low
8.586415974149512,0.6,8.753903743642674,4.40468508137621,1.4,3.3719600681741295,High
8.35985960113958,3.1,9.185124263616832,1.9987787518499391,1.3,3.260088988502616,High
5.464868521820562,1.6,6.920945681546785,0.5982287712920318,9.6,2.6060432332399457,Low
6.739134750469959,0.4,9.01849703327329,5.600600962658702,2.2,2.5852598871532817,Moderate
5.420641044492937,2.0,8.769158051040643,4.313949396955103,3.4,2.8082785497137137,Low
5.082576721497343,0.3,6.918158849373902,1.7577275075053596,9.6,2.6762822674576374,Low
8.740455798843996,3.7,6.822297533480712,4.174536602840237,0.4,3.128640694114844,High
6.278722532593654,1.9,5.825824695717291,3.7850220978443403,5.6,3.0102811749165257,Moderate
6.872184682459232,2.6,5.6373060662793355,5.577689420778847,3.7,3.082843192004626,High
7.169361068251791,1.8,7.788621019167157,3.9527630024994087,3.1,3.1828137136257024,Low
6.203297561102061,2.9,9.123851832526986,4.614855493986948,1.1,2.8307597931708908,Moderate
7.776575845801167,2.1,5.697222285157822,4.732464592659871,3.7,3.142327505771732,High
6.541070409899681,0.5,7.774353625518054,0.0,8.7,2.6025198472209916,Moderate
8.971506484703156,1.3,4.939530369483556,2.97421716076965,5.9,3.268577250810573,High
9.14781115647049,0.0,6.404071118825956,4.381625400384081,4.2,3.382838643084596,High
6.500531714193745,0.4,6.489486428956171,1.793018357611898,8.6,2.9018199509538434,Moderate
8.810005542283086,3.6,7.256313803959382,3.812725818169774,0.4,3.5003935201088026,High
6.839870881705344,3.9,5.299377641004496,4.173277093083437,3.7,2.557259937427017,Low
8.258164853134405,2.8,4.766262297126335,1.287600898831617,7.0,3.220155238267698,High
8.920661392729437,2.7,9.98585350639138,2.1598956352774477,0.7,3.3241664151178107,High
6.577500568525085,0.4,8.462141922054577,3.827566423491443,4.3,3.0338454918451934,Moderate
5.116220582289145,1.4,9.748555351526743,3.1369323829552025,4.6,2.530967941299381,Low
6.007969571811967,1.5,6.963565007896231,0.560367780608336,9.4,2.4019386620464886,Moderate
8.720836694981791,1.7,9.115267956431408,3.5787479086336322,0.7,3.3866899718014376,High
7.612716356387043,3.5,6.248076312478698,4.003034657573896,2.9,2.8764162287833845,Moderate
7.842025786857716,1.2,5.624801909626885,3.8991470846066822,5.2,2.994076897774317,High
8.119297994870449,1.6,8.514581827018553,0.9554658357839132,4.5,3.471832524099173,High
9.347293334230928,1.1,6.649068839412097,0.41807946357439246,6.3,3.430669852963711,High
6.283832024617918,3.3,4.886979759600517,2.395190273298747,7.0,2.7388120670455587,High
6.600815479950845,0.1,5.523955117713939,2.3311550375168637,9.1,2.4915417745876742,High
7.88656555654855,2.4,5.123116684130931,2.577977079174416,6.1,3.1059386930128157,High
9.683420827067222,2.1,8.527912463332969,1.1432319477233528,2.5,3.5879507751956883,Low
7.442253025001045,3.9,5.610152841226549,0.024194057570229785,6.8,3.2865025245380535,High
8.984885916152423,3.2,5.230530120971434,1.4997231465336798,4.7,3.294159356542173,High
6.642566039674944,1.5,4.887904484285253,1.8715497597475639,9.0,3.3368388296544143,Moderate
8.019869008536126,3.9,9.489843569320673,0.35586575577897184,2.6,3.2881207598668465,High
8.884636447177165,1.8,6.980520396569951,2.0188715485709907,4.5,3.3764217450375944,High
5.311140349447943,0.9,6.084127279656603,2.8437258450749057,8.7,2.766903604915866,Low
5.377876156847902,3.8,10.114791041216295,4.1763363273191105,1.1,3.1219311258257036,Low
9.871538197701495,2.2,9.457631666046261,0.22836432785739982,1.8,3.2705443130455913,High
5.797433375731024,0.6,7.803684985661571,4.8632766918991095,4.6,2.7698624510938727,High
7.8481619383879675,0.6,9.110705570671966,3.7459844646348923,2.6,3.4971141762455265,High
6.417149255517017,1.4,9.435471340502323,1.7352685539297275,5.0,2.7254021520160774,Moderate
7.399099502777722,3.6,8.64491550361764,0.4900282476528332,4.3,2.954564050708431,Moderate
5.66910809327414,3.8,7.799000828426226,1.613438401772065,5.4,3.239115504716182,Low
7.46355861420811,2.7,5.580460399383582,1.7760281002752134,6.8,3.0837562295700502,High
7.791033816634908,1.7,5.211968628944535,0.7661386207675658,8.4,3.434413069757145,High
7.207280448411122,0.8,5.218032252675609,4.862070997349037,5.7,3.022667614558671,High
9.694734981332303,0.8,9.820257940457747,3.54404267298436,0.0,3.5779245667290436,High
8.690160385066369,3.9,7.619386504965602,1.073767450104035,2.7,3.697398432394537,High
5.423212853464355,2.5,9.898487039857331,0.9939077051857901,5.1,2.5360592651130585,Low
9.198317840503455,3.6,9.988023955023152,1.5276927292870852,0.1,3.438879528254948,High
8.881719800414444,0.6,7.685206045118047,4.277782212427911,2.9,3.308746846499341,High
6.115604740082913,2.6,8.376674363858955,1.1221416424299542,5.9,3.2504333354658312,Moderate
7.473805575723014,0.0,4.989609766876307,2.313753160549866,9.4,3.2260598055736396,High
9.53769027092666,0.9,8.16204072033717,1.3275377300394275,4.1,3.6127953288368593,High
8.448927920297937,0.4,6.921041417366682,0.37866172716277047,7.7,3.2223764438145817,High
7.254867212168399,2.6,5.732716170016976,1.4663013114819399,6.7,3.255404342763821,High
9.99963659371459,0.2,8.953155846470855,1.9006378199308136,3.1,3.394651336362596,Moderate
7.077297783207189,3.0,9.698708931882063,4.157499386560813,0.2,2.6764344940340488,Moderate
9.055953828619286,1.0,7.792203011430601,2.108831635332213,4.1,3.5742116531007944,High
8.434608032157323,1.0,6.193915239349437,5.32824483027664,3.2,3.2720315868347485,High
6.216463200745993,0.2,5.407524526779179,1.1235129322279984,11.4,2.7113840889555942,High
9.184804542502599,1.1,9.779195686446188,2.0680156737629862,1.6,3.7928273461788664,High
7.704783009887818,3.0,6.5328538683540955,2.244744493767037,4.9,2.839323083947876,Moderate
9.495928373309985,3.8,9.728011178522138,0.33647509094309813,0.7,3.446344529667629,High
7.434543529920897,0.8,7.9067614048359705,1.151857888651015,6.6,3.3847328488877464,Moderate
6.472863720250819,3.4,6.122846526655861,0.6470704324273274,7.5,2.487034551743106,Moderate
9.207908742856786,3.3,6.6340839143597465,3.616298062495861,1.5,3.3220550452806896,High
8.908719550237102,2.6,5.668977605754187,5.054590506292843,1.4,2.942755356528599,High
7.112349330007318,0.2,5.523399737429562,4.865568886548609,6.5,3.137291599226334,High
4.917456725185477,1.7,7.364887751706784,0.30800657947931104,9.4,2.546640015956633,Low
6.2458666973831525,0.0,8.892723364442757,5.514699123128732,3.4,2.7297186475843622,Moderate
6.238829356789024,2.7,8.727917125649952,4.922140817398779,1.4,2.621932893777514,Moderate
6.713934425963948,2.9,8.84774292983581,0.9419082569731304,4.4,2.8471945722285246,Moderate
6.8807667942294035,3.6,9.085300967132198,4.440203858892887,0.1,2.8606728776634935,Moderate
7.990063035408122,2.6,5.163273994992001,3.3110356145648128,4.7,3.501478121306896,High
8.24656413934586,0.7,8.807836026307777,3.196181103352611,2.5,3.423258401987652,High
6.289215036617996,2.9,8.867192658766202,0.48356873276121226,5.2,2.6565384621311483,Moderate
7.438213559789864,2.0,6.768606733155325,5.808416103973101,2.0,3.268670810569689,Moderate
8.706221224671147,1.8,9.547192319706777,2.9203588038840533,1.2,3.467696672387365,High
8.524399289076948,3.4,6.409711541787968,4.322595407011996,1.1,3.177583579703968,High
6.630984682711115,3.9,9.35027269339131,2.9886468745340964,1.2,2.838453648208317,Moderate
8.73506805983355,2.2,9.835152725212,1.8577203812555914,1.8,3.058735901660154,High
8.860903331994317,2.9,6.806652817323625,0.11678016097102493,5.2,3.2721730703632605,High
9.467705141800998,0.0,8.489979863157393,6.084584248676495,0.5,3.021200796772747,Low
8.44971864824046,3.3,7.574548481685646,4.490191683098247,0.1,3.205487057232021,High
5.417036828589535,2.0,8.731335309113078,5.329620823635974,2.9,2.914779444885605,Low
7.834339651315309,1.6,5.94289715744776,5.344582107242838,3.7,3.069712410287907,High
5.8445628794093185,1.2,6.519101098999907,5.018095226232152,5.3,3.053011654899013,Low
6.4505130981902346,2.5,7.82494626489077,4.667090478809125,2.3,3.075851731115957,Moderate
9.291280245608945,0.0,8.448582863795354,0.3196071060758039,5.8,3.061805726707007,High
6.4742382235186104,1.4,7.957720175085524,1.9020728405826426,6.0,3.059028458891993,Moderate
8.511738954015382,1.6,5.60883605374191,4.533401558515033,3.7,3.2098186218559666,High
8.086369376415199,1.3,5.279097948817504,2.4915123139379403,6.8,3.000579773249296,High
9.579493512543282,2.6,8.491590030628156,2.355740496902019,1.2,3.40760394470505,High
8.960533192276399,0.4,6.529480566057186,1.7999489922188376,6.7,3.0496408399885335,High
7.152396827552829,3.9,5.273274103984058,3.073583204750685,4.5,3.0187329335607407,High
8.960139270266009,2.8,7.155245451119947,1.9249575804655532,3.5,3.085577869968063,Low
6.955748527920776,1.1,6.189181777699399,2.790342764083032,7.0,2.8343147964538176,Moderate
8.583266783250195,3.9,7.854606615623853,0.368767845055028,3.5,3.016812795345352,High
5.0532632566026106,3.8,6.673854387264115,0.8371779298082399,7.7,3.1766206432927486,High
8.221809711141148,1.1,4.982150069353125,5.539645740689413,3.8,3.4954983052611297,High
6.497435863021848,2.7,8.446307575699304,3.659677516068456,2.8,2.6852001038030173,Moderate
8.002185028468112,3.5,9.54318268720713,0.1964672450484038,2.5,3.0171633460128513,High
5.95175515615141,3.8,8.824625802104457,5.0099522778592105,0.7,2.9690351231328567,Low
8.5906964126219,2.7,6.964205077462682,0.23674088683957362,5.7,3.0600962724810405,High
7.841736609651358,1.0,7.3474449442827385,5.411066941656808,2.1,3.4401468427352735,Moderate
5.871774916206969,2.7,9.890261729961502,0.6967531975048971,4.9,2.81593982473947,Low
4.840072335014098,1.7,5.471511232616586,4.235775944155941,7.3,2.7079034670884403,High
6.2062384138056945,1.7,8.54159403158322,0.0,7.3,3.1048059824162824,Moderate
7.999237043112385,2.5,8.182008087848128,1.0012225927684208,4.1,3.116628246359659,Moderate
5.797722093774354,3.5,8.723682894001927,0.27809922011562305,5.7,2.9810463070061797,Moderate
6.189786582768212,0.9,6.344812582784368,1.615979976124983,9.0,2.945303478911786,Moderate
8.679273498409332,2.4,8.267415658282028,0.29116853555698335,4.1,3.185386909642637,High
9.640251039292723,3.4,8.896785667983057,1.5202376290353072,0.3,3.4904313909317923,High
5.873187838223159,2.5,8.584398076207593,4.3546446484822345,2.4,3.0876691573550072,Moderate
7.88401067571143,0.3,7.0734348367174285,5.434499049718495,3.7,3.3275997577089433,Moderate
6.360528778605845,1.5,9.505202260569082,3.83932818516025,2.7,3.408826709581634,Moderate
9.006691515393825,1.8,8.128078507718133,1.300085073649334,3.8,3.236964414219542,High
7.057255837202318,2.6,9.872049943481244,0.31048889131306395,4.2,3.4434730048641407,Moderate
9.423178111133971,1.2,7.074281809759091,0.0,6.4,3.351072673850491,High
5.375696695901784,2.0,9.405968308135373,0.8774366046556086,6.5,2.4322825352216135,Low
8.901927316353813,1.6,8.242621788402735,1.2662765251743582,3.9,3.2646385263018876,High
5.429696451525493,0.7,8.200895772272215,5.413884538345549,4.3,2.7893963127245303,Low
9.116213057853603,2.7,5.791511882232363,1.590138547865853,4.9,3.203986920618,High
7.56399804930444,2.1,6.71318593491358,2.174022987351683,5.4,2.930770042546336,Moderate
9.461222314374341,3.2,6.581358093800691,5.047060773634168,0.4,3.354428208762086,High
6.5837491472158485,2.0,9.499457067335612,5.031354176892796,0.7,3.1230867620470555,Low
5.3887236992176115,1.6,7.860443689260439,2.8582805252662324,6.1,2.859261220120014,Low
8.420812606875415,3.4,9.323208401703274,2.206630548648563,0.7,3.214612869342523,High
7.379912386444409,2.4,5.77012195912121,3.9947567422971,4.6,3.1874847392889536,High
6.126374345202249,0.5,5.670629763181519,0.3028330588059385,11.6,2.704136640172583,High
8.67251104526022,2.9,7.6071789598372,0.6142802106086577,4.1,3.169114563740175,High
5.394681858434621,0.9,7.6336549080378795,3.718508159970216,6.4,2.6427462033322824,High
5.966503660025548,0.2,7.105708403791198,1.2996971228631145,9.2,3.121486095606621,Moderate
7.175857465315775,1.7,7.826789022829868,4.202859069865218,3.3,3.4842658366962302,Moderate
8.688046428510104,0.7,7.630099678113559,2.08108944274942,4.8,3.345438811438803,High
7.618108670697549,0.5,7.991052214993066,0.6102475368625345,7.1,3.2977562629153185,Moderate
6.80462878533865,0.6,8.330054735630085,1.3520515182318125,7.0,3.2018480728067393,Moderate
6.027797493534407,2.0,7.03066940333569,0.0,8.8,2.812133838684089,Moderate
8.771594798469614,0.3,7.53034332349171,3.30256838280257,3.9,3.644596415315136,High
6.149197948959045,0.0,8.59761955551781,3.285313879313049,5.9,3.157411345533601,Moderate
9.129326271126628,3.3,9.436849822398472,0.7759511728076876,1.2,3.622664443780944,High
7.16307766143921,0.7,9.308851788564253,5.212516884809755,1.4,3.0024150963528795,Moderate
7.457114448939542,0.3,6.953977180042283,4.792371936879344,4.7,3.058715818044594,Moderate
5.105244188468565,3.5,6.7682488677021,3.1405390798704427,5.0,2.8458759250952426,Low
9.81912437445223,0.3,8.18383022700488,0.9575226790726263,5.3,3.718389629109373,High
7.340338151202786,4.0,7.790159359871696,1.646808611022401,3.4,3.0563582398372047,Moderate
6.368907770919346,1.4,6.896459128902069,0.4063928606271681,9.2,2.7008845917619326,Moderate
8.238380706643188,2.6,8.351605611567328,0.02383798213566267,4.3,2.9020028003098175,High
6.068258120499028,2.6,7.605779603406338,0.0,7.9,3.063150403278354,Moderate
7.755377529941888,0.3,8.796630205908933,3.5856358349265536,3.7,3.2865032461363892,Moderate
8.866275164213455,3.0,8.82481987772593,1.6632542698678994,1.5,3.3793010775454064,High
8.354167876433126,3.0,5.656509276237552,1.4562307477385312,5.9,3.0681999841455183,High
9.54369900546346,3.0,9.28949699974694,1.6142259201692926,0.5,3.7945006546486204,High
9.484432637943428,2.3,8.231889164135252,0.8768679332696254,3.5,3.6569468478190443,High
7.280269652671759,2.9,6.533982189087531,1.5530257192866985,6.1,2.9041430888833375,Moderate
6.0500556464221305,1.7,9.374057270023497,3.2531606175722163,3.7,2.7475026579581217,Moderate
5.814372956503707,0.3,8.473757061458844,2.204897781795903,7.0,3.0272985887813677,Low
8.91132393315663,1.1,8.395986349555228,1.4690829147533357,4.0,3.6169887650096286,High
9.703793283363256,2.5,6.616920707794553,1.4071493377804125,3.8,3.558087096922195,High
5.995804107508922,2.4,6.488527897576246,3.894157801390525,5.2,2.7430502665556675,Moderate
9.152526818361217,3.1,8.819278939542789,0.6141252690354614,2.4,3.424189453411675,High
6.725355919046972,1.7,5.285823429979676,1.3303286288296432,8.7,2.9344814274437288,High
4.941293511538761,3.5,6.174833486869809,3.319526392319404,5.8,2.7837881807440774,Low
6.483174244928942,3.6,9.553380382209555,1.4901496371138714,3.0,2.9422501067562568,Moderate
9.564851222452177,4.0,9.102287831221293,1.0600390127558206,0.2,3.535683163022697,High
5.30727722224603,0.4,9.962728191301089,1.9954000807724634,6.3,2.4762578935480444,Low
8.667047909269867,3.2,9.581201514841357,2.973345520911871,0.0,3.078818933780496,High
5.1932429471659685,1.4,9.030460841250834,3.0520700506580005,5.2,2.721374782524455,Low
6.623601813882431,2.6,6.027093266639724,0.23877049232710654,8.5,3.1095066193145735,Moderate
8.653955199084466,0.2,9.084576614439742,3.7041361961115635,2.2,3.590284232737493,High
7.7633496393841055,2.5,9.182202497434586,2.4654884048734482,1.8,3.1851795506760623,Moderate
8.700852405084659,1.8,8.499123881488282,1.9130461783197827,3.0,3.3423657187814464,High
6.0754601018851595,2.4,9.486720599575243,5.303402486398046,0.4,2.9404040634099946,Moderate
6.020663625792403,4.0,10.125953516601617,2.7090209948197495,1.4,2.5083068757669884,Moderate
9.172557378707117,2.9,7.941801868240781,0.49842511783554555,3.9,3.7533475078643646,High
8.68927352909864,1.5,9.637108735348859,0.7756409703161203,3.7,3.105592845850463,High
7.490101004194929,2.8,8.497159607211461,3.44274844134026,1.8,2.983729327007093,Moderate
8.174316593395183,2.4,6.032345355637035,4.191983282402506,3.3,3.0448559723066424,High
7.449495526910503,2.7,9.173066643248491,0.6576983918825996,4.0,3.431465288498471,Moderate
9.304395546438238,3.2,9.944871074081858,0.9141913152140849,0.8,3.54336160024266,High
7.478551765682724,1.6,5.909096860100051,3.562994400011238,5.8,3.15091439017598,High
7.991313536673754,2.4,6.572121793344504,0.30948823616551985,6.6,3.189507210731535,Moderate
5.406323425365153,1.7,5.528460285269626,3.692263544706585,8.1,2.5416109787258527,High
9.034278250956202,3.5,6.056977793864713,3.8132667672133143,1.4,3.493884911713431,High
6.46867118002168,3.2,9.958330863337405,0.25737939984766534,4.3,3.0647917710373633,Moderate
9.854917295109463,1.9,9.032515064810429,0.07994034799586372,2.8,3.6491459939491464,High
6.585440555209729,0.3,9.652144636179196,4.933177426332698,2.2,2.9720037264556116,Moderate
5.457523435666446,0.8,6.1397798959778545,2.696576995332571,8.9,2.7131016900485454,Low
6.05473737150024,0.4,5.77466130047904,0.8339371904473113,10.6,2.9338985597650478,High
6.459308035106249,3.2,6.7218640270786345,1.4897181810332407,6.0,3.1035211205339857,Moderate
6.491248148029616,0.5,6.085468067959573,2.1176197994307633,8.9,2.7917396032999364,Moderate
6.087625485874696,3.2,5.562084394773568,2.0713539927129934,6.9,2.9633080352740513,Low
9.19979864377186,0.6,5.141772344152576,2.7009792636502796,5.8,3.5014585610660953,High
9.142878089052449,0.5,7.614446464082217,3.3009209429891317,3.6,3.0159141090570043,High
5.647977773641041,2.5,6.332296302285457,3.0145586593777662,6.5,2.8563520275403103,Low
6.433400629846992,3.3,5.190252523925823,2.585473174686975,6.4,2.8122051333325,High
7.1965960352400105,2.9,7.990744575480345,3.814355761159655,2.0,3.1940073178657773,Moderate
6.720076338878059,2.2,9.139208777787696,5.91946271568588,0.1,3.0847548798938416,Low
9.27684322415314,1.5,5.583960365010961,2.714821745599414,4.2,3.3882071926232253,High
7.579611172055369,3.4,6.689258595156198,5.288169141527343,1.2,3.4040146303196317,Moderate
7.048636462824882,1.3,6.952063475954559,4.665781201227206,3.8,3.038129783716936,Moderate
10.157889959583411,0.7,7.914421326466056,3.3688192411346254,2.4,3.40064684085053,High
7.534265398779906,2.6,6.008267929281015,3.554007607465289,4.6,3.3909063506774775,Moderate
5.395374059625308,2.3,5.929725991531313,1.7746140596716757,8.4,2.638537722465571,High
5.940771063786475,0.7,9.007261812543229,1.5320991772426158,6.4,2.7234116364878154,Moderate
6.903689941222777,3.2,6.4711404819908305,0.38953314215283397,6.6,3.0533223465358015,Moderate
7.977049152748805,3.4,8.618468466253406,0.6962994848196642,3.1,2.98812213152612,Moderate
6.109663066609134,3.5,6.564358511194207,1.4668863772313852,6.6,3.01882625220179,Moderate
4.9148082315154875,3.5,8.81940084344142,3.9004444930504567,2.7,2.6379006016259687,Low
7.332579274475771,1.4,5.581956785668039,3.096977762186067,6.9,3.2580947309249124,High
9.510875901947513,0.2,6.331297357901815,1.0497634510030818,6.5,3.5084187095333146,High
7.350976470362528,1.9,8.88093680475092,0.9213523370756109,5.1,3.045559272344253,Moderate
7.294933483354615,1.7,8.102591703094806,5.850159766639617,0.9,3.0127976821081797,High
9.06556164884513,0.7,4.990132976871689,1.18117750587308,7.8,3.6389034315319586,High
6.644122661716666,2.0,8.151605373049083,5.346040587156609,1.7,3.04119441833193,Moderate
5.358680403676905,0.1,7.8278035336402185,2.76509336734256,8.2,3.5981070606342938,Low
9.328371735515894,0.6,5.117972088199999,2.790586765836635,6.4,3.275984597956031,High
7.961806827203075,1.1,5.894880977747824,2.434769443863223,6.7,3.2605090445139617,High
9.041371678253684,1.6,8.735861357796507,0.6977244992702246,4.0,3.2196942911167237,High
8.38417266842416,2.3,9.712590154929618,1.3606352927739183,2.3,3.444279717027565,High
5.6191015856756605,0.1,9.003168755905065,3.109772245686497,6.4,2.631478823040242,Low
6.78903295902574,0.1,9.660006896392787,4.159568385565898,3.4,3.1303895197103713,Moderate
9.752499455255903,1.1,8.090030702529008,3.7607876212957745,1.6,3.6446006606879284,High
9.437156648074284,3.5,8.689744904375797,0.5901145166178317,1.5,3.379634691141473,High
6.563806078443517,3.9,5.162210130916418,4.080374656023476,4.3,3.112395135651389,High
10.104381969186917,1.2,6.745364257550035,0.5376657999522934,5.6,3.8155102308533158,Low
7.2150674453608525,1.0,6.796326884310976,4.876056751921044,4.1,3.2007834443039123,Moderate
5.116308259350535,0.4,5.86068877062986,3.6043460717397346,8.9,2.6713685657535953,High
5.679059933355036,3.9,6.966361686616992,2.6172412884085565,4.1,2.8387137011235337,Low
8.329860840044994,3.0,8.735532105116384,2.3267352880663466,1.6,2.9140007675971034,High
9.328610303534472,3.3,8.893021549337067,0.0,2.3,3.2312983474566273,High
7.121649829651195,3.5,9.736793457506186,3.4951519504109707,0.4,3.4216132146849842,Moderate
6.536789058860666,2.8,6.432122875765434,0.9455525313410392,7.1,2.896313461061426,Moderate
7.16666913445246,3.3,5.509115005091712,4.3358422142659325,3.6,2.822299902197635,High
7.596938661717193,1.2,7.35989272517699,1.6028731266729694,5.8,2.8700746870363427,Moderate
5.998017681337099,0.5,7.667382990783521,5.389448199964003,4.6,3.2840954634803676,Low
6.961289837259172,2.9,8.077509965924591,5.66323768801559,0.5,3.054184678501235,Moderate
8.427817960601205,3.6,6.899776485953989,1.6176778732443986,3.4,3.5548720220505228,High
5.099634197759033,3.3,8.875594612334654,0.7316927833663511,6.0,2.565646732736628,Low
5.767003241894845,3.9,6.167514596239721,0.44501109132629074,8.0,3.28470702151511,Low
8.02298638138774,3.0,5.40967874160986,4.1593646320602415,3.8,2.9987523913747327,High
5.770444081313641,2.3,6.606856601859632,5.517094107560752,3.7,2.9515632636188776,Low
9.138982057785462,3.9,6.18231209431043,4.427988332299572,0.1,2.9541027806179128,High
5.331079382768141,0.2,8.394342483308217,2.592257466018543,7.3,2.6030893471208594,Low
6.112620148704949,2.5,6.374292331663629,3.373426056087788,5.6,3.1494954773486064,Moderate
9.053971281951119,1.9,6.945552394513988,2.078016929429716,4.0,3.2714321224974046,High
8.822471378278887,1.3,5.942634050931743,0.5013865301039545,7.2,3.0415260991305213,High
9.103499776139834,0.9,6.669757688853224,4.865867096576755,2.1,2.7957671722326336,High
9.154240516476333,1.5,7.2888886298471585,2.1352332144818904,4.3,3.353388744903126,High
7.616177882409224,0.1,7.61672249263052,2.556591032337963,6.4,3.2305381441144116,Moderate
6.091230855993132,2.6,9.84914400015167,3.101466956380394,2.5,2.7764359325297088,Low
7.126564437481025,0.5,7.9982926493954976,5.290420189259329,2.7,3.1066587548600553,Moderate
8.505132324579233,0.3,6.6559923275547055,3.281940491197899,5.3,3.465677033424508,High
9.043407997548684,2.4,6.936334725108489,1.3226835014742764,4.2,3.289603647060038,High
5.684745409021199,1.4,6.738466125834435,4.271242662509104,5.9,2.6457691373639864,Moderate
6.816045691701794,0.7,5.681296555894252,5.057863186968921,5.5,3.128573853144137,High
5.12824085735254,1.7,5.8908836034067535,5.167774523607507,6.0,2.5047309284960684,High
7.530595648494088,2.9,9.832085139161475,0.9073393751990836,3.0,3.184137235776026,Moderate
9.263926397273133,3.7,9.838471130083157,0.7968063582900811,0.5,3.1257181292706138,High
8.665941858097845,2.1,8.51763001625738,2.292838917845229,2.7,3.6686820541355463,High
8.77549139462338,3.3,5.551683922759097,4.956364264706749,1.3,3.532978322839639,High
7.28570642944848,1.5,9.503283965685753,1.2372917223268018,4.3,3.0810550964937855,Moderate
9.254333380571657,1.9,7.494421083576035,1.7875012327620774,3.7,3.0204347888494896,High
5.0139338005882985,1.1,5.049344706616638,5.7256184892951145,6.8,2.9444988374855883,High
9.891295273683092,1.6,8.45191116719511,1.4541461757662697,2.6,3.6774010204864394,High
9.602716215588007,1.6,9.097734343729815,0.8462521439506157,2.8,3.5390279542900593,High
9.93709259980546,0.1,8.164300963228825,3.8899106849255256,2.0,3.32510496351955,High
9.927366747784538,0.7,7.941885653813582,1.4586717431490026,4.3,3.4766732166636203,High
6.525256139654955,2.2,7.149262339871736,1.3005806511565876,7.2,2.882075791714529,Moderate
8.770243746747804,3.6,5.287548185531948,2.319053381875723,3.8,3.0853606747182236,High
5.414716448882417,0.1,8.130136982680757,3.6006863874216295,6.5,2.698387964451511,Low
5.064813872411318,3.3,9.850377896698427,0.6784171012863872,4.9,2.687400878067653,Low
6.285746774062387,3.5,9.789244659524748,1.8952751456147,2.7,2.5385343544353804,Moderate
4.915071663462353,2.3,5.066377296414413,4.662172013933639,6.8,3.010194101315355,High
6.831280139267973,0.2,7.67559509452315,2.5357130884127788,7.0,2.998876523541125,Moderate
6.259909874323261,2.8,6.351646459572334,5.319236603904149,3.0,3.0360286546852735,Moderate
6.813953252504324,2.2,5.264836050359027,2.7075236232253137,7.0,3.1411836748277437,High
5.8808125648033895,0.9,9.291889181796579,5.639587553020198,2.3,3.004514930059645,Moderate
5.305356398263086,1.8,6.2651862160674145,5.416063446266733,4.8,2.253180987293404,Low
6.811605419805826,1.6,7.45042110482247,0.8954395644512575,7.1,2.9461799914286315,Moderate
7.745351424849354,3.2,8.879755859670562,1.0133470300383707,3.5,3.1075116575767674,Moderate
6.817438003865299,1.6,8.272104503696108,0.29304495755338783,6.9,2.9197840940936417,Moderate
5.133147040728241,1.6,8.195679994156775,1.3827784249812347,7.5,2.476837255041819,Moderate
9.440306021881517,3.6,6.291569080571776,0.8833321769896052,3.5,3.545109371899922,High
7.1820161307306805,1.0,8.6650360168581,5.151682970490416,2.5,3.226521273327879,Moderate
7.148779526161398,0.6,8.551081317024941,1.8790630884317605,5.5,3.1373413913727517,Moderate
8.64304519625117,1.1,5.287823938169656,6.139495658079241,3.1,3.4495696358566894,High
9.219658862162024,1.2,7.250864984085565,3.799195009694631,2.5,3.702637558899416,High
7.273212440231241,1.7,6.828135027772664,3.245211009302973,5.1,2.952781629891793,Low
9.6606077036146,2.8,9.196911293591489,1.345905035477329,1.1,3.5114238192126908,Moderate
8.992975585149862,0.1,9.081076096503685,0.0876839346974846,5.7,3.14400546047581,High
8.786694690554242,1.0,9.125647445615897,0.42611156623827295,4.4,3.178446330296776,High
5.5518960387613205,3.9,8.26135370188041,4.815803722431639,1.0,3.098381981920809,Low
8.081999431595287,2.4,8.387247824436846,3.009009670042269,2.2,2.9060214403807123,Moderate
7.071316952998812,1.1,8.490442685065437,1.3606129932037032,5.6,2.833095424943043,Moderate
8.265785453702668,3.0,6.103888540526849,0.3959042662589594,6.4,3.394074117439862,High
5.968357340392593,2.4,9.24116307428609,0.24340874189166004,6.4,2.696627901889745,Low
7.356640099065504,3.7,6.672173361687028,2.9460110536298947,3.4,3.38957191832854,Moderate
5.189095742840349,0.3,6.532899041713533,0.1727021291331417,12.1,2.5158973194038157,Low
7.563966195390279,0.7,6.4064261708121055,4.154568429936441,5.1,3.51495596713173,Moderate
9.723713298806596,0.2,9.593508284880366,2.732349840185811,1.9,3.4718908685577783,Moderate
5.505272908464946,0.4,8.024472775633985,2.3533897050777957,8.3,3.4001962420553395,Low
9.425733415500472,1.6,5.423191112716962,4.476604631418484,2.8,3.4768695362188384,High
8.620093166508944,3.6,8.75342317178043,1.9342062334045362,0.9,2.855962332766533,High
8.27628360905086,3.8,6.2391245095633465,0.0,5.3,3.099171538152834,High
8.313329867005686,2.5,8.26375216032377,0.18372943062807223,5.1,3.117737929693463,High
8.792671134992409,1.3,8.411816094870353,3.0194488755010966,2.6,3.0414307457902674,High
5.74625836886116,3.3,9.481924428631963,3.730341191062789,2.0,2.7603741267730735,Low
5.320121166551185,1.6,8.91757350394089,4.860543333737414,3.6,2.616965003000366,Low
6.357790617311754,0.1,7.685353525276775,4.881075028141794,4.8,3.2497350934191136,Moderate
9.665047915980285,2.3,7.498254091909391,0.4567799028354973,3.9,3.013119005784474,High
7.981756196118305,1.6,6.211481620627392,0.528989338040482,7.6,3.3741959138092876,Moderate
6.39379304603225,0.4,6.044141878051803,5.861044113422313,5.2,3.2806112772626372,High
9.477318515613554,4.0,7.764339106222176,2.0841643002276085,0.5,2.8924100419789505,High
6.648252699714704,1.2,6.789274536186419,4.030291151356385,5.2,2.76931106047599,Moderate
5.5783999375271405,2.5,5.697544410985239,3.320395681623609,6.7,3.0988844270996543,High
8.375216920323222,2.8,8.630803758487927,3.4134489308102025,0.5,3.64348845795364,High
8.000801971208041,0.7,4.9825229642765185,1.6068877756263777,8.4,3.221988577609511,High
7.1323566835588785,2.5,9.014528679971983,0.9543258236346022,4.1,3.0761744592876044,Moderate
7.980513547139931,2.2,5.270083198928779,0.5124179574705174,8.2,2.9430667008829365,High
5.906690474241608,2.3,7.79137351900879,1.5433593150261586,7.1,3.0313156271863377,Low
5.27187441122011,2.0,8.578160852816524,1.364934952013468,6.9,2.908563552962046,Low
6.50622721442706,2.5,9.587812822548901,4.49217641040074,1.0,3.2605658065095886,Moderate
6.733598921244749,2.6,7.123293759111347,1.3037444585303126,6.2,3.137453093637497,Moderate
8.680185704445519,2.2,6.634549874236711,5.3674243659282475,1.0,3.0874609958329153,High
8.36490044707292,1.6,9.122506977475792,2.501226016857343,2.8,3.5223257630323497,High
7.058991523898676,3.7,6.493910069237552,0.9180358052961345,6.2,3.1446958882478038,Moderate
6.974148915656832,0.2,6.726135297350171,3.1263312436358994,7.2,3.0390469400673337,Moderate
6.024444804965314,2.6,9.900231765567883,2.3982651080866226,3.1,2.6656262814596317,Low
5.6406154164273525,3.5,7.1394477388873385,2.4375334201728696,5.5,2.5626230261967327,Low
8.313365225576048,1.8,8.139530316177687,0.4872313542880738,5.3,3.358603830539472,High
5.54997553840278,1.9,8.061587393872166,3.4724035761582637,4.8,2.886472753793758,Low
6.80813641397694,1.4,5.565849921121223,2.727090885161237,7.6,3.1649842009775075,High
6.161343386926336,0.2,7.8486482252426235,3.626434165203141,6.4,2.7506515211163127,Moderate
9.422318628822197,2.3,6.703135587185106,4.680188843185942,1.1,3.287589012876319,High
7.754721682726963,3.6,7.050990084525898,1.5989912447680943,3.9,3.187366891074005,Moderate
5.891363126529139,0.6,7.100207196303281,3.7906057590688205,6.9,2.9070368446593124,Low
9.190239919361455,0.3,7.552104470540661,3.7458120297701027,3.4,3.6268956392713605,High
9.012983527288158,3.1,6.2919062313538765,5.137342070730812,0.3,3.4039618922102366,High
7.968954987349153,3.7,8.211042545582135,2.0708367952380438,2.1,2.647936873120163,Moderate
8.983225645647526,3.8,4.887735220365627,5.8161543228651675,0.2,3.1737341622811193,High
7.368717821539448,2.6,6.967452219998942,0.0,7.0,2.9775165810546906,Moderate
8.1605975162535,3.6,7.068045144827878,1.2005861733445238,4.3,3.153013481872205,Moderate
8.924525593012275,3.3,7.877645136094835,1.3916811491477916,2.4,3.304444256306715,High
9.077395832610039,2.2,9.27445408836617,2.154075394100058,1.4,3.4030001784149078,High
7.011103746042812,3.8,7.636617827069405,3.255821986897194,2.1,3.3579804188288365,Moderate
6.083367882766158,2.5,7.887998548837862,1.1295569901665259,6.4,2.9456917942756053,Moderate
8.864634516804609,2.1,6.040646562626126,3.904483044799094,3.0,3.204119227139727,High
5.169982776588512,1.8,5.79000606816411,1.3928459849780237,9.9,2.6939522112223897,High
5.25027833296631,1.6,7.5785001400101075,2.9172645917130877,6.6,2.482701874529843,Low
6.7198313501315985,3.4,5.605763288846685,3.127434458967394,5.0,3.3934906344973563,High
9.272541757420957,2.2,9.733347794295485,0.2830749247128328,2.5,3.848530207410529,High
5.642580676952782,0.2,5.803940652556712,3.0892196713132396,9.2,2.708788920424125,High
9.55773921106703,3.4,6.307079059710789,0.21774137772141441,4.1,3.4526902732099205,High
5.794005095874901,0.5,5.475046925250092,3.2845517843862204,9.0,2.7448250852653926,High
10.063353915118478,2.7,9.598634349950482,0.46318797429034136,1.5,3.2834087871944306,High
6.859760262649608,2.2,5.508832806438893,0.06287430324264005,9.5,3.263188581784229,High
7.111395595550486,2.0,7.238723008284747,0.1716217606624588,7.7,3.318725258093055,Moderate
6.506826537958727,0.7,5.35768809761261,5.7950801011356505,5.4,3.2890031227110943,High
6.672757440878817,1.6,6.41131038691956,0.8765006036019354,9.0,3.149211170060096,Moderate
5.801404764665304,3.2,8.46301897710709,3.3385748346587327,3.2,3.0993618967521757,Low
5.622465080424753,1.1,6.838499095483751,4.6166326454129445,6.1,2.83665755502609,Low
10.029307081684747,1.0,9.383025518542118,2.933574414082459,0.6,3.4129564809212147,High
6.978428783193086,3.9,5.961303248911893,4.658928932323024,2.4,2.7510490604747644,High
6.672855318527917,2.9,7.043325018807438,3.549569044929581,3.8,3.0959403927794678,Moderate
9.197331403321101,0.2,8.241159968003638,0.7667849425910652,5.2,3.4817914466372812,High
7.043167558364789,2.2,7.096931241901261,2.9651070527291297,4.6,2.8460214330048084,Moderate
5.627328317371444,0.6,9.958412735502458,5.340867751405388,2.7,3.2173577499280905,Low
9.569108323533298,4.0,5.985495695972896,1.7010418898665358,2.9,3.3780275638088346,High
7.153238190101315,1.4,8.005044571155308,3.356239433067877,4.0,3.496310115719984,Moderate
6.030403309025862,1.9,7.610200192338656,3.508303913914619,5.1,3.0188144989878567,Low
5.153007636823428,1.4,8.960587939240773,3.4206920923701865,5.2,2.6119379878122144,Moderate
6.369992721443056,2.8,7.840275776712502,5.181606190279617,2.3,3.0270016668058495,Moderate
7.374164820588314,0.5,6.256175807741434,2.234160574276321,7.3,3.3653789383673205,Moderate
7.9980311375353965,2.1,6.566739234945956,0.0,7.5,2.8031855779321013,Moderate
8.598896029277396,0.1,7.982149773697212,5.827006453003576,1.7,3.317521434656828,High
5.9035366141162795,1.9,5.608953629688897,3.901298465519569,6.9,2.4381920183797,Moderate
7.435187867403072,3.6,5.939603953309275,0.0,6.7,3.401921945713013,Moderate
9.02379239599971,2.3,9.520042100178335,1.8552745060962421,1.2,3.3509162735877203,High
8.768153081552967,3.7,7.702883015769467,0.7181579351356755,3.0,3.583288089101283,High
6.2731739259923245,0.8,6.203314996016607,1.740106318918205,8.9,3.3456251493497016,Moderate
7.034408191744656,2.5,5.217637049303871,0.5143858844116473,8.5,3.3672719079209865,High
5.677646294525378,2.1,6.20149682750134,1.8116109150021715,8.2,3.1167809647128664,Low
5.142847156499829,2.6,8.235265809103836,4.34823231154225,3.2,2.696124157674519,Low
9.76546617386609,0.1,5.672508667312847,5.219622972768252,3.1,3.923652966862102,High
8.379530991709355,2.7,9.86074709594889,3.1984764509833843,0.0,2.976823366044539,High
8.511085188723321,1.1,9.426450474110206,0.0,4.7,3.3037298054900592,High
6.101987333163723,0.9,5.6783342176107405,5.352812336145601,5.9,2.963413881404862,High
7.53210679166399,2.7,6.017775470210426,4.428535465612464,3.1,2.9555611663064845,Moderate
7.0596698064953625,0.8,9.952723210125775,4.059030375979334,2.3,3.3012471581582314,Moderate
9.728173317174848,1.2,9.13353781490518,3.2486106613561803,1.0,3.295885059640336,High
8.249189421962962,2.9,7.577711334517965,0.8964708864842306,3.8,3.2361007531604256,High
7.497346455652896,1.2,6.936417996153784,3.681465163164463,4.3,3.007889198949003,Low
6.9462935149110825,1.1,5.847124128013553,4.748714324871031,5.2,3.2187191518357956,Moderate
9.689822748488536,1.5,8.835076083603868,3.7472939711952824,0.4,3.352670832380344,High
9.86733350985537,1.5,6.559385868994441,0.4358795694556437,5.6,3.5967317492001665,High
7.450331932008847,0.4,6.156421274846622,2.2238027567840946,8.1,3.1441340492211576,Moderate
6.420636075965347,3.4,9.271015849002902,3.777495007855013,1.1,2.9935313751928962,Moderate
5.875007195551852,2.8,9.67131684277086,3.863289172229547,1.8,2.8429532479045303,Low
8.24631350352455,2.0,5.599581094514699,1.6943051304786878,6.3,2.811696537057361,High
8.967623305518591,3.4,5.750721530353918,5.619195963117473,0.3,3.6185462738204164,Moderate
8.745658816716627,3.2,9.86242890681222,0.44560540743523874,1.6,3.071946835829825,High
9.297240209276712,0.5,8.618124002413198,3.9821923495439595,1.5,3.1644360502945332,High
9.307214125013093,0.7,5.47202830890435,4.468516158402602,4.3,3.553161804040739,High
7.3928985414972015,3.4,6.818410924408374,0.9881621504824099,5.3,3.1128984463539653,Low
6.061333057178173,2.9,7.4077697085293694,3.254960128038759,4.0,3.169958195018496,Low
7.3916069222447005,3.3,9.075502504941328,3.032281188306504,1.2,3.3135503467366036,Moderate
6.630250500770048,3.5,8.888609926606506,0.6019964120788303,4.5,3.2399650032732565,Moderate
6.891470295783598,3.5,5.08863150614756,5.848576789953297,2.5,3.2348577616508467,High
6.223966775979239,1.0,9.645612434070411,1.8476020177016086,5.1,3.2511244154343837,Moderate
9.056445436221278,1.6,5.73074811955771,0.22186780283079383,7.7,3.40471844601651,High
6.647552897458381,1.4,6.605332948616271,3.080287443017176,6.0,2.9766261927679314,Moderate
7.482136706268863,3.5,7.500324898803378,2.759290220932107,2.9,3.030028464441863,Moderate
8.269662279792874,2.4,6.959865466884307,2.4248122341521468,3.7,3.2261147372791816,High
8.990803890365076,0.8,9.04429607067616,3.513487284414794,1.8,3.134294778379961,High
6.597396579719699,3.0,7.49035890413609,2.268515955747403,5.2,2.5093064454695164,Moderate
8.107096032324689,4.0,7.428686285203676,4.4138619729132476,0.4,3.1012730301271567,Moderate
6.399701225994648,1.7,6.049846526537048,0.05876103337950238,10.2,2.851632458889322,Moderate
9.69963504138974,3.4,8.93039935061829,0.2931275444593701,1.9,3.4766043212285127,High
7.20367681116052,0.5,7.883726496806516,2.269992728597931,6.6,3.079216202318222,Moderate
6.859762885048896,2.5,8.522888209619941,1.0068843785883108,5.3,3.308579202878377,Moderate
6.514476063769224,1.8,8.151122258378756,2.9580368606549663,4.0,2.9376685179811077,Moderate
9.297758888088142,3.5,5.058251389535282,4.771380633610978,1.5,3.454392330080251,High
7.78430645006269,3.9,8.804473758659094,0.8155382572877062,2.9,3.1158479839268005,Moderate
7.766400918668358,4.0,9.076566104387464,0.32765702010361053,2.7,2.9894763987184767,Moderate
5.136006257629914,1.6,6.132897614154922,4.852280802720697,6.3,3.0566720091504607,Low
6.648695227028527,3.3,4.809091369759359,1.620410152897969,7.2,2.8220699787273698,High
5.41011781282361,0.7,7.905757244091144,1.8165183127911628,8.5,2.6418902084455573,Low
7.308060762321706,1.5,9.233193222946012,5.524262293136301,0.6,2.61955971269266,High
5.43251003642332,3.8,5.164610897337976,1.8165316593282417,7.6,2.8489478667302692,High
6.770428807169142,1.3,5.800128427609949,4.771850088691116,5.7,3.024999029266377,High
5.722569412277119,0.3,9.624764563516376,1.0570988051452759,7.5,2.6567878156080873,Low
9.037720058871221,2.2,5.485138530539641,5.500804459577831,1.6,3.466011051015121,High
5.806433195443069,3.4,5.2605938316248935,2.9933362537806487,6.6,2.797255152829757,High
8.63059574238208,3.7,9.483037721496338,1.7978844272530683,0.4,3.270737581044916,High
6.582828032843011,1.2,7.001929483764055,2.3442906436249933,7.1,2.992243632749335,Moderate
7.623132617698862,0.6,8.631184487740159,0.9742711713490505,6.2,3.1527916027874783,Moderate
8.935047913993001,3.0,8.00138086804631,0.702403836709588,3.2,2.9496432102465975,High
7.913607761907716,0.3,7.007867083856634,2.1613231301687925,6.6,3.0441915108039628,Moderate
6.1262919769983215,1.6,9.730648816167802,0.8721294220047197,6.0,2.824776554259402,Low
8.881026324513416,0.4,9.646957662235273,1.963178381834453,3.0,3.1762028319076245,High
8.058292686843041,0.8,5.556633781094751,5.3454498311847845,3.8,3.4813388618417007,High
9.366404483927226,3.5,8.16893151667171,2.353553465491805,0.5,3.428518379720264,High
6.7893980934881375,2.5,6.698424400467632,0.6511920257552772,7.2,2.9327926874620447,Moderate
8.212294580622114,3.3,6.943154053536783,0.7116751151130504,5.0,3.0882415773202996,Moderate
6.456236085480793,2.6,7.989760746241359,4.0102287729766415,2.7,2.85627290167825,Moderate
6.82006122783847,3.3,5.695394121628479,2.6906865102393884,5.1,2.9286090987980966,Moderate
5.510847251693214,3.5,6.7588896669020295,4.297314543596851,4.2,2.9414321343411403,Low
5.166945403321339,2.8,6.551128422341292,0.370362911557198,9.2,2.4852245317684827,Low
6.778713248630803,0.3,5.84876632389328,1.7919103063284059,9.3,3.1737549511126706,High
5.582614139237529,3.6,5.02727898664859,2.913157448260335,7.1,2.7712580270724976,High
9.47844160531313,0.6,9.827403832072557,0.5438055346776689,3.2,3.3168072888876865,High
8.614504031754269,2.2,9.307385083033596,1.8412458695373155,1.7,3.001230545384719,High
5.714924069429885,3.7,6.641420077478859,2.3932758390643207,5.7,2.918399511838096,Low
8.8608305059174,1.4,9.689687795031864,3.2349706271141456,1.0,3.528492805918294,High
5.275246864067651,1.0,7.4208786854766675,1.4956836176559525,9.1,2.817703028717177,Low
8.906050668154965,3.7,6.970480052357621,1.1600033726688916,3.0,3.2714572249677056,High
7.346409320128611,1.4,9.58554824694867,3.2334730687132196,2.5,3.172665954947073,Moderate
8.975471324698223,3.2,6.748088990002572,2.212837590990039,3.0,3.2337516954812253,High
8.71901659426187,3.8,8.111913573142816,2.374748666908709,0.8,3.522839824728833,High
8.677013883706227,3.4,6.916322026766796,0.17367578103417514,4.4,3.649558893236353,High
7.582423347868425,3.0,6.881590068322725,3.8556593726629043,3.1,2.9668639959203373,Moderate
5.92784201364742,3.0,7.886669550093037,1.2680065962416713,6.2,3.0258860644489216,Low
7.564664183593603,0.9,9.952817240875946,4.120247780667338,1.7,2.945884872403479,Moderate
9.688255782909774,1.7,7.57106409882608,4.664739173850463,0.5,3.838864758754568,High
6.209261399474461,1.8,5.629526470564391,1.0448209200665166,9.1,3.0067082584148324,High
4.752625740075552,0.2,9.701351552536629,1.3788727997341654,7.4,2.905349573471595,Low
7.853829294195259,0.6,8.579519698254272,3.4142344974769845,3.4,3.2447362522482517,Moderate
8.462417474687996,3.1,9.84345390730584,1.1375082266387795,1.0,3.507026542555691,High
5.418617285187476,3.6,5.730074993480492,2.061616972305766,7.5,2.5131374520978107,High
9.06479814389156,2.4,6.999595178114467,2.5945043116735444,2.9,3.279433771465445,High
9.547943258505397,0.4,8.880325101738169,4.606378105973203,0.8,3.602461041362655,High
5.756327113112506,1.7,5.524821355039852,4.298044457480405,6.4,3.3078587350769646,High
6.041082202836589,0.8,5.277948459278615,1.8421241488067153,10.1,2.960447449289089,High
7.771186851849534,3.4,8.560924596570176,1.7698711907561893,2.5,3.1601455132151064,Moderate
6.3036198074897225,0.2,8.30579751334579,1.0958319244756445,8.2,3.1159832031669628,Moderate
6.602970800449025,2.1,7.773094827455933,3.6065362023644743,4.0,2.890561737275074,Moderate
8.09413376304545,3.9,8.682319793729775,2.9995888603463623,0.3,3.0044649931724856,High
8.747338197352613,2.4,5.93223820139476,4.067886279370187,2.8,3.5774539420851164,High
7.461719157220351,2.1,6.644374000669272,2.8694162965051513,4.7,3.456105281093151,Moderate
5.993700274449222,3.2,5.900521720615808,0.6079672736098346,8.4,3.304232891447485,High
7.212410120037036,1.1,8.058374964564814,2.254032621947749,5.8,2.9087917303023825,Moderate
9.810585561830043,3.7,7.6523452238974725,1.0820129377049805,2.1,3.0402939018966055,High
9.746093353725772,0.0,8.074378740391444,4.453493641649875,2.2,3.3896858265951657,High
7.484712194116491,0.3,10.01900615441197,3.096191376653921,3.3,2.8646264337500074,Moderate
7.5842797602980685,1.7,5.170404805008985,0.5600362693916923,8.9,3.212791139166291,High
8.993001493655118,1.0,6.017259569089727,2.9719911977530544,4.8,3.198191099200279,High
5.40193117560093,0.2,9.40350233198566,0.8045731662304073,8.7,2.8553178413916975,Low
4.982515628845574,1.8,9.14772482672598,1.573071000927598,6.2,2.670929846904544,Low
7.009982084334437,2.3,8.14071835612098,1.9251644434302853,4.6,3.082938775151601,Moderate
6.9198906436016285,0.4,6.617857832862468,0.7734026292426099,9.6,3.340341698789025,Moderate
6.501888683848869,2.5,7.23751470502461,3.1423663520081986,4.9,3.1031552812095646,Moderate
8.549668851967589,1.1,6.789678591654114,5.471064012281241,2.0,3.3249122768671717,High
9.779916969266008,2.4,7.631604514148086,1.0248469228830923,3.2,3.3119335905754377,Low
6.541011880798328,3.4,7.838190424182351,3.235418697382401,3.0,2.948009529407194,Moderate
7.903678690044291,0.3,8.502448633975819,5.421399439794467,1.7,3.2617463977797057,Moderate
7.9635172230344216,0.5,7.999935788887235,4.881564229500267,3.1,3.3484961508937943,High
8.024179444633136,3.6,8.296432350428708,0.5713293275216831,3.6,3.125680472919563,Moderate
6.305852935068734,0.8,9.610087561307985,4.803165712119529,2.6,2.717530193458661,Moderate
5.7919253779826,3.0,7.420872041918341,1.622464279825068,6.3,3.1185226263135157,Low
8.016645325226888,0.2,6.749956852833625,2.6229725769761587,6.3,3.1528065702058776,Moderate
5.814331222181389,3.1,7.058095356407543,3.669697327254282,4.4,2.8134476189297355,Moderate
5.109092007255429,0.1,7.153884509870458,4.811521288752809,6.7,2.936926893725314,Low
7.194073600251327,3.3,5.813215120958724,5.591096786275431,2.5,3.0284297041694237,High
8.798920264791358,3.8,8.463807560067139,0.9518182226544298,1.9,3.3555845416120293,High
6.802384278461368,2.8,9.038425528513173,5.320405700626716,0.4,3.1020377736818685,Moderate
6.013135430094433,3.2,8.912959066209977,0.6123266346018994,5.7,2.6094434040622576,Moderate
6.655527669842105,3.9,8.370319162553299,3.9945399737925906,1.5,2.7510166995075345,Moderate
9.802496490660847,1.5,9.10269098667006,1.402518631595456,2.0,3.4495106435975655,High
9.744482556284506,0.9,6.819162629906296,4.561359695191017,2.3,3.4754674959587404,High
7.184980986074271,2.4,7.2139113382986,4.519422218744103,2.9,2.9446340578754504,Moderate
5.682829414344664,1.4,7.248036167321802,0.16392558507204755,9.5,2.500151147520939,Low
7.816610863943045,3.5,5.945700129800996,3.55435746844017,3.2,3.024775751771317,High
8.74191528682601,1.6,7.630211323727885,0.01662548847381129,6.4,3.5903381380432484,High
8.28254738013702,2.6,5.202065272135496,2.000736146304437,5.5,3.231597922069975,High
7.505493360315616,3.6,8.571151652965392,2.565283071992027,1.8,3.205401829316443,Moderate
8.959578260161006,3.5,7.16329901709056,1.9050988700375409,2.2,3.455703441273673,High
8.402246845032835,0.3,9.291362700856483,2.804997800100265,3.1,3.2452486636600875,High
5.2313144982702955,2.2,7.000874502055428,5.506114568569805,4.1,2.892017448385049,Low
7.870127872768709,0.2,10.139011148687041,2.941966595942585,3.0,3.029643081857963,Moderate
6.558049521444063,1.9,9.494568076885532,1.6390614134780326,4.5,2.914794855540486,Moderate
6.30224875719582,3.1,7.399598455508474,1.4779494041892012,5.6,2.908154462831351,High
5.759895481372503,1.3,9.850725422385109,2.204083448342709,5.1,2.884163039313083,Low
5.881960186803544,3.6,6.927204291375787,4.543805222899288,2.9,2.9028967404499553,Low
9.751848062520938,0.2,5.688318006942654,4.23987506060924,4.1,3.2852126448832997,High
5.071251872786505,0.1,8.661637722535179,0.7169435968242754,9.0,2.6678813720298,Low
7.294051728665251,2.4,7.118357037713444,0.24497601664645677,7.0,3.141515597629844,Moderate
7.409625097236382,2.1,7.565407586109807,2.500618812658435,5.0,3.141290434624613,Moderate
9.483326593063795,3.6,6.666294102979957,2.5597131330581533,1.7,2.755694289404537,High
6.501789555989068,3.8,5.907622482145746,3.545842514054803,4.6,3.0062179441481405,High
6.385419829336133,1.1,7.004597206334976,5.799873370216561,3.5,2.9485116576898895,Moderate
5.288509366833276,0.6,7.219040739902803,2.915203245317428,7.7,2.7169873482402096,Low
6.358877686424097,1.3,5.4243524226645095,1.7895299750423879,9.2,3.0873753049196524,High
9.691372576108924,0.0,9.253239740890368,5.3247124198285025,0.3,3.0710987089475896,High
5.42013884687319,0.6,9.900277816117093,2.930840845071816,4.9,3.1852464423956524,High
8.632911184578484,4.0,6.275509475930107,2.6149173025796384,2.3,3.1678979001972785,High
7.555218688338546,1.6,5.779315812222833,6.007289325541585,3.0,3.158986323277513,High
7.944841431780937,0.9,7.7881889520188,4.034295845589915,3.2,3.4503680792622897,Moderate
7.431913233601296,4.0,8.1267849664111,1.232828478771315,2.7,3.0362793562838353,Moderate
6.7464740241453764,1.4,7.369324260261046,4.637969876838336,3.8,3.1268023405235597,Moderate
7.362440788962171,3.2,7.9139192566778425,1.894706533814461,3.6,3.009172913518716,Moderate
6.106601605913341,2.0,6.119351074219141,0.0,9.5,3.089718500241661,High
7.900720809981733,2.0,7.2005822446833285,5.898494295375889,0.8,3.4101277912796775,High
5.693415274898789,2.3,9.415340799075649,3.6481644076739084,3.2,2.8975971559710394,Low
8.53069242058315,1.5,5.5103074925828714,2.6727435637039214,5.7,3.4937533764383275,High
6.182909247912559,3.9,9.721725232461544,0.9174319982771569,3.1,2.8898451996170356,Moderate
6.572518309044356,3.6,9.863920850867514,1.8612002233376497,2.2,3.0759270206725526,Moderate
8.272744532110037,1.1,8.721421898010727,0.5431388818514082,5.5,2.840370613066935,High
5.166281686904437,1.5,6.716136479913747,2.0685702034831395,8.6,2.3519866503221847,Low
5.98798190059036,1.2,10.031053402721392,2.0991527728717188,4.4,2.898523076202484,Moderate
7.3174203209086155,2.3,9.814872812603005,1.1295337610471243,3.5,3.315375362868488,Moderate
8.326085890508006,0.4,8.325468171884731,0.5220181957951044,6.8,3.3749483218025564,Moderate
8.123883417647422,3.0,6.040873871922228,5.211941037207235,1.9,2.922502684352699,Moderate
5.791189734800429,3.8,5.450655946142296,1.0712542231871378,7.9,2.873597004188781,High
6.857932764039467,2.5,7.7721470196442795,0.5882387547177721,6.3,2.8532651498527035,Moderate
6.123962586564459,1.6,8.7456285411469,1.5439566833908214,6.5,2.7519705013763462,Moderate
6.854501542661578,1.6,9.877098666185535,5.108801763548994,0.3,2.8666122267640013,Moderate
5.283064620680058,1.3,6.399906987206417,2.915777631339807,8.1,2.9694033429478868,Low
8.975002620131336,3.4,9.417886324976736,0.9663116310646085,1.6,3.101913164100315,High
5.387592870154196,2.8,4.923573290619796,2.527096276242709,8.4,3.0326214588562017,High
6.657187223593615,2.8,8.77368469376417,1.791233230189535,4.0,2.8771807898080435,Moderate
7.191183705639566,2.9,8.369209459196412,5.226679791586568,0.1,3.250693215818047,High
6.0581363570044955,2.6,7.831271923629803,5.682259620390457,1.8,3.0286558640439463,Moderate
7.933093371137261,1.1,7.475343629194401,1.7856219751435451,5.7,2.999186968885163,Moderate
8.02395452972323,3.6,7.745625158447219,3.0747150827688148,1.7,3.0553757229903833,Moderate
6.198695861773562,2.0,6.641170312394394,0.7490774419987605,8.1,2.9212226776459973,Moderate
7.557942296924828,1.3,6.121889456178867,2.8913012312744937,6.1,3.210226734355435,Moderate
5.532622747843897,3.1,8.919201626671768,4.534857569456897,1.8,2.9679223447848755,Low
5.77500217011912,2.6,9.170647713990364,3.294275078017759,3.1,2.781312198699364,Low
7.773214738396403,0.1,8.27096716656445,0.41193733410184985,7.6,3.5617418604612863,Moderate
7.197210299444199,1.2,7.65327372856146,0.6474818916185295,7.1,3.2961294865138377,Moderate
5.8772112084289505,0.4,5.818234274240244,5.5576610378184625,6.8,2.9785469504232256,High
7.6252610248593635,1.9,5.326156168476149,3.796336414560335,5.1,3.2002346133750383,High
7.86832846252501,0.3,5.568732780518646,0.3605795514591354,9.7,3.2321282912489795,High
6.3443392676602635,0.5,6.455446426785524,2.171336850429937,8.6,2.9704454113496683,Moderate
9.132751956210445,2.8,5.4941952202398046,4.209014254320557,2.0,3.4941375448594574,High
6.468385995512849,2.6,6.902514925059433,6.081209627207175,2.3,2.8192961704262824,Moderate
9.780817622764685,0.1,8.246469710749794,4.1797142496576525,1.6,3.1921643724865936,High
9.293094043629557,3.9,9.930489255307684,0.09418137539374839,0.9,3.4428853221944524,High
8.17696094422294,0.5,8.502889353878643,5.862790343336093,1.1,3.4170887278886486,High
9.506122438687251,1.8,5.204209961124605,2.0019436073152335,5.2,3.503219530036334,High
7.369166335664971,0.2,7.180539568890787,2.380634097279408,6.6,3.285871353541552,Moderate
9.293862471294258,2.6,6.452504936967688,2.5940008436187094,2.5,3.3636147060124806,High
6.761683386002852,2.7,8.231227111454519,4.214462597380134,1.9,2.5549969738870515,Moderate
6.383809400926452,1.3,5.506662771884489,3.861052899188739,6.9,2.9404433000007413,High
9.359253697530285,3.6,7.170082667462713,1.815200201780405,2.1,3.328618869607275,High
5.485168518014235,2.7,9.294985722439543,1.7032175579688447,5.3,3.0098274320787284,Low
9.358249324336352,1.0,7.742465019140222,1.5469596575446536,4.7,3.3904913577130915,High
5.570945447431966,3.6,9.344154271906453,4.564659566551243,1.4,2.433053487599743,Low
7.799496985826389,0.4,8.875516276331364,3.2707790899116076,3.6,2.969425525609944,Moderate
5.854345763967638,0.8,5.888954032321061,0.40671391323491946,11.1,3.1162380198873665,High
5.010643432256712,0.2,7.801418013078636,5.136085565996494,5.9,2.8314744826903877,Low
6.718739122066564,1.4,7.963943978758812,1.5636847124837405,6.4,3.2351728243327544,Moderate
8.357400049940363,2.7,6.08858120410715,2.066335877937421,4.5,3.6807338561562304,High
5.564938690797898,0.5,8.271389887092448,5.352431296696974,4.3,2.8525142970538893,Low
6.114614110380448,0.4,9.214342453057313,3.6991151397804765,5.1,2.9086159587864366,Low
7.969080245285749,3.1,8.574381453446176,3.4548254940018164,0.7,3.148639617689634,High
8.350362182373951,1.3,9.905664361220722,0.20250339668559636,4.5,3.3548159293269983,High
7.896308782960034,0.7,8.697285172490448,0.9598168757770511,5.7,3.179254605200632,Low
9.858078896195758,0.8,5.745674965176426,4.719920066457356,3.3,3.14357454960499,High
7.375694341072262,3.6,5.784287401166443,3.6387517838884103,3.3,3.0355394493612686,High
8.536932386169356,2.4,8.917432521047365,1.3454065258525096,3.0,3.1383008536959855,High
7.359402977500729,1.6,10.170683777146667,1.4235182568291214,3.8,2.8644777245919775,Moderate
7.792097521412703,1.0,9.454647707258909,1.4724936686115662,4.1,2.8833130349430243,Moderate
9.738331626944564,0.4,8.094775168938007,5.466869571137562,0.5,3.5913418909657397,High
8.491986290518756,1.2,5.839457577826445,1.6833359103968129,6.7,3.261584118492033,High
5.286805711240555,0.6,5.461162494623382,2.5755098647192107,9.9,2.654230257429124,High
5.5682978003581916,2.6,6.146636509733205,0.8310260817927027,9.1,2.9304662118216505,Low
5.643277544044363,3.7,8.932969028640988,1.8438161284317065,3.5,2.992524346369362,Low
8.50882266295799,2.7,7.898450531493484,1.4738273812609048,3.5,3.720092277022411,High
5.255599527564788,1.8,9.5471607104225,3.5085310388495183,4.1,2.8624911096915757,Low
8.514082957213164,3.9,9.971011739498529,1.075787040916044,0.6,3.0375284397555986,High
6.077022242385983,3.2,5.570377850009646,4.813846515146068,4.4,2.904952979869793,High
8.294015963912182,1.7,7.370834198407317,1.8060955903450482,5.0,3.362438435158744,High
8.6851720012187,3.7,9.740083422427135,0.567638190462761,1.5,3.3832496725557353,High
6.18403452790498,0.3,6.50879603547857,5.479923105387119,5.6,3.072650665732351,Moderate
8.500959024097257,2.9,6.372873218054895,4.116142123064307,2.3,3.202343600369545,High
7.985778995258131,0.6,8.965354331280626,1.4676394932558272,4.8,3.1062389400797352,High
8.3449558896096,1.6,8.04321105926643,0.40831752211468064,5.5,3.3625707797168793,High
10.106194529810734,0.8,6.200887565195699,4.051033907984399,2.9,3.3732841483128815,High
9.91616739701102,3.7,7.6756492831569245,2.3589889773286647,0.6,3.4082005046558463,High
6.38704549076027,3.3,6.7190536332466895,0.6686457770543792,6.9,2.919666710744173,Moderate
6.734278928964667,3.9,8.178935755177402,2.2540946360428142,3.1,2.9307350807628114,Moderate
5.304791107633778,0.2,5.668371587011419,3.6536778049500365,9.3,2.984238557560783,High
9.81662237427454,2.0,9.180649298122617,1.4882521651173837,1.8,3.604987354775319,High
6.117652404329777,1.4,8.278897550919876,0.5097811911640423,8.1,3.0869001083184733,Low
6.503620884856173,2.1,10.190464846550382,2.2620306975324005,2.7,2.9887904053674466,Moderate
8.797380480440985,2.4,9.442160633536403,1.2957030120388395,1.9,3.592005953116542,High
8.062212590399925,2.5,7.248747114700558,0.49805620254318467,5.5,3.1297617073724373,Moderate
6.109763107634043,2.9,6.72803849587115,2.799852396036515,5.4,2.991479275712141,Moderate
5.955283542345567,3.8,9.131559484950344,4.56029856613743,0.7,3.1563178805992766,Moderate
5.868985090598016,0.0,4.9954637164865705,3.4526074979871506,9.7,2.778953276231645,High
7.272371088649488,2.1,4.954674940095017,2.535656601539321,7.1,2.9778130327157872,High
9.031412851930243,0.9,9.170014989117481,3.0542553943286928,2.2,3.6315728041204816,High
6.116886469240738,0.9,7.71893831299396,5.020628074122376,3.9,2.6565643427873575,High
9.270167672113173,2.7,7.00082136006137,2.2072241517495352,2.5,3.3216476392815886,High
6.231278136899466,2.5,6.853992446293262,5.8262217411363295,2.7,2.4712640308512475,Moderate
7.958687509099762,3.7,8.939096720932083,1.6107941512588215,1.9,2.6251593472417136,Moderate
8.597274334026265,2.3,7.429750319832462,1.1445069360002895,4.5,2.9822712999108454,High
9.635132617584086,1.3,9.837454706634887,1.739300578010437,1.5,3.4020791365599603,High
8.02503699103059,2.2,5.338206806727731,2.2045844896145876,5.7,3.2568265794256557,High
6.962638422814124,3.1,6.143574399912588,1.0122499673671537,6.6,2.9396863596127973,Moderate
6.76343951648867,3.7,8.661693662258251,2.1637997722607447,2.7,2.854092217779534,Moderate
9.762378264174178,2.7,6.451407092350589,2.790540315102446,2.1,3.4747901630415963,High
5.465500969225782,3.9,5.778155248530416,3.8226960899244085,4.8,2.956523164974853,High
8.872874486590204,2.7,8.337161601243293,3.905921588662088,0.5,3.1805254158678813,High
5.348064799844879,1.3,6.30498851219756,5.81240159521294,5.2,3.0678041144523807,Low
8.427444488972439,0.8,6.178597420697065,1.8164460990508164,6.9,3.080826193712982,High
7.275515568266885,0.9,5.130674389144058,5.560985584943583,5.6,2.99968579223154,High
6.761038178927154,0.0,8.461046917337935,4.986125678636869,3.9,3.0414931136251537,Moderate
5.653824334838326,0.6,9.226844960975095,3.7610733652875936,5.0,2.9109582777699683,Low
6.641665512659317,1.5,8.686452089565252,4.947723526394701,2.3,2.873280768891919,Moderate
6.971296273902858,3.8,7.359547989410848,4.533997460969029,1.6,3.2416581263103286,Moderate
9.435124693728879,0.3,9.79079350425954,3.8137892099444435,0.8,3.399556424476951,High
9.162851515278767,0.8,8.902994381367405,4.2580224386644066,0.8,3.419529155556257,High
5.3395603566125915,0.6,7.6803349072838145,3.311695937824518,7.0,2.730392310474375,Low
8.180555422016555,0.1,9.705770025570086,0.2777474118144137,5.6,3.3699912779948837,High
8.187430165846253,3.3,5.1266195871129625,3.047406706175123,4.0,3.233224029474259,High
7.304110993447562,2.0,5.672771582409023,4.19286732638493,5.2,3.4310868874225866,High
7.384919372567332,0.6,8.290361394976333,0.8274627854074648,6.8,3.153250507746127,Moderate
9.221777296486323,2.5,5.823143100120749,5.550488452813413,0.5,3.271558327380712,High
7.976090966499486,1.0,8.841663610771622,4.857940812740324,1.1,3.1897810820386083,High
9.969028686904382,2.0,7.048956741610265,3.6496367054265897,1.2,3.514663033062962,High
7.608118684474418,0.4,7.133472060675257,4.697218536480973,3.7,2.9436825270912736,Moderate
9.270152531330892,0.4,5.493438898650507,1.5757167408102117,7.2,3.2993972940647542,High
8.01100204189059,1.4,9.12553052122213,1.3109645710410471,4.3,3.2575823777675454,High
8.269364906293184,0.9,9.026331853422635,5.025562420783565,1.1,3.0254474319716174,High
6.837140970004197,0.6,8.40419053346363,4.591990857427162,3.2,3.1247028707556477,Moderate
5.614312110336913,2.0,9.073785883982142,5.510047689002234,1.8,2.9910957055681577,Low
7.630892055650133,1.6,9.09128100238605,2.696857676737183,2.8,3.1577027178168753,Moderate
7.286304901564953,2.0,9.322179233090788,4.520262132275432,0.9,2.7326245117583654,Moderate
7.722439023120094,2.3,5.937300218656464,4.720761693171835,3.2,2.9192898623810066,Moderate
7.305541949525004,1.3,5.680478692942422,1.231676314840874,8.4,3.068906388855227,High
5.958321417666587,1.8,6.691334303272799,0.042974324876652786,9.7,2.968433310364499,Low
6.641748891435733,2.2,7.883268164893259,1.994021332495176,5.3,3.069302697029369,Moderate
7.201069708497153,1.0,6.258751237348588,2.7726432763878965,7.2,3.0734155233080704,Moderate
8.784886268467227,0.8,8.445193196679375,0.08007890719235336,5.8,3.5695755504788345,High
6.797991886358532,2.3,6.05343786667675,4.5529807569305065,4.5,2.8693955772330755,Moderate
5.09556839672293,3.4,5.879829477212117,5.281726696766142,4.1,3.028148103053347,Low
6.6216825430320725,3.6,5.525577208595031,0.9753137814148222,7.1,2.8330017188654435,High
7.5589794843563,0.3,5.95191680197734,5.653038383495871,4.5,3.110659705336425,Moderate
9.558217468663846,2.2,6.364460464010826,4.112581245744119,1.8,3.4894783603688726,High
8.142163315373399,4.0,6.173418979538659,3.499182013400064,1.8,3.3583755700827354,Moderate
7.5789505712850564,1.2,5.833555459319316,1.5297497268765499,7.8,3.1972808555579117,High
6.902454422084832,3.0,7.7635487534110315,0.5204521636577485,5.9,3.1240147768057835,Moderate
8.27134759113167,3.2,7.469252379441398,2.06332476811368,3.4,3.1716326109081074,High
5.6124389823786744,3.5,8.860662085750672,0.8091829546030925,5.1,2.276507237029017,Low
7.949295011736792,3.8,7.779541699385775,2.08551880401622,1.9,3.72888342976355,High
5.495758350766415,0.3,5.715044600667177,0.11508991046013224,12.3,2.999963238770522,High
5.746617053522193,3.3,5.828116974307105,1.5747859833004314,7.4,3.071202532780423,High
6.500033041198147,1.5,6.022799172439469,3.0977482182604863,7.1,3.0301624710194712,Moderate
5.3819918850216375,0.6,5.275486349149071,3.610078031978115,9.0,2.7733041579873547,High
5.409123869616651,3.3,7.619069717456572,3.059030522359402,4.6,2.525796869129941,Low
6.306610779140722,1.3,7.808398712839458,1.3775660919125696,7.4,2.9560400389521115,Moderate
5.747767533184193,3.9,4.810798392761334,4.636397637535346,4.6,2.6773308526144817,Low
5.611419246977552,0.6,8.418093605942108,3.5196322943979816,5.3,3.0130154004752137,Low
8.731397733135035,3.7,8.62583836741343,0.337314735573764,2.4,3.491310890927563,Low
5.821668348931931,0.3,8.400191457387624,2.3593152235103334,6.8,2.8837937755441576,Moderate
9.47618904096173,2.6,5.5562198853418865,5.780042786842956,0.6,3.231207956802403,High
7.010702346197437,0.2,7.39411212447083,0.5733293809789991,8.6,2.7937225590202748,Moderate
7.008148812638763,1.4,8.765421074374954,4.802774668041762,1.9,2.9575190011376757,Moderate
6.685139138883192,0.6,8.92452785956955,4.185692403483442,3.3,2.859741601111064,Moderate
5.9346532373358665,1.5,5.41201841873856,3.9849583132598236,7.2,2.823890127815315,High
7.864558727783628,3.6,7.644195142518798,0.8394003059892406,3.9,3.400842295874091,Moderate
6.977212278675583,3.4,8.358613028900148,3.7686842802679936,1.9,3.3270621585856537,Moderate
8.907974785342848,2.4,5.78984141038067,4.658499309148978,2.2,3.382210866226261,High
8.815481525177741,0.3,7.087329757774817,0.8610369860113791,6.8,3.504033860992382,Low
8.376505820249779,2.7,9.096742459796939,0.7663170914853441,3.1,2.797082379115917,High
5.562807554119287,3.4,5.805766272262572,6.1363757050762056,3.4,2.8269795442418495,High
9.823413683530982,0.4,6.420903749308465,3.739736440458195,3.4,3.7490078027526748,High
6.704160637551325,3.7,5.246445868023165,3.2374214621628186,4.9,3.4312792260127467,Low
6.393275290152589,1.5,9.307198459995849,1.015681104497742,5.8,3.1394927860687796,Moderate
9.289435113471587,2.3,8.730095552153813,2.8836876328561902,1.1,3.4063982064150635,High
9.272654637439478,1.7,10.03548765434876,1.5742558270535547,1.8,3.1144469382167888,High
5.413771916831358,1.6,9.858156017185062,1.756609366433737,5.0,2.7308613458280093,Low
8.747845901315008,1.2,8.867173612341524,2.5358373516131882,3.0,3.2593728231209234,Low
7.284429090362482,3.1,6.843528224402727,2.661885037161163,3.9,2.8319269669016336,Moderate
7.710507087281471,3.2,6.816720830283166,3.2689174596235966,3.3,2.8584369947433994,Moderate
8.34684823363815,1.1,6.239661042003285,5.588981526121943,2.5,3.3694281240617423,High
7.9525154524147315,0.1,8.249448322836727,3.126592740372583,4.5,3.5686390050225647,High
7.44709949841714,1.4,5.506391582945443,1.0259359530650207,8.3,3.136180030816621,High
7.311531987142021,0.2,5.140036796666274,4.3686406612410575,7.0,3.201233575163954,High
7.664072857881392,2.0,6.326587094850458,4.354554357659679,3.6,3.0901342248770707,Moderate
7.503005944713199,1.1,6.246700602453175,3.8925212915357834,5.5,3.0274387584209395,Moderate
8.468608715265901,3.3,7.096516170265087,0.3652228802952426,4.9,3.5320032282923384,High
5.091396680016773,2.1,5.025284246594395,3.4166010877354065,8.3,2.909335001866407,High
9.651328544613719,3.9,8.00602408029102,1.2894183243440842,1.5,3.4043343191094793,High
5.2493079787021735,1.9,6.27333747196469,2.676246391389601,7.8,2.85082672685804,Low
7.27628655233879,2.3,6.882142158813432,1.2822111604097177,6.6,3.3713853913886593,Moderate
8.27071475256695,1.4,9.611974973959196,4.085097754604196,0.4,3.205411501987782,High
5.919190387117382,0.2,8.733647104441355,4.8495551023516885,4.1,3.11020190661965,Moderate
5.12580142353322,1.0,7.524216654745739,3.54544669693736,6.8,3.219179625100856,Low
7.753814788536866,3.0,6.332425273506169,3.4858893213854336,3.4,3.1858250600721947,Moderate
8.698880057340524,2.8,9.926076638362794,0.5648388914811613,1.7,3.0971353189278847,High
7.621822220800856,1.3,7.361443406752171,4.934137091465687,2.9,3.2840282160897893,Moderate
5.706329797280635,3.5,5.443858823271896,5.386552640680647,3.9,2.9554872922186997,High
6.687498016090092,1.3,7.608039354660867,5.638631956392136,2.9,2.9725199888508587,High
9.31531469500431,1.6,6.128903307981608,2.405830459239147,4.6,3.3092143255179582,High
6.863435061120961,3.7,9.027546751448211,2.2620067703123916,2.3,3.0534644584198696,Moderate
5.185817623021347,1.0,7.326126449130709,0.7480097253025457,9.6,2.8157319491153916,Low
9.913589044733461,3.1,6.246407885947828,3.1497743533519764,2.0,3.5276960669734043,High
9.434737241043399,2.1,8.89116251091778,1.8668403818148924,1.6,3.4836310856101154,High
7.822321334461198,0.5,5.735123138388684,3.2097580961936174,6.9,3.337813773514446,High
9.88802268665556,1.9,5.011390697661352,3.5044187909211395,3.7,3.922121376552049,High
9.362378821583249,4.0,7.330970810084247,1.1397628061748692,2.4,3.055231020797848,High
5.28679059917755,1.4,6.515307888594474,3.800518333991538,7.0,3.105237894402575,Low
9.712390061310415,1.1,9.141727023482707,0.2085877899159615,3.9,3.328629350380554,High
9.7341949008367,3.1,8.273279587417518,2.6563293949516162,0.5,3.442589072965087,High
8.094878997133701,3.9,8.741873981930242,3.394262164528298,0.2,3.0935879068572136,High
7.718089323174249,0.5,8.039347261986467,2.8192983732147243,5.0,3.1525649928754227,Moderate
8.113481389611453,0.0,5.830236894203122,2.944588464894394,7.0,3.18876939815881,High
7.197051098266056,2.9,8.022102625451879,1.6517102173629783,4.2,3.1595044730770314,Moderate
6.97783988431429,0.9,9.659449688173112,0.8611394004478441,5.4,2.999913336450281,Moderate
6.096507828342429,3.1,6.103904437867163,0.7298764096214049,8.3,2.8775030186022446,Moderate
7.372903832877076,0.0,5.298366875239159,4.527225383924828,6.4,3.1352980262010246,High
9.306761757937586,2.7,5.342350999351572,4.559510379675155,2.0,3.390343430188554,Low
8.96509862212496,3.2,7.245670961903529,1.0146725917879031,3.1,3.4673144445368487,High
9.856026349802645,0.6,6.0407481010255655,0.8138640347500902,6.1,3.568172215009441,High
9.048148797011454,0.7,5.26163275269348,5.827298405396796,3.0,3.5646310807000696,High
7.791152525326856,3.6,9.560010109110012,0.0,3.0,3.1015905069663194,Moderate
5.291860811860043,1.0,8.09324681127363,5.232056443001153,4.0,3.234603962102864,Low
5.996050292863674,3.2,9.69546971614605,1.0363365105485798,3.7,2.6877621441028214,Low
7.431330784313574,0.3,7.757898066508241,2.9780090562864143,5.4,3.080432298966041,Moderate
6.71670881329889,2.1,7.846978123368319,0.24304639789192917,7.2,2.797488932680756,Moderate
8.884772204658198,2.9,6.936247811907182,0.2942396493364204,5.2,3.2209698229148627,Low
5.86142249221708,2.3,5.560765439654762,1.7762779160941287,7.9,2.625439767269444,High
8.415734764396472,2.2,6.808907029312908,2.471174299583283,3.9,3.2833987751354967,High
5.377148786135875,3.5,5.33721542226052,4.306483271117886,5.5,2.816967154434143,High
9.832601815184226,1.1,6.949270530167636,3.2680162926313585,3.0,3.2738890570586197,High
8.461840010527006,1.6,7.374640706498234,0.33330434794832103,6.4,3.2519643103765126,High
5.9232526729448285,3.2,7.3466163396663315,1.8557781825854551,5.7,3.1378498964365513,Moderate
8.697982281276207,1.1,5.488041233602561,1.6142854039255248,7.1,3.2551578950570934,High
9.793733027721293,2.3,7.7199191301616885,2.7117060044158596,1.8,3.6702624606776753,High
7.6033617771013375,0.5,5.5306900794065825,3.2635641998792106,7.1,3.01450410695017,High
9.431190265207297,1.2,9.078214793016794,2.7389620508004544,0.9,3.517916646310345,High
5.940107440582643,1.5,7.758511583749875,4.782562884376773,4.6,2.7670578233208842,Moderate
5.521838870709442,1.6,7.322250764301983,3.0562001311007565,6.2,2.6499985757637736,Low
9.082595545782128,2.8,7.688213032006371,3.1270317714479843,1.3,3.425453013793532,High
7.166317220045538,0.6,8.339361686605853,3.0413283087009177,4.9,2.764280359822313,Moderate
9.370894978919903,2.3,5.426497112254003,2.6201805166060135,4.1,3.682958937209559,High
8.530925255318719,3.2,7.567867094591591,4.16523648869976,0.5,3.2739170523286663,High
9.920007712965187,3.6,8.20028093471231,1.80205731362704,0.4,3.114154118812425,High
5.482935808394633,3.5,6.7949315434658235,1.0776719369256644,7.4,2.7053785638794485,Low
6.542850209716197,1.3,5.759181877117115,1.9555446690029539,8.9,2.631027344775866,High
7.885933689883539,1.8,6.893004823237708,4.414109938971259,3.1,3.216580764983806,Moderate
6.85613124838373,3.0,6.071959680089591,0.6705907231340652,7.7,3.083798603884491,High
6.610746040946553,3.2,6.239879464161115,0.31976856954661537,7.5,2.7244077427230677,Moderate
7.835383993772366,2.1,8.389913183231759,1.5527553550856947,4.4,3.309816553481917,Moderate
9.269203339823871,1.2,8.231530141458718,0.19699557813183918,4.9,3.0891342222363036,High
7.773010143685125,0.3,9.153924505701815,1.4375061422874351,5.7,2.93060734666424,Moderate
8.387925609778007,3.2,7.950709625281348,3.3759218559595183,1.2,3.008786521093575,High
9.035797713368241,1.2,7.990283346643801,4.6485619343460005,1.5,3.685523144597345,High
7.309665107540665,1.2,7.383625873627943,4.586687850904587,3.7,3.07542926647299,Moderate
8.268325890508821,3.6,5.383155098885456,1.6479617992546922,5.2,3.397764196285962,High
8.487577385820257,3.3,9.44160102470382,1.2391966931943819,1.7,3.2338725930932757,High
6.355406980678601,1.2,8.998444870189504,0.42678510601831515,7.2,2.738907197526499,Moderate
9.199056377941893,1.7,7.942552315191893,0.5218505815229527,4.7,3.2445269317576075,High
9.741772656692186,3.2,7.526850741586963,1.106206461363214,2.9,3.388307321703561,High
9.818774005185407,1.4,5.726646009194728,3.3132169329628938,3.7,3.6850785557333157,High
7.296763729437208,4.0,8.565409981823572,0.15255586906009508,3.9,3.143594097513211,High
9.766120775420681,1.6,6.45815214728576,3.354707040961325,2.7,3.367733975700071,High
5.023294845422922,1.8,9.330284206555186,3.6764922882023496,4.6,2.6947124043992274,Low
9.961801079018995,1.1,6.404206133519071,0.8694925086908373,5.5,3.376884769436638,High
8.929617601462237,3.6,9.811223970645699,0.6389469520292039,1.2,3.1292357348511546,Low
9.747282353541395,1.3,5.56484289952752,4.9626797170306425,2.5,3.1464807101997643,High
6.852295905071536,1.1,8.51963327437386,2.3752806836893354,4.4,3.094133336546417,Moderate
9.923345547987363,0.2,6.9522143125814795,3.050716483513212,4.2,3.0653807198719787,High
8.635582567597336,3.5,9.742678592757727,1.7613473498042727,0.4,3.2707285043961125,High
9.271666615971723,2.2,8.968954713238068,0.895596725172985,2.4,3.0893419866646883,High
7.118927404183237,1.1,9.961249623282734,1.854227590966267,4.0,2.929799855213008,Moderate
5.726535809961413,2.1,5.225198795434368,0.9879678251132697,10.4,2.8210429383896,Moderate
7.356234800016601,3.2,8.589625737538215,2.059613351768172,2.8,2.791253849369309,Moderate
6.882169791006248,1.3,8.992649335240571,0.12630157973674253,6.8,2.8122068607306754,High
6.321189879873791,3.7,9.243991955466356,3.3895010347480015,1.4,2.8541240749213874,Moderate
7.272788250940597,2.1,9.940608353878039,4.372321847654629,0.2,3.2419683326832742,Moderate
5.859532567309011,0.9,8.145845637386635,2.5379857139124447,6.3,2.8066340021868172,Moderate
9.675288381754632,0.4,7.583950002816723,5.540576241253487,0.8,3.7549037155670177,High
5.7922113086449665,3.9,9.879785890771284,0.9225455563659132,3.9,2.55247658740637,Low
5.428162413022042,0.3,9.341982469628448,1.248698156033432,7.4,2.5415645264238096,Low
7.941333698948809,0.3,6.369010017645049,5.637495844540534,4.0,2.7456636027896533,Moderate
9.319753855800519,3.1,4.957704602741272,1.9999435873676872,4.3,3.130532733438088,Low
9.491847917268599,2.5,5.565568756123891,5.370187608392138,1.1,3.604460787114488,Low
9.743869588673105,0.3,7.5224373023946365,1.9856136524437416,4.4,3.196784174779491,High
7.888799921207954,3.8,7.3584335706666675,0.46255364715094777,4.4,3.1614153731052483,Moderate
8.096469125950765,1.4,9.39776818763916,2.3261348507433253,2.9,3.074783050888407,High
8.781637258190088,1.1,8.71618377603673,0.7465343065990518,4.2,3.188307848299742,High
6.564688725700086,1.9,9.629896030193592,5.459199470529003,0.4,2.8824738097995835,Moderate
5.662401732467857,2.0,7.384916525102397,5.556436619773564,3.6,2.579963057608512,Moderate
9.416479200406208,1.5,7.577403025509794,4.979176059754458,0.5,3.2486856474974477,High
5.962312660618565,0.8,5.5329152186881,3.8542284166507756,8.0,2.552506609312638,High
6.030895006418746,0.2,6.215434215845354,4.591278909456898,6.5,2.9015828109904245,Moderate
7.022359861981442,3.9,6.030189844545081,1.085686426755763,5.7,3.3560020938846757,Moderate
6.678148443022509,0.7,6.816643030211781,5.4397162983396505,4.4,2.6895017814156077,Moderate
9.619481872084847,0.2,5.966962149659389,3.3225524229601726,4.6,3.841113099391688,High
8.122286093154665,0.2,7.057666519074683,3.7807939663828365,4.8,3.416878989118273,High
6.606858021347342,0.4,6.945570850610368,1.016086447314359,9.1,3.2567181214575274,Moderate
9.61705946723562,1.9,6.620481030272527,4.546474005986672,1.4,3.07693159690729,High
9.021569423567302,3.5,8.515320097832703,0.0,2.9,3.348312500621922,High
7.87828056054963,3.1,6.056506512150775,1.4581628660418182,6.0,3.1694279834135637,High
7.37731955281872,0.0,9.156614941882651,2.116839910206035,5.5,3.383542136614217,Moderate
7.58884485872367,2.7,8.819725687278051,4.964425389816262,0.2,2.711527700890319,Moderate
9.660720500225796,2.6,6.477112213487538,0.49288436133071767,4.5,3.6011888953480504,High
9.37159596102976,1.4,8.152488526951906,2.2727961632980005,2.7,3.4508286485442508,Low
5.330640318405896,1.7,7.666610190367432,2.483960596222672,6.7,2.556793223682976,Low
8.84537734305311,3.3,8.84286869277086,0.29416886560087674,3.0,3.374347028452881,High
9.848675757537478,3.3,9.088589130638965,0.7485705832171612,1.3,3.24700184350927,High
7.329373588133128,1.9,5.982526060465762,0.0,9.0,3.011217768169008,High
9.479567768780711,2.3,8.56069774680849,3.7785615782130675,0.3,3.370802343904972,High
6.503736472575726,2.5,5.0211351279904575,1.1805942606472102,8.5,3.07260149248871,High
6.705992284055991,1.5,7.983630766102283,0.0,8.0,3.1856894569016596,Moderate
6.106184199818134,0.8,6.2695912855003275,4.7164777831325,5.9,2.765413743675864,Moderate
7.641211179165776,3.5,6.530021598784591,0.5922818281455524,6.3,3.066814117725422,Moderate
6.788452802659032,3.0,7.43149789767159,4.772306108361594,1.5,3.0116819425758092,Moderate
5.175990745500105,3.9,6.983904259337754,0.8614444029192471,7.1,3.3268796471446405,Low
8.392078454761803,1.1,8.082977585354627,3.3437036064792496,3.2,3.511868495806451,High
6.262918763196313,1.8,7.68457922563925,4.072271038389381,4.2,2.895647646984291,Moderate
8.990013394680995,1.6,8.277834293824283,0.6817070128201805,4.5,3.2724173689901233,High
8.483812921082578,0.1,5.920630232238637,2.958616838712597,6.4,3.428906927323471,High
9.320512287262114,2.1,9.499226201270083,1.2340785043264857,1.5,3.217695585240203,High
8.798570889636709,1.0,9.979545651199269,4.227303228245539,0.4,3.2784728306286115,High
9.755970597020664,2.1,8.287594910153196,2.930954622764669,0.8,3.4807923523397646,Moderate
5.497854774250634,2.0,5.877517833718389,1.2703103459123872,9.9,2.5598391823120092,High
6.81507161970116,1.7,7.998070037709432,0.3568536290662431,7.0,2.777556916029208,Moderate
7.643276855057777,2.5,7.918644063068577,4.2764587233884575,1.5,3.184885613711424,Moderate
6.657647850451181,3.1,7.038687614129011,2.9616520130659145,4.1,3.2291841410063005,Moderate
6.731142936959049,0.3,5.592860775162075,5.205424145231227,6.2,3.2576728269627324,High
8.617914542806021,0.5,6.976236092839485,3.7360587658318183,4.7,3.3551286008233676,High
5.018882902746481,0.8,9.959562484886346,3.6752638845646577,4.7,2.664783611509744,Low
6.3366502539821346,0.3,5.145084153266296,1.3803101626180652,10.8,2.9533697270807937,High
8.85413959329897,3.7,7.1587563550513975,1.0056325950096674,3.8,3.452741462786557,High
7.5727654776544675,3.6,8.901181025847134,0.12145454625110116,3.5,3.173082096752611,Moderate
9.62754050106926,0.5,7.662148730871383,5.201327478507208,1.0,3.7695731626819406,High
7.0305928701842,1.9,5.402298176173878,1.7000588561102912,7.9,3.150273218190133,High
6.2431626708058845,1.8,8.482449270284983,0.9370232278801627,6.4,2.9318432700705483,Moderate
7.60447497841487,3.0,9.16075056507875,2.575673083839172,1.6,2.9249232039175084,Moderate
9.765489249724228,0.5,8.968647226045482,1.101912240817021,3.6,3.5406308456111497,High
9.567758727886703,2.9,8.760782850490308,0.6146485763694963,2.0,3.8536830481063853,High
9.128225247234656,0.4,9.840612486059612,4.36625573805273,0.5,3.1637124576252598,High
6.470557977078764,3.3,7.826026684984623,2.861461299184473,3.9,3.074409932232378,Moderate
8.758541921619827,1.6,8.011534227992106,3.9936679355033795,1.7,2.9768014466350987,High
8.607656709894352,0.2,9.303266102263208,2.675979795029249,3.2,3.073219979535931,High
7.42459241169785,3.5,6.76477379799827,4.6024593584235705,1.7,2.9264685971510738,Moderate
5.563883633475549,1.9,10.17644404125504,4.911491529092294,2.0,2.845445017390354,Low
6.172670839652302,1.6,9.076257024598544,4.5182472576306205,2.7,2.61223336332812,Moderate
6.155825655643961,3.7,7.886086218905503,2.0158485687936705,3.9,3.4118834080764566,Moderate
7.881409354704357,1.9,7.5036216393570685,0.8020521198448992,5.7,3.1802839281021207,Moderate
9.097273366508935,2.2,5.658961085782386,4.652583884298195,2.4,3.1575542911016274,High
7.4889597093141,0.5,9.771890465495582,0.9264051956475213,5.1,3.038500078646754,Moderate
6.575210449225673,1.6,6.94573171379437,5.322855876289517,4.4,2.6845863166356874,Moderate
6.334780563241486,2.0,5.803628122618071,4.035094918200258,6.3,2.9431174341754645,High
8.05174118670906,2.9,9.900922996728085,2.9900335093383945,0.3,3.0707896794107636,Moderate
9.589857620283055,3.9,9.400813555327073,0.0,1.2,3.305498084245648,High
9.586142968465015,1.7,4.8411997177049875,2.6185818272447476,4.9,3.457196281042916,High
6.906798212431115,1.9,8.113333870502592,4.987803140405009,2.1,2.839883396448917,Moderate
8.395331192829389,1.7,8.87955689237856,4.17838204523348,0.5,3.2572655005441637,High
6.292374779168907,0.2,8.535540778261314,5.414180479561097,3.9,2.781391770136854,Moderate
5.941184154715468,3.2,9.215356856633127,5.082027543357131,0.5,2.963555510536827,Low
6.67010442871225,2.2,5.277509172889711,0.4081374299557183,9.6,2.8998466898827777,High
8.283656850157099,1.8,6.274265662942728,1.1830248253988755,6.2,3.213078250780821,High
7.349119661290066,1.4,6.6665868077260555,5.952331969204709,2.8,2.9017674615109574,Moderate
8.21675564404953,0.1,7.008951809730923,5.341177989111162,3.2,3.125012209456604,High
8.70507610201071,2.4,7.850204490769454,0.3574431004155542,4.6,3.2504210495974966,High
5.701360520703637,2.5,6.185053268196254,2.95688157865809,6.8,2.534221577683576,Moderate
9.774311958048287,3.4,8.462899311153771,0.40017829575863917,2.1,3.505128203545011,High
5.330737018894146,2.0,5.893596881798987,5.688399755754177,4.8,2.8404427574187516,High
7.02883199213036,2.6,5.540755046336825,2.3682645501775177,6.4,2.7736209904050426,High
6.32970706896427,3.6,5.179492740325764,5.468483445727825,3.3,2.8699135294076332,High
8.747707830538438,0.1,9.792514647330437,2.3930917427679677,2.5,3.4858136640757666,High
6.573565407408708,1.5,5.2821929546372415,5.580262006586011,4.8,3.0238089548509755,High
7.139387795900907,3.8,6.188679068420503,3.0281100274214556,3.6,2.963056849167736,Moderate
7.4022973631916855,2.8,5.367705901305872,1.2371801814056433,7.3,3.2445071502772405,High
5.902955752649835,2.3,6.142199412410022,5.4901305479853635,4.5,2.7306791338793186,Low
9.832630581174126,2.1,6.855967117729163,1.5607328361514339,4.1,3.5104843914150767,High
9.725576305460844,1.6,8.574033416328941,1.9863276545282613,2.1,3.8516782567910566,High
7.651987395496944,1.1,7.303408102551968,2.7701493821153247,5.2,3.1775698302649293,Moderate
6.433463549203121,0.2,7.545827068186464,3.4125780419254013,6.4,3.0274169800079425,High
5.83066669842404,3.0,9.81838559760136,5.056375470413321,0.3,2.9636139182373213,Low
8.698661427037871,1.8,7.59733924840715,5.338723735607439,0.9,3.23157737394331,High
7.376801408273297,1.5,7.641484856678802,3.4949568155107387,4.1,3.32880149102479,Moderate
5.437071518226985,2.4,5.54732702153331,0.40190299226919385,10.0,3.1504115551750878,High
7.56276966693027,1.6,7.581121533677246,0.37307520024787166,6.4,2.9175318966630805,Moderate
9.868375857537089,2.2,8.53785970615497,1.4653909856701262,2.4,3.422105358409748,High
5.325634829957217,3.9,6.379957427890559,2.3127311385827887,5.7,2.8074480522076373,Low
9.240348536499209,2.1,6.4052619857516975,0.32718626219126706,6.0,3.33796315572118,High
5.940859199371902,3.6,8.583491551168523,1.473166923536292,4.7,2.8999480697722824,Low
7.8915468812096865,1.6,6.901827424178965,1.5555472406681115,6.4,3.120284383681708,Moderate
8.473593475281131,3.9,5.858623824147393,3.519957089970374,2.4,2.9144717024753732,High
6.04848417377983,3.3,7.334985232481218,3.3762465120983043,3.7,2.512266170528247,Moderate
6.552840500519449,0.7,5.5192265774085465,4.291741353785124,7.1,3.074873751420915,High
6.791736184085851,1.7,7.221148081250109,2.1194773634730257,5.8,2.8852901656371803,Moderate
5.630799547691328,1.2,8.197618457843749,3.825708216412901,5.0,2.797668614760033,Low
6.039566836748609,0.8,5.010161540774343,5.15433530390792,6.7,2.55174464282148,High
6.274351271766997,0.9,6.187023272294608,0.7816124827984889,9.8,2.805966026207633,Moderate
5.863557107265277,2.6,6.875213263999425,4.254359054811334,4.8,2.92177730492156,Low
8.10564380092825,1.0,8.149342991120834,0.4684038871088707,6.2,2.6619627022126,Moderate
6.327368235660586,2.4,9.407211618446935,5.840348330272922,0.0,3.2086581795179967,Moderate
7.809960690981832,1.6,6.3128646711969765,1.5525927896334666,6.8,2.7558673282675565,Moderate
9.482099602381203,1.5,7.03438286664717,2.1291103366048234,3.7,3.3705817046988797,High
9.236155271474745,2.6,8.038154914060838,1.27842411783993,2.7,3.3499870773847333,High
6.941797036466365,2.0,8.265074010154413,0.10151368294270384,6.6,3.2367944846755146,Moderate
9.551199498467751,1.8,6.652080732966622,0.9815940781168687,5.3,3.3628854003012534,High
7.143312417709012,2.7,7.325957956397591,5.811348649107665,1.4,2.502867882089478,Moderate
8.035893712808706,3.2,5.700564178010308,2.1819582349900393,4.9,3.3607672722733355,High
9.627474841590834,0.3,5.059334270477239,5.33025863953106,3.9,3.0672043496020702,High
6.10636258889168,2.7,7.692829618350869,4.931152423136376,2.5,2.9718954407312888,Moderate
6.983626791755696,1.3,7.948046499106209,5.670846365818734,2.0,3.073690576038083,Moderate
9.166003233219941,4.0,4.9631549402956745,0.4696293169109375,5.1,3.5879746675793256,High
6.457974682763867,1.0,8.98497780925833,0.4682851042042186,7.4,3.060390846408681,Moderate
6.769192746946367,2.0,7.473762708940292,4.391289254070673,3.0,3.243346778131916,Low
7.7799744519326355,2.2,7.989500184293072,1.750187484834178,4.2,2.8554969913267167,Moderate
5.433366473912108,0.5,6.135008198357594,2.76822559614931,9.0,2.8544045356729586,Low
8.741189575444537,1.4,6.971164236856803,2.2194418570236056,4.3,3.5564699356222036,High
5.727051174767388,0.2,7.838503365216863,5.945299146166582,3.9,2.786690559532127,Moderate
9.077949354079411,2.8,9.964906998499547,0.932827361116169,1.4,3.569152917390276,High
8.41613733700532,1.9,8.274541851748905,2.4638589987523143,3.1,3.2754614802878312,High
7.131745676648054,3.2,8.134057863717285,2.70454327737969,1.5,2.889211169859193,Moderate
5.66418529104059,2.9,7.4606850654409715,5.410523208254744,2.6,2.9709952026314665,Low
5.706022967214889,3.0,4.845234253178944,1.1839985434599387,9.3,2.4042531166044716,High
7.9672147486190354,2.9,9.769992660620055,2.6375978274366934,1.1,2.9690265560244575,Moderate
5.103644077402938,0.5,7.715474629696926,4.173592111494313,6.7,3.087657772970646,Low
6.939452904072554,2.9,7.6421027257388365,0.37257637077876804,6.0,3.181460082666082,Moderate
8.435554185028522,3.6,5.65897819433289,5.862235802763699,0.3,3.226048201842543,High
5.997570115768929,0.0,10.152112194643435,1.4764080295935305,6.3,2.7153283560005077,Moderate
7.871735832568756,3.6,6.680225333353343,4.173742064061759,1.9,3.3090868442903245,Moderate
5.966286207618256,2.5,6.80694922635639,1.166436815123267,7.6,2.6744832222218826,Low
9.519814271504867,1.6,6.057785009699227,2.728352854209027,4.0,3.364667294628573,High
6.565371317759808,3.0,9.781675592558102,2.0044464439581335,2.5,3.021999116161115,Moderate
5.877964659126459,2.8,7.887935997987635,3.5866201033949614,3.9,3.0670607635121327,Low
9.526305330458982,1.8,9.53802978790736,2.421717660214102,0.8,3.9078015171064484,High
6.7014123492976605,3.9,8.33734136248433,0.5140220004296017,5.0,2.909152956342829,Moderate
6.517324409886231,2.5,5.438025777581805,0.0,9.5,2.6426476368112573,Low
7.1762611294928815,1.1,5.862517583840381,4.235677582929902,5.8,2.9375892886877875,High
7.514946935802032,0.8,6.672960898710976,3.686829309925321,5.4,3.3259681101716567,Moderate
8.419490077452473,2.7,7.544979776070705,3.486538092834192,1.9,3.465227994543025,High
5.098880513736893,2.5,8.686580508290941,3.1399114037961815,4.4,2.504602541868763,Low
8.267787794412895,2.8,9.349668175947606,1.1377001582289963,2.4,3.043193799797526,High
8.95335434182908,2.2,9.374149294380164,2.123786827601148,1.7,3.8309021812777977,High
8.758391594716569,3.9,5.435939514521279,0.17701818828713906,5.7,3.4077142438719616,High
9.870509278365118,2.1,8.04458947003267,2.1277001572030194,2.1,3.499150095038821,High
8.57047885018011,1.2,6.465254412801715,4.629242666686241,2.6,3.2625745063644405,High
5.385467553172596,3.5,6.089576412839724,3.539026247379334,5.2,2.8550532700247544,Low
7.333957918462654,2.8,6.733712620830308,1.7603675153443636,5.7,3.1710731597071886,Moderate
10.072626675054478,3.0,8.126424664237872,1.199807773830745,1.8,3.776262496989078,High
7.5164942144210505,3.4,5.192842378474407,1.8544135756101838,5.5,3.2182011171968457,High
6.1355345253238776,1.8,5.273401489554015,5.630748204267218,4.9,2.9305064475332547,High
7.977269373152457,3.7,4.774452517457472,4.191899663549986,3.0,3.161852033171078,High
9.728014152982093,0.6,5.37871610132601,2.686208249705791,5.9,3.3910006069547967,High
7.570378174750027,0.6,4.9392277182357915,4.804057503502682,5.9,3.3412534673930696,High
5.304930962778383,2.5,9.398372239821008,1.3215813362989528,5.2,2.703585054718469,Low
7.8087892652140685,0.7,8.952224169496793,1.7440647213539484,4.8,3.276372588554577,Moderate
7.292739002968255,2.4,5.798011649984714,4.716095678517181,4.0,3.2869443849475783,High
5.686039755004118,2.8,5.5871738302280045,2.777070120604589,7.2,2.5823505929583543,High
6.124335826830333,3.0,6.2017271118932085,5.4079706204910725,3.2,2.9569145399347927,Moderate
7.904101333221033,0.4,7.206422209327393,4.21834996781413,4.2,3.208266476063687,High
8.151791891250662,2.5,6.416675607883669,2.17566573771138,4.5,3.3029137918086513,High
7.670588388188781,2.8,6.412800607127269,1.8146362088969545,5.6,2.972169715280892,Moderate
6.730561528522349,0.1,6.537962206369109,4.849388361024107,5.7,3.0146820123371016,Moderate
6.993256748516555,0.1,9.578669790596281,0.0694913826725312,7.1,3.295889700063662,Moderate
9.83704322267437,2.0,6.735679318800316,5.193639061779251,0.4,3.4471215878929735,High
7.668005242945669,0.9,7.272453845022738,3.8715635861348714,4.4,3.05095612428673,Moderate
8.366707670149825,0.0,9.787427069459122,0.8376555797995583,4.8,3.1474122019201394,High
5.1374696223141685,0.5,9.808084198120309,2.058887266734107,6.5,2.648721277867138,Low
5.715811735483802,0.4,8.58073432115144,4.9657748029666715,4.3,2.7985818544830483,Low
5.9777309069545765,2.1,6.020298273414114,5.5284043536980745,3.9,2.772794830926376,Moderate
9.549011808989137,2.3,6.77473613082612,2.0611127470955837,3.3,3.733395916705631,High
7.366340232538712,3.4,9.68532028043058,1.0843009980556713,2.4,2.9002352426527356,Moderate
7.910681877295888,0.4,6.05114045149289,2.242637358436972,7.3,3.204295453044346,Moderate
5.704419086587407,1.8,8.05727514901303,4.011073644738676,4.2,2.8042294668730885,Low
6.851554791813114,3.5,7.899611322987219,2.396646835784972,3.3,3.036659996714268,Moderate
9.162484074991,2.5,9.167679645981737,1.573693897164768,1.6,3.2190999643155855,High
5.811661149865002,0.1,6.468699644940373,4.272145125558816,7.6,2.701734112910307,Low
7.64472572579492,1.7,7.178432636162385,1.4689424236922173,6.3,3.3113429551655242,Moderate
5.58955998855373,0.8,5.320472329510267,0.8432489070190103,11.0,2.7629021974919286,High
6.925418479848702,0.0,9.35826678171886,0.15366179349091125,7.8,2.77914196018176,Moderate
9.783201667224189,3.6,7.5925728125764715,1.693650852804237,1.4,3.2441319372422184,High
8.202289911440142,0.2,5.418334719536372,2.8816983267189746,7.6,3.5635045746822196,High
7.573701685796319,3.6,5.486637988060769,5.1439769324195135,2.3,3.0568619259693635,Moderate
6.415065758337424,1.6,5.915783924838654,3.1185945902616083,7.0,2.7537842541719444,High
9.127811457079849,1.8,7.485947980427223,4.9460299395629335,0.9,3.2766962408023703,High
6.452599581084938,3.5,7.957529811036385,1.240140743176925,5.0,3.3390647975805012,Moderate
6.2865073499649755,3.2,5.063009201131532,5.885883039392549,3.3,3.033339222867725,High
7.057253196338074,2.0,9.25460758241955,1.9618546930200012,3.3,2.978656638500723,Moderate
7.769583667248907,0.2,4.896295515850865,1.6997497320961141,9.6,3.012901595087565,High
5.651669464593511,1.6,8.152962565622476,4.429549534312513,4.3,2.905735910625594,Low
5.889523541198756,0.3,9.680262801726395,1.6866628763429825,6.5,2.7781205423297046,Low
8.892017103178537,3.1,8.136191255714387,1.22573766381508,2.5,3.386295124671898,High
6.652385405476177,0.5,7.2703580400482295,3.2282047531783262,6.2,2.8921350324291395,Moderate
6.75931468166412,2.6,9.50117689639552,0.3343400017193621,4.3,2.556435836212713,Moderate
6.904991785271166,0.6,8.260736238882656,4.165291743899498,4.0,3.100939796441053,Moderate
9.608051783816242,0.3,7.886213198360726,0.5271965322673435,5.6,3.5489316781068645,High
9.333932295190843,2.1,8.41053925549045,3.7285835027108103,0.7,3.304387126879623,High
5.485967204593983,1.9,8.273060886500032,0.15793750155085487,8.3,3.0078685917816497,Low
6.459111152513902,0.1,7.038955043064694,5.5783508561496085,5.0,2.729750988659783,Moderate
9.748673979556647,3.0,8.624161466659462,1.8839571152851158,0.8,3.478606667387259,High
5.9975192757654305,0.8,8.388474807943664,1.3886722759660985,7.5,3.1721144305810225,Moderate
9.014030582287784,1.8,9.101819725450206,3.6320223350640455,0.7,3.270098903892461,High
8.204727264973242,0.9,6.603294487191118,2.09126831604438,6.5,3.1950423495602744,High
5.906020348307903,1.8,9.621435985743002,0.8724755453023968,6.1,2.7978824032514056,Moderate
8.796553782926457,2.7,5.538091663902211,5.4096777304230805,1.7,2.8692996601278096,High
8.682695821940333,1.0,8.710580403691987,0.1952973940933446,5.5,3.5014616836753927,High
9.15460426999403,1.8,8.140141719945467,1.2218658300504035,3.7,3.6625195697782904,High
7.3581829848010365,2.5,7.250479458326072,5.2793869086806415,1.4,3.2367615950805915,Moderate
7.5443452295308795,3.4,8.96197505036789,1.943187177777768,2.4,3.0688278992339173,Moderate
9.367915676476363,0.9,7.7997562510321305,4.727230657998044,1.6,3.0342586627816326,High
6.845370206327063,2.6,5.956143214488429,0.8126788535968754,7.7,2.9726014455858016,Moderate
6.501561627120113,3.4,6.748408046657424,6.047192605608413,1.7,2.9115505712836156,Moderate
9.964260940764007,1.1,4.972975790181137,4.183864046138847,3.6,3.30994983254898,Low
8.593093003467807,0.1,9.508036247558302,0.7356415004978148,5.2,3.231676869999388,High
5.593262054932431,0.7,9.561831613326254,4.507217703143629,3.7,2.7706629057090995,Low
6.4506666256467575,0.9,7.447178616565781,3.371136629609826,5.7,3.221582210623392,Moderate
8.131614628563716,1.0,9.707954486570353,0.9348973079773834,4.2,2.77217038705608,High
7.41816631871872,2.3,7.259504879126285,2.4743650469147536,4.8,3.0794821399482677,Moderate
8.653996384747419,2.7,9.008993031152725,0.9120391663449752,2.6,3.554320403659288,High
6.933716757508624,1.9,6.393099510279786,0.9774787882609617,7.8,3.388887741142667,Moderate
6.21669087836689,0.4,8.369568353595488,3.901819881501404,5.1,2.857158982294192,Moderate
7.8343644586116294,3.9,7.6924188704148735,3.9576384110808167,0.4,3.4187792775405437,Moderate
5.4385727569146525,0.8,6.971502687570866,3.448788577620398,7.1,2.679077321583775,High
8.929954937984013,2.4,5.9930224054892545,2.923398818575178,3.6,3.3201764285891406,High
8.617591788016393,3.1,7.302046484967904,1.645629709061606,3.3,2.9767639615705566,High
8.60438376374103,1.0,5.9161455896476625,3.0458676931682733,5.2,3.0835647012888647,High
6.401388049451616,2.5,5.423356057168026,3.982481689635519,5.6,2.862683413816007,High
8.853302368192187,2.4,10.060344039893378,1.0666262158099382,1.8,3.4437415646339877,High
8.202178354207991,0.3,7.134956189889283,5.446513065537038,2.5,2.8980371888810232,High
5.595727374466643,2.8,8.155408685325469,2.3063356793038463,5.2,2.93017242911506,Low
9.977771120025686,0.1,6.341843755249544,5.285726874406632,2.1,3.2572565817135453,High
7.524660290699172,3.3,5.739611517374561,5.563580810449744,1.8,3.031289718319187,High
9.093465659976117,0.7,8.454911768855785,2.216913937486812,3.5,3.6492640073862996,High
9.837047086099723,0.5,7.145475449072984,2.755989948741887,3.7,3.360060160724378,High
7.068680478286916,1.5,5.339092139256869,4.246792845232202,6.2,2.8162294322286763,High
9.115192389610513,3.2,7.243584725308199,1.267072308282286,3.0,3.318408555726394,High
8.116601583409189,1.2,6.0975102212318975,4.642944122462697,4.0,3.107420443092835,High
6.281526990506275,3.7,7.758417626903589,2.2305679755949352,4.3,2.8312052995692585,Moderate
9.173360095853669,1.6,6.8215740932413205,1.1970650997497796,5.1,3.1104043357572873,High
8.349773407700184,1.2,7.91756275793184,0.03160852723433716,6.1,3.0991295059345707,Low
6.164245369893541,1.6,9.387417312516979,2.4178182827588595,4.4,2.7214170118098546,Moderate
5.548927482380339,0.2,6.340460594260878,1.1816734028924238,10.8,3.0677600699165106,Low
6.093031370095048,3.0,4.957572328570422,3.1394887100942226,6.7,2.8808381929809412,Moderate
7.806599224555969,1.3,6.416035241920725,4.314489604270144,4.0,2.6273221624075993,Low
9.42694663110627,0.8,5.592536940180172,5.558582947371972,2.9,3.5796868780146105,High
6.78288617689962,0.5,7.97209467323126,2.900842734163388,5.6,2.658753254716416,Moderate
6.108763717066577,1.8,8.884334643432297,3.2815845847495257,3.7,2.9381799107772246,Moderate
8.756862147783448,3.2,8.120077320206628,0.5993515393965478,3.6,3.1251968205377403,High
8.61965585557338,2.7,5.246426198945049,2.030238387438259,5.1,3.5723026596477623,High
6.1113891637433975,2.4,9.560245397745156,4.815810449456632,1.2,2.6439088175279792,Moderate
9.503711222900032,3.9,5.2935706109365785,3.121651931988871,2.0,3.621766270623844,High
6.303320716034199,3.9,8.166169767693495,4.535355829416183,1.2,2.8854874958571637,Moderate
5.280837650729491,0.7,8.451999789915659,0.22416349653642736,9.0,2.5400009776886026,Low
7.973720126977557,2.8,6.76724768105943,0.6817161126694055,5.8,3.4732604556932176,High
5.312992948279781,2.4,7.685768118771827,4.448798477769477,4.2,2.224935816920716,Low
7.081899994532693,0.1,6.737242889650221,5.493633439259074,4.3,3.0914055032572123,Moderate
9.46812390787812,1.3,7.7912159100749605,4.292009318643949,0.8,3.362666889735274,High
5.212068367757297,2.0,9.685710876872315,4.312681082502068,2.6,2.7682912604355594,Low
5.506470817629179,0.8,8.71163149694004,5.086677972141249,3.9,3.0900911615763995,Low
4.899750547448112,3.3,8.99438789089552,1.7731904371754401,5.1,2.97825233168185,Low
8.655418933753717,0.9,5.416127253486695,0.9796499845208532,8.2,3.205025748368907,Moderate
7.022452877734553,2.0,7.442325591581107,1.6990681480067016,5.9,2.8284954174018027,Moderate
4.804469766537534,2.4,6.815350702041539,1.752926269975522,7.7,2.7816100353966364,Low
9.153399773733106,2.0,5.766096869090476,4.11514273935449,2.8,3.522378023752977,High
6.146832126194014,1.8,5.391621090014535,4.7318296783943445,5.9,2.8780924536434114,High
8.676588662982885,2.5,8.903284730204788,1.6651477278262,2.2,3.5609357346597723,Low
8.79368432966531,1.8,9.841532115722531,1.9310853377454513,1.8,3.6148875504229774,High
9.249590905669464,2.2,5.8762906954761025,2.8802142883496655,4.0,3.3402154978606764,High
9.927715895279034,3.0,9.052018769265809,0.11772266197985673,2.0,3.883575277144731,High
8.919274703272922,0.2,9.134274587393564,2.8662392007938156,2.4,3.3134826446118097,High
6.193868001084522,1.3,6.4361281754227475,3.0819239342156375,7.1,2.811592019416713,Moderate
6.192048421422999,1.8,7.826154292771025,4.5590819446178354,3.8,3.0337609458669785,Moderate
7.100978501297421,3.2,8.160467323271229,0.27069132727715667,4.9,3.036814675384423,Moderate
6.94471830975993,3.0,8.013230596170917,1.9446366484258037,3.8,2.8480576086119,Moderate
5.751775295507959,0.9,7.940519960589957,2.5715696299653366,6.8,2.551812008829516,Low
8.422529049875173,3.4,6.196858441627062,3.0874157001758995,3.1,3.2393680745379534,High
9.982995111581559,1.3,8.01421684167424,0.2569622567754375,4.4,3.338517729550029,High
9.856002781750046,2.9,8.974834135204242,1.7776496395315347,0.7,3.5388246795237266,High
7.685298102364838,1.8,9.135783809209176,4.908347879171434,0.2,3.340087811686072,Moderate
7.823611129864058,2.2,7.3091425511686055,1.550903681785533,5.3,3.2125788751162156,Moderate
4.716332278362104,1.0,7.752345093149806,2.3667277942585367,8.2,2.8509924279156507,Low
6.576131251565435,1.8,5.675149652921177,0.3884868972802697,9.4,2.9885231821545286,High
9.03244281971542,2.3,8.974158027061577,0.7264223439926992,3.4,3.0340823654906175,High
5.932162294332954,0.0,5.752638083134394,1.8793904122409077,10.3,2.9215812251509434,High
5.807545870146527,3.9,6.601631299747146,0.43494495220058416,7.2,2.9399291145449835,Low
5.391349902111525,3.4,9.857402692889215,1.5098794045160056,4.1,2.5447766849255515,Low
7.390987454530889,0.1,8.338324153469149,2.4226644859924638,5.9,2.905111133816309,Moderate
8.346914485380836,1.7,5.835140110448788,3.9884981439466833,4.0,3.1137543424104765,High
7.626247841922949,3.4,5.6147973621680505,4.7501207490579285,2.5,3.0409411950136693,High
8.13743345783098,1.8,9.737017276740424,0.38532340724693737,3.4,3.3317231776227647,High
8.183260561494212,1.5,9.749948485333677,1.582431750962448,3.0,3.347405294412347,High
10.123306963426806,1.0,7.5870204091864935,3.007971334917421,2.8,3.4048231048510464,High
6.545498973989532,0.1,6.071552385302045,1.766695467055548,9.6,2.717422284368821,Moderate
9.489676560085073,2.8,5.2951700042717915,4.03642603204488,2.5,3.3544480281084965,High
8.282428487396178,3.8,5.436414576335151,1.3301170008884344,5.4,3.5018430886667513,High
5.17051092127831,2.1,6.201987006093016,1.164655374663329,9.1,2.988242598260127,Low
9.12805872147419,0.5,7.117145604843354,5.801722836350255,1.5,3.3401872601865645,High
6.017935675716971,1.3,6.957172162891319,1.807684369999906,7.8,2.9312749149711834,Low
6.202577393184679,3.9,5.764875510565405,4.588643073961783,3.5,2.8986582921509783,High
5.725026688334004,2.6,8.650123854029435,4.071429157711946,2.8,2.9692751308653866,Low
6.617094462018246,1.0,10.03808749195861,5.718589871256398,1.1,3.181595351632865,Moderate
7.2342686255091415,1.7,5.876111520831737,2.6145643258976703,6.6,3.084496195644856,High
7.8156599071950685,0.1,7.146006711236708,5.011769512167134,4.3,3.3944505082542844,Moderate
9.421486845198409,0.1,7.806737741751847,4.722428194182905,1.9,3.663693015212122,High
7.799862595670055,1.3,5.798633059618537,5.5908238466683065,4.0,3.369991602614121,High
7.846555098960267,2.7,9.124737145644149,2.7107104583651402,1.5,3.1299567873277847,Moderate
6.855066767168115,2.1,8.974982454859536,2.2037907222071325,3.7,2.900365970499392,Moderate
9.687504498077082,0.4,8.404015851264235,2.195601804136342,3.4,3.3910446568644383,High
7.091542230569641,2.7,5.2217030957975155,3.731101249770499,5.4,3.2035963002604086,High
5.850851905333686,3.6,8.30669428121012,5.623966928505227,0.9,2.9604673980001324,Low
7.459693389032997,2.2,9.687988421588376,4.3327498874611,0.5,2.789608210456311,Moderate
6.914650988877589,1.6,6.411909763540316,1.493710993865807,7.4,2.9240888882893907,Moderate
9.277219664922825,0.3,8.463567670604625,1.287661485105355,5.0,3.249902166311955,High
6.46718361001671,3.1,9.36346815259471,1.1576852642970823,4.0,2.94187077959611,Moderate
7.375693963430093,1.9,9.222555166136182,4.146503544068982,1.3,3.4661078657554136,Moderate
9.063341209809249,0.0,7.25944545238552,5.210178420259526,2.4,3.415368390145918,High
8.55703332166532,2.2,7.793417162986748,1.9775866228866845,3.6,3.761020853389886,High
7.169005869544971,2.9,9.28765530927785,0.5099986274065603,4.0,3.102882426429996,Moderate
7.174813841184582,1.6,8.589572932931702,1.4059863331790634,5.2,3.2939530583082863,Moderate
7.201410338450803,3.6,10.080806235676233,0.2448168231545123,2.9,3.097661266132616,Moderate
6.270310653973519,3.8,9.748800709354379,0.3717936286728203,3.8,3.1823426798411396,Moderate
5.273686449048866,2.4,6.497959137873424,5.081740592799831,4.9,2.745848100414027,Low
6.390458141987985,2.7,8.389783554713931,1.1933658783686483,5.2,2.906907001881061,Moderate
6.238398065153736,3.2,8.720782346103828,2.3215267194102234,2.9,2.850621776272534,Moderate
7.769429579819898,2.4,8.817557201752606,2.249173992092662,2.6,3.031100717393326,Moderate
7.640975799283468,1.8,7.140422440314086,0.43116512665511947,6.8,3.000423549173433,Moderate
8.622217735401613,0.9,6.238442457301245,2.5325849270198764,6.0,3.360302549525855,High
7.014453006240821,1.8,7.561258737246484,1.2494919482241833,6.4,2.727784104941507,Moderate
5.8198654045329805,3.5,7.273966302169175,2.2996853313691674,5.0,2.85026003681166,Low
7.597095282461106,2.2,8.402108902448452,0.982355689309024,4.5,3.0662496589567834,Moderate
6.166155698231907,3.2,9.78241201970146,0.9517456126237371,4.1,2.619567632328918,Moderate
5.629434691628167,1.3,5.488536361807916,4.3076895985851085,7.4,2.7152575126563905,High
7.684690060126074,0.6,5.026300583258941,4.962872367774631,5.9,3.2289327549247546,High
6.741464928890279,2.3,6.592958069255961,0.5533020275863461,7.9,2.772866065364512,High
6.042627276534637,0.8,6.992192678543634,3.738867274198848,6.1,3.403364230577756,Moderate
9.7720642406038,2.4,7.227415746391515,2.4669124474547597,1.9,3.574345300045236,High
9.39140454788255,3.3,6.7496654398238745,1.0872895166940884,3.4,3.4086574819041946,High
8.722296333767353,2.0,5.149171437113734,4.1249592230748195,3.7,2.917070794223968,High
8.998560944040808,1.2,8.431024518709826,2.048701664161423,3.2,3.759281881650066,High
9.301883821046545,2.0,6.58875242919056,4.529194922342057,1.5,3.4898801204687344,High
6.02660921218052,1.6,9.506130522052771,4.458933498956587,2.7,2.6648275514916775,Moderate
6.605257940705599,1.1,6.03886335875565,4.4959984746823975,5.7,2.938729175910941,High
6.340863885703015,1.8,6.730600237262691,5.827644379909941,3.1,2.76323887256566,Moderate
5.4309091389005495,2.4,8.162267164314109,2.3000703250277144,5.7,2.7472984182433806,Low
7.363610642242207,0.2,7.631194470578872,3.3454507897703794,6.0,2.825944014126917,Moderate
6.1058264821205475,0.7,9.758038533575407,4.8777100574939265,2.1,2.9956640914849286,Moderate
6.281897580238075,1.3,5.882731297352552,3.1123739616371076,7.5,3.0630367855216627,Moderate
5.997439115224326,3.2,9.040910171291356,0.7957535305948428,5.2,2.83809616299485,Low
6.916523766176003,0.7,6.464908004510444,1.507878343109714,8.4,2.662270711298559,Moderate
9.850903789392335,0.5,10.106886008502443,0.859912434034352,3.0,3.734194414674087,Moderate
8.568059987221691,1.4,5.74349481917952,5.0700939015449,2.9,3.5221734219108995,High
7.74386053367337,1.9,7.268880021297224,4.477843370606704,2.4,2.8559570639557528,Moderate
5.322807577417754,2.7,9.455405149220242,0.27003607540548424,6.1,2.8992192605786387,Low
7.2617592710151015,1.6,5.662354096359231,2.7573694152483808,6.5,2.9725928117406997,High
5.670007304795252,1.9,8.898530603168641,1.4068568936103856,6.2,2.9325905535211456,Low
8.486461166098048,3.4,6.981003672275438,3.7796770882744086,1.2,3.287734470120594,High
5.09739561219659,0.5,6.125903246337227,2.4343897106829355,9.9,2.6638966927854657,Low
8.095376226628044,2.8,7.738466614248988,1.8387853354162182,3.2,3.4627334440874704,High
8.054046942254574,1.4,5.417221155872005,5.86047933747664,3.3,3.1320731128152266,High
8.402683723752546,1.3,6.756585783492645,1.6912095135170988,5.8,3.3073524703943007,High
6.462282646516424,1.6,8.803351624309489,3.0798432970683622,4.0,3.5630085663330155,Moderate
9.484535821577332,0.2,8.121395078915345,5.302236674439125,1.2,3.469933733355092,High
6.05240620018228,3.5,5.114452376893511,4.0513830314697294,4.8,2.965404224757625,High
7.306560343825506,0.2,9.634957468773035,2.6690412172337785,4.2,3.1658554518774755,Moderate
5.044480552231094,2.8,7.11750706895582,0.8379229642873973,8.0,3.1334393573277746,Low
7.538708588245791,3.3,8.915008467373191,2.3304145066882476,1.5,3.4046074006192955,Moderate
4.883823629709562,2.8,7.155179833941035,3.554567746896039,5.6,2.4665129691534133,Low
9.802973170814818,0.5,8.430243490493254,0.0,5.5,3.693804364248884,High
9.5882720307689,0.5,5.514216293750108,2.034962190461269,6.4,3.1856793800790224,High
8.028018036358958,1.8,5.2925636339672595,1.9645500080967229,7.2,3.092696988723864,Low
8.985383121871065,2.8,8.568676657138612,2.305581505049081,1.1,3.288113010678429,High
6.343071017309462,3.3,9.917554630347535,2.1219575955576517,2.2,2.922020357063664,Moderate
4.93702004029836,0.6,6.392226749366527,3.6205232291320555,8.3,2.9302491500835837,Low
8.90246475125789,3.0,8.133126068579978,2.606448322182357,1.5,3.263895666802653,High
7.862344917704072,2.5,7.639534015568783,5.324262204924506,0.1,3.409615261455548,High
9.374236535322053,0.9,5.258509080511721,2.8968240307467394,5.4,3.546984966076404,High
7.410221094004923,3.3,7.264510231450508,3.4017336546192762,2.5,3.0032830831234185,Moderate
8.103877362097764,3.3,5.8631119218735,3.4076620051181328,3.2,3.2441088196503873,High
7.853500147920641,0.7,5.666594516141114,5.869816377734366,3.8,2.9718706270200634,High
5.983744695215005,2.7,7.779418849456695,4.085098562391702,3.5,2.800171059115296,Low
5.316009973642464,3.6,6.906033508899109,1.9366113980110367,6.2,2.3291248191575478,Low
9.165717123061663,3.7,6.752337593162379,4.044627668554992,0.6,3.2422067855383947,Moderate
8.907414707564598,3.7,6.309706876218689,3.028110211823841,2.2,3.517849085277147,High
4.732254185402755,2.3,6.636719052409105,1.6747991041870298,8.1,2.6130033340075323,Low
8.166001794337912,3.4,8.223870567931904,3.7173330682511447,0.6,3.2580052017833463,High
7.490230541716107,0.0,7.777013936012617,4.202708172244012,4.9,2.7839746988948573,Moderate
8.078921627798877,2.9,7.786283029456673,0.40065665119784677,4.9,3.2588546382306767,Moderate
6.3443039436911555,0.3,7.066963115069788,3.5933847515759183,6.9,2.7797347824180614,Moderate
6.476573235752507,2.9,8.169350538161872,2.0155442975544653,4.3,3.0929381350894403,Moderate
8.11797058892147,2.2,5.103534422746524,4.276404144710661,4.3,3.481914843255626,High
6.681294467888061,3.8,9.009046986239149,2.4590936891698387,1.7,2.875141051908968,Moderate
6.8742035128053045,1.9,6.445499809094758,2.850641882425913,5.8,2.9470525779485235,Moderate
5.784236847215094,3.9,5.569699159239468,5.710775292271608,3.2,2.8981151052232312,High
8.524730914831496,1.7,8.320491416461469,2.0675699182666905,3.6,3.471316465012072,High
6.5181214521730295,2.3,7.401385543458778,3.4950237132193847,4.2,2.7572286583434864,Moderate
5.601791095393747,0.2,6.6030815268878325,0.3972370282035028,11.7,2.5089152241531383,Low
5.634060714214246,3.3,5.164226326277414,3.9686145389407774,6.0,2.923617957892665,High
7.14142601122056,1.2,7.643142935641717,2.437328520597324,5.5,3.0363095804280102,Moderate
7.7805681182477535,0.5,10.322638323295116,2.508139946737555,3.3,3.423344613380015,Moderate
6.695864435947106,3.3,7.13457341019629,3.9751531088877186,2.3,2.8293449437161544,Low
5.392403342359473,3.4,8.58304013969199,1.282745754761319,5.1,2.81697934498803,Low
10.179041808531093,1.0,7.197650163548218,0.14349827194841797,5.6,3.295158240490317,High
7.147467703454607,2.3,9.641587188579837,2.596666375177784,2.4,3.1158028570435046,Moderate
5.145231784907637,1.3,8.168455765815327,5.66790033454089,3.9,3.0682991270922577,Low
9.29251330714356,0.9,6.1328692638635625,1.1653406373743769,6.5,3.307719543580941,High
7.5745538044589145,1.9,6.3363339125879845,2.7955547636689224,5.3,3.395480989085336,Moderate
4.917934283148638,0.5,9.3785028140637,4.459694079348394,4.4,2.8757214115717296,Low
6.547337467076601,3.0,8.793423148843038,3.7245297738678897,1.3,2.508379345352605,Moderate
8.375759126825436,0.8,6.671098726082534,2.6578543182788623,5.1,3.52186637689568,High
6.791264898961867,0.6,7.224387697661509,5.9391066027062624,3.9,2.8297327323228574,High
6.064100948521728,2.4,7.226602649509778,0.4366576702936493,7.9,3.310267500158167,Moderate
7.363530642383624,3.5,6.700099828260666,0.29316776247304493,6.0,3.1487948460984434,Moderate
9.986622162812141,1.5,7.83369645260056,4.23778814021694,1.0,3.7281994543594,High
5.541834449752315,1.2,5.69695127668235,4.938422700823928,6.5,2.635608156773494,High
6.231588572510477,2.9,9.307476752141788,2.698023113632238,2.5,2.541826737854689,Moderate
6.918120788674058,1.9,7.914279821304844,5.804849530760411,1.6,3.3879005358036536,Moderate
9.84129740528134,3.4,9.280093244713424,0.6346387081922812,0.8,3.6408352562536344,High
7.070532944455833,3.8,7.133326979633793,3.549466607822039,2.5,3.084071870190158,Moderate
8.44311997884403,3.8,6.414642577685244,4.141945345104191,1.4,2.9294529231077417,High
8.785029296619172,2.2,8.321789258820074,1.2962142095892495,3.1,3.4058885652995747,High
7.0952132380660995,2.5,7.131464396889,1.2188835131709177,5.9,3.1494477461311625,Moderate
8.659006257520359,1.6,6.977926893513597,2.1729558316693156,4.5,3.409844804678976,High
7.055615767500315,2.2,7.599334876024883,3.167062318647382,4.1,3.1209815752762333,Moderate
5.795772015015536,0.5,9.914698985467599,3.397552134776264,4.4,2.6438044759452493,Low
8.480220275180596,1.6,9.534782288120462,2.8596323920523488,1.7,3.1492817838313085,High
9.927502230968871,3.3,9.296067191513703,0.26407341011415697,1.3,3.774234684485397,High
5.941812071825823,1.1,6.591767092363012,5.198999894314469,5.0,2.802497671351266,Moderate
6.294154840162914,3.2,7.694416605180386,0.0,6.8,2.7879922752371793,Moderate
7.101508555513851,1.6,5.768860535245231,4.1778800074219085,5.6,3.2665150752991416,High
8.5937323859836,0.0,9.925968907340618,4.65914089333064,1.0,3.4663665998060558,High
9.393792414043357,0.1,9.87996273703839,3.930829868131164,0.9,3.613023663806183,High
9.48776422598727,1.8,8.148593325484391,2.033104047016556,2.4,3.8169925574053183,High
9.292394405786679,0.3,7.432644653840362,4.0960919699325204,2.4,3.5334560650511495,High
9.563457975271524,3.8,5.475077319823464,2.325419420495468,3.2,3.7021051203240694,High
5.2279573125733805,1.3,8.00679715991663,5.61936225994611,4.4,2.745837780628113,Low
7.655087805562097,1.1,9.516509377141066,5.104308326987479,0.4,2.9824584876967233,Moderate
7.23920463166192,3.6,6.793823452366842,4.465471839356038,2.1,2.858069085725804,Moderate
9.49656397751912,1.8,8.857630132731623,1.2758514485811625,2.5,3.4446550014103408,High
4.859456384238148,0.4,7.569666453330004,4.193533629301129,6.9,3.0019211140912896,Low
8.626854727743266,2.8,7.328200645230976,4.819793073813759,0.4,3.0722519602190466,High
7.313024787212138,1.8,6.096765909470313,1.8212669311816594,7.0,3.153408624618009,Moderate
6.49630247488919,1.2,9.030074180919806,1.8762841743445995,5.7,2.851556066138603,Moderate
6.162722233465601,0.7,9.204690249881883,0.7069294539096695,7.4,3.046536171523892,Moderate
8.160707318807813,2.5,9.319085433526581,0.4945820826802385,3.8,2.668550415238512,High
6.534794709873053,1.1,5.670462579706641,1.8594430433356088,9.0,3.016387998753305,High
8.218849247063186,1.5,8.930262696522941,1.8774187339016495,3.7,2.8774190122595598,High
6.458461683231245,2.2,5.009441591590998,0.31160528031810314,9.7,3.1031749439968728,High
8.614073577494043,0.4,9.222667758565462,4.101824558273806,1.6,3.19303245174662,High
8.054758969388496,3.3,7.031939095834677,1.0740563267501086,4.4,3.810211560893451,High
7.603583946751201,2.3,9.655297690404275,4.0119380913230485,0.4,3.2482364617441988,Moderate
9.516556072502173,3.2,9.618689452427336,0.2208875995693112,1.5,3.44991952994617,High
9.312261876601202,2.0,8.746025907628857,0.7241415629487336,3.5,3.009538549375807,High
6.0997024328240865,2.9,5.8245902266075165,2.1255476137797937,6.9,2.7993199711160197,High
8.466232807237965,1.5,7.917693385914858,0.5258815961865912,5.6,3.0084707687249415,Low
9.080110890009154,1.5,8.263971389755076,4.216178371734872,1.5,3.456164665892633,High
8.160267306895594,1.7,5.9053529674770004,5.856909683589938,2.6,3.1072229539179332,High
8.778364013686675,0.8,6.330348447311663,4.764113384565011,2.8,3.5060385524617756,High
7.1933785269992265,2.9,6.793826423671329,1.2746037550453724,5.7,3.196352323606376,Moderate
8.21858295190461,3.9,6.6090091622427,2.251155940349393,2.9,3.3282493951982293,High
9.093301479001267,3.0,5.324100530064923,5.8088559520677,0.5,3.7249179991800054,High
8.978982649840555,3.5,8.2546558987071,3.3029226977257133,0.5,3.272638096464061,High
9.363760339906241,0.8,5.290996235535835,4.580496543251177,3.7,3.2475057842604227,High
9.077655141925359,0.7,9.146333214075904,3.489496482639063,1.5,3.6518205145289806,High
7.090267541175001,0.8,6.145475307858021,2.8983760425613116,6.7,3.0976295372357234,Moderate
7.665587140252619,3.2,9.092982143674705,2.497934316077796,1.7,3.013451373034707,Moderate
5.207772897784814,3.5,5.399626178350812,1.589518210275237,8.3,2.895200851181183,High
8.735081260452718,1.6,9.280068557479025,1.0792913423112003,3.2,2.938837663761449,High
7.89283137486644,3.5,9.556038296019064,0.6850733998012984,2.3,3.372223091078267,Moderate
7.355966911304066,2.2,9.902337221961991,4.364603071902299,0.0,3.2340927867973077,Moderate
6.7575202505516785,0.0,5.148334096743122,2.800525537705164,9.3,2.849974045403042,High
7.621431597346177,0.1,8.466822163329498,1.885806041597569,6.3,2.7933511002889215,Moderate
5.911609884405935,1.6,6.174933228286039,3.251312916004621,7.2,2.947306251416723,Low
5.965281977012518,2.0,5.805239927084088,3.879705041665326,6.2,2.839962149177798,High
7.522344422485492,0.3,7.913293091491145,1.3226302426848158,6.8,3.1846819083137703,Moderate
7.684208055052625,2.1,9.67506918927995,2.4502085156255053,2.1,2.777677055253672,Moderate
9.605640029036406,3.1,6.385004271594904,4.128515243007675,0.7,3.737317964788865,High
7.133455333601269,3.3,8.962321699322645,0.7418636818284063,3.6,2.8674398494686137,Moderate
6.623022341327224,1.2,8.666813594394531,1.3041799724602208,6.3,3.1784706021319185,Moderate
5.03805848030931,2.9,5.690326284025529,0.5811973288479002,9.6,2.6101711902029536,High
7.465220243974383,0.2,10.000764571335404,4.185537735315897,2.2,2.811497790685187,Moderate
6.718155009368072,1.3,7.121637954107275,3.9009337223891403,5.1,2.8996198820346737,Moderate
9.317413581515002,1.0,6.971206061544265,5.115760970511827,1.6,3.3180939549341617,High
8.326409393327705,1.4,8.2818106958901,0.0,5.8,3.2564101058843526,High
9.181293836679318,3.8,9.578203142449711,1.6427708713447509,0.1,3.707971288074177,High
7.758161711191563,1.4,7.216072992858353,4.156904439245342,3.6,3.0732657872491886,Moderate
9.449998431688112,3.3,9.70643709145951,1.1054746008289245,0.1,3.4710855858698557,High
6.213546954658159,0.4,5.43266616898231,1.93306488500561,9.9,3.2305341304749877,High
9.645121400196293,2.5,4.849723019912465,1.2719224551537751,5.9,3.5405363342693654,High
5.578263378960754,1.5,7.584614388124611,0.46139575265786054,9.2,2.5964318642142015,Low
8.160058207682692,1.9,7.59950983698015,2.5455395702733052,3.8,3.1384465578055813,High
9.844701366396675,0.9,7.514763618093138,3.758782448301891,1.5,3.653192919620659,High
6.882414720569337,1.9,5.427846070970187,4.050914969563467,6.1,3.0410951319772055,High
6.477610698469192,0.6,8.02844587347023,3.1774057420002957,6.1,3.0134939571035955,Moderate
8.051571697781217,0.8,7.32677540893739,4.429902579023549,3.5,3.118093163339702,High
7.500154192351063,1.6,6.906566395529556,3.6262928349085555,4.5,3.1843993505446426,Moderate
5.281326746966282,1.8,9.450994519336756,0.6764972087752399,6.7,2.854315104386699,Low
9.720568415070483,3.8,5.374889452410981,4.475262651757517,0.3,3.6893109857939366,High
7.135188727311583,1.8,8.261247744097647,4.740411562106233,2.3,3.0094993582476754,Moderate
5.1837986669141305,2.4,5.692046615335085,2.1186822777220744,8.4,2.677161953116722,High
6.780537456742303,0.4,5.747946992983418,0.32121114797502726,11.0,2.6065017882394086,High
7.39080022180188,3.8,5.698822638987307,5.646703471045856,1.5,3.2757347973947004,High
8.398998805885405,3.3,5.275352919864332,2.8055321416734365,4.0,3.4869175379513524,High
8.582849102446874,2.3,9.323523978830009,0.2723881670616568,3.7,3.3581282841579885,High
6.989806938098722,1.4,8.278059167329204,5.172939712299608,2.3,3.412721688161079,Moderate
7.353627014090302,3.3,7.065262901421449,0.6000647508720373,5.6,2.786470129865508,Moderate
8.636446281358003,3.0,5.400398579069488,0.9342570218946279,5.8,3.119701112877809,High
6.763542485835195,2.2,5.433580633479884,0.8792764851769757,8.9,2.945682375808226,High
6.800854881115448,3.2,7.6636344894619715,0.7820278334112757,5.6,2.798693206059848,Moderate
8.438876568428268,1.6,6.380100958656751,2.307371259801712,5.1,2.902908095031893,High
6.10102327321836,1.6,5.117761887676272,4.628995590026625,6.5,2.9357643083234883,High
6.240316957674432,0.2,8.492528020940776,4.67996415470674,5.0,2.945348549564249,Low
6.085211290574412,2.9,8.329507655002976,1.8251688417126204,5.1,3.1933501097810217,High
9.590301523997825,0.4,9.93085358708251,3.5773198764310603,0.6,3.5370460273742723,High
8.652224906294487,0.8,7.399693521933088,0.0,7.0,3.38537064311014,High
6.904107913074742,3.0,6.729277998697867,2.0311772703759297,5.2,3.251281940692409,Moderate
5.454452899287689,1.5,5.601624206920712,4.438797109173869,7.3,2.857176882339387,Low
5.300375298642808,2.7,6.167838543374322,1.3503941342548256,8.2,2.7456787136119174,Low
7.271157147104956,2.0,6.804132392457812,0.8855647146532797,7.2,3.0930885496371565,Moderate
6.783809925321305,2.7,8.882207407979548,2.7439025048778913,2.6,2.771577517960852,Moderate
6.151261362541284,0.6,6.223719287241987,1.1860465305260603,9.5,3.0321461627338935,Moderate
7.621379704010213,2.3,9.781149919476356,0.8849757622670693,3.5,3.3290077931615816,Moderate
7.706270746771077,1.0,6.310909708439105,0.0,8.7,3.2618348842957823,Moderate
6.392409765831987,3.0,5.277926015652165,1.2501288160242987,8.0,3.1595297955469106,High
7.394657589574043,2.8,6.5978155663670375,1.151167405156707,6.0,3.2722128719594896,Moderate
7.053882398755775,2.3,9.711859162314056,0.06577215442497442,4.7,2.695390578618483,Low
7.228495427234643,0.1,6.629328531617827,4.8136185028453875,4.9,3.1276371958623366,Moderate
7.744569058899769,1.8,6.475341760439865,1.9658489303667608,6.2,3.4401997323767586,Moderate
9.761054908198405,1.8,6.924049993474629,4.553814018657882,0.8,3.371500724030477,High
7.001077678585466,2.2,6.369367564797402,4.387032493242133,4.0,3.301227221697758,Moderate
9.040323416270528,0.9,8.584815441086329,4.501050096447722,1.1,3.282302711404998,High
6.623999397909106,0.7,5.250080764395486,2.7449417786500048,8.9,3.127584643071659,High
5.826656589200122,3.4,6.249643071852222,1.3796291070988964,7.0,2.4600257171508453,Low
7.558987037787611,2.0,5.994363853827882,1.5847560210965612,6.9,3.2072196700768614,Moderate
8.739215909929198,1.8,8.787765922166294,3.783534973886519,1.2,3.142822600233228,High
5.7318693889154595,3.9,9.1188831091737,1.614512153039358,4.2,2.732678787063931,Low
5.598851669400105,3.0,7.424844470297076,4.602162892160362,3.3,2.804272412304272,Low
8.529251601261937,2.4,8.400232069608546,0.0,4.4,3.516811427299254,High
5.171347085078682,0.1,9.092479630721856,4.063867760210851,5.5,2.4689490300235537,Low
6.206670602068942,2.8,8.927147625895117,1.6745090537416247,4.1,2.727715665218596,Moderate
7.653506339136393,3.1,6.146699380153389,1.3660794392562443,5.7,3.0780437162704786,Moderate
6.01407484458479,4.0,5.8404462836937165,3.4565288496975217,4.3,2.901923960011349,Moderate
8.107835840377303,3.0,9.779255446204019,0.3990662334574627,2.4,3.2772943388838067,High
8.6880126379327,1.4,5.934312177807043,2.702594336134004,5.4,3.336312654232282,High
7.757623978063652,4.0,7.033358418642461,3.235733135030653,2.0,3.485060872221122,Moderate
6.938293785125548,1.6,8.526902259483036,5.568401055403213,1.5,3.3459418608392806,Moderate
5.436311263964702,0.8,7.352234325745008,0.1324410358622584,10.2,2.8135096274172504,Low
6.222260339338121,2.1,5.209056152266659,1.4036678422615705,8.9,3.5145715122955092,High
9.587895937158954,2.6,7.058892852915376,4.367008407388518,0.3,3.5342970386766077,High
9.02770203664617,0.8,5.627169058264047,4.319144800804567,4.5,3.588652660955117,High
8.565742578547033,2.5,9.908538813660533,1.581651686489045,1.4,3.3987917372662717,High
5.7642414349247915,3.3,6.2517171856823595,4.799430240261578,4.1,2.7994608643322425,Low
8.050781153174448,1.8,6.559042174962791,2.2665263398036934,5.3,3.244481783880403,Moderate
8.473636055665251,3.0,8.388930273849482,0.9852647211115363,3.5,3.526288346675409,High
7.324058427929362,2.1,9.023097519259592,3.69619238199031,1.9,3.10301923685439,High
6.928258526734149,3.6,5.7603557013952145,5.812902641324826,1.6,2.9468678298740056,High
8.435717656054889,3.2,9.39167897839104,2.775024916982278,0.0,3.3864976622511143,High
6.76766273265493,2.8,5.443505986640351,2.4481645835332233,6.7,2.8713779439692466,High
8.139754215175707,2.0,8.399633842849632,5.7031321399362715,0.2,3.372262787323889,Moderate
5.200269017939328,2.3,9.169836726431619,2.722881307090248,4.2,2.8360069922750566,High
6.830877883639551,0.6,8.977533982365314,3.0367916476692716,4.4,2.8868944602949997,Moderate
9.91138732063353,3.2,8.315418884572697,0.3740118151782073,2.6,3.1413765207902853,High
9.661102216900723,0.7,6.390619376166237,3.420948264975626,4.2,3.414985924302858,High
6.276909378525748,0.8,8.06513465472267,0.4140621460266106,8.4,2.877382673954508,Moderate
8.44366273323807,2.2,7.21514865308816,3.5415232773758865,2.7,3.189795108437434,High
7.029461617798499,3.7,5.318874678497164,3.888135718412123,4.2,3.0993305416849983,High
5.8796915750639585,1.2,8.70088344180895,0.5610667532280305,7.8,2.937089262643059,Low
8.984002569754198,2.9,8.47880664973142,0.2499603810038627,3.1,3.529183076265434,High
9.211607454844586,0.2,4.778066041482996,2.1345042184664904,7.3,3.6912831033802687,High
5.929850625526225,2.2,9.65492436751463,2.393677682666977,4.2,2.9715699571495935,Low
5.668211752770061,2.4,7.277835340264255,5.672575617942395,3.2,2.814933012142099,Low
5.560715015618416,0.8,5.040228367015312,2.864499497858411,9.9,2.940911389569411,High
7.983959517938699,2.5,7.583555222622094,0.3568576265809147,5.3,3.1036221996267206,Moderate
7.131204428543873,4.0,9.328104247943777,3.197418951439135,0.4,2.9422428324505927,Moderate
7.2379179377372616,2.7,9.416494737627197,3.3261774750897635,1.1,3.116046695738481,Moderate
9.692651440606973,0.2,5.244364592535335,4.18629989396538,5.0,3.188589675422089,High
6.6524621363639405,1.1,7.697907038725988,2.5907195847908584,6.0,2.8457394890023417,Moderate
7.626191551728213,2.7,6.584882826573994,1.399713671066645,5.3,3.083351611261534,Moderate
8.588238947824793,3.0,8.32900150227433,1.0085106153660022,3.1,3.1196117245998174,High
8.034814394697467,2.3,7.371057427956214,3.358110832910154,3.1,3.77645482551352,Moderate
8.495184915184343,0.4,8.785433246430605,0.6603252675960724,5.5,3.206438690226973,High
5.336415181532445,3.9,9.735020038205482,0.3327705642103749,4.7,2.48925407821012,Low
7.2866278818521515,3.3,9.742728545939533,1.9113978259752595,1.3,3.0768918357713275,Moderate
6.733074457273158,2.4,6.654276187597137,5.609455221247169,2.7,3.0252702457657366,Moderate
6.967803859643345,1.2,4.989744705505004,4.495713744134765,6.1,3.17736260033023,High
7.1812936814042745,1.3,7.578766565060033,4.869921505086262,3.1,2.8714198759890603,Moderate
6.673041797569661,1.3,5.833825832864274,3.757822202535313,6.3,2.9606671594625644,High
7.303878013819011,3.5,5.005968562063805,3.9584903302821783,4.0,3.2754354522781135,Moderate
9.411920321194435,2.9,9.6728757720279,0.6669719933912232,1.4,3.617436270449045,High
7.577572506959676,0.1,4.971045096091306,1.3359267103952932,10.0,3.073958190044844,High
6.004399634030349,0.1,9.502621510461449,0.02826043261338339,8.5,2.7491937595640854,Low
8.790711573580001,0.6,9.595899626044845,4.660200241834444,0.5,3.6147815470190516,High
5.098582153933926,3.9,9.41794563871792,5.283464221621246,0.6,2.9755148481626597,Low
8.404291933229171,1.4,9.41073855130948,1.3028923969335566,3.4,2.9991255066219757,High
9.688188493729212,0.6,6.1207050421842135,3.418035485249449,4.4,3.4489811483623725,High
8.785359372536831,2.5,6.246257289608981,0.0,6.5,3.292762215084507,High
9.646061577707474,1.6,7.3642263172005915,2.824132458784073,2.8,3.7523613558844082,High
7.417742701009522,3.1,7.563853517040138,2.0692420765986137,4.2,2.8124035502265445,Moderate
5.772362880831686,2.6,8.324954416703498,4.1836861392698275,2.8,2.878332441558688,Low
7.752862631308574,3.6,9.700547371333418,2.5596794623121832,0.6,2.793879346721248,Moderate
9.94332244268697,1.1,6.014323463555907,2.513923022047753,4.3,3.686785742463557,High
5.3389143015655725,3.9,7.645593920142692,3.090989996952403,3.6,2.768038909259968,Low
5.208266298053644,2.4,8.617616866614048,2.259982155373387,5.3,3.2411484435623974,Low
8.832552811770675,0.9,6.03813677378841,1.0335365518610895,7.2,3.549931823804165,High
9.219337663814084,1.5,7.746153928175618,3.8017401936175768,1.5,3.28720090223708,High
6.2368500926493295,0.7,10.031877775477467,3.411030365101291,3.5,2.7342461643321228,Moderate
6.122626619562258,2.0,6.557420178228249,1.2813270041875533,8.1,3.1232431447773354,Moderate
6.5540627419723565,0.1,8.40151885136499,3.065424158937349,6.1,2.9769135831164926,Moderate
5.237870318982086,3.0,5.478895460616872,1.9894235511077245,8.9,2.6700988181237615,High
9.647773879009733,2.9,5.624833187930504,4.686693739029811,1.3,3.6359194865836937,High
8.209887553570951,2.7,9.674766290398496,0.8044083020121151,2.5,3.210766826554735,Moderate
7.952992795718619,1.8,5.2735688454208915,0.020275242648914477,8.8,3.3198745578027498,High
7.869314784387308,2.2,5.012846994956912,2.92305482524031,6.0,3.019879000920109,High
9.992998827670466,1.6,8.015820233401396,3.872669400020866,1.0,3.4218490240460886,High
9.13353520688789,1.6,9.458240499427259,1.0871656419246394,2.8,3.711810977571047,High
6.497976483876655,0.2,8.949966875245963,2.6367691109799374,5.9,2.8034732202899875,Moderate
9.692406909464408,3.3,7.788835167343242,2.1906027317092986,1.3,3.302689890356288,High
7.5675881908414535,1.6,9.3507845416941,0.7599247776555811,4.7,2.7198241810858077,Moderate
7.571401466536122,1.8,7.436607808238594,0.9796180451246923,6.3,2.888266123253071,Moderate
7.698188889240538,1.0,5.919377185720954,0.4043339404821667,9.1,3.06394802078141,Low
7.982758844022701,2.9,8.415790856186712,2.335186266684758,2.4,3.552341143737795,High
6.878217335192902,1.5,8.390503891815762,2.845677029240423,4.4,2.930100912316094,Moderate
8.298458752473259,1.2,5.236608401042922,5.329043476149723,4.2,3.174908685538678,High
6.267088053885438,3.7,8.544109237709964,4.333632028922931,1.3,2.7695361939654544,Moderate
7.420275379483351,0.7,6.556557930779768,2.105655481288619,7.3,3.008601164598645,Moderate
5.663160275636358,0.8,9.023948307961358,1.0833299295270375,7.5,2.948564103868481,Low
9.890603950491409,1.3,5.780250451946912,3.146453495830117,3.8,3.4214901280576457,High
9.568196274224405,3.1,8.03155681884133,1.158965932824777,2.3,3.2527078598814554,High
8.505279435354543,2.9,9.783193374544785,0.8131579343235504,2.1,3.2412924566797785,High
5.143878308766761,2.2,8.42685054965485,5.048844601586571,3.5,2.6314564040786887,Low
7.35974095575774,1.3,9.255506462806693,2.7448198637884453,3.1,3.015499551105717,Moderate
8.854428099377076,2.3,8.73486092179934,1.3602142730377462,2.5,3.224022135475549,High
7.8122594095981075,0.9,7.427345919097769,1.976500212041691,6.1,3.3154063746058693,Moderate
6.233581354959868,3.9,5.9203144394854075,4.691072607535878,3.3,2.770430529730827,High
5.151085984991225,1.6,9.744879283920021,0.12557164750757419,7.4,2.888397946295121,Low
7.898243721100544,2.0,9.469758133443259,0.3985895619528014,4.3,3.395072664619059,Moderate
8.206165990470247,3.8,9.170124180760654,0.0,2.7,3.4949666650659474,Low
7.0762206425835785,1.6,6.53078312724011,2.8074824413931068,5.7,2.8553505935859853,Moderate
10.164619861827786,0.4,9.60815381265505,2.0886908550539434,2.1,3.129362396416766,High
8.242793005400825,3.3,6.7989925672902345,2.57338014872733,3.3,2.8899535358329826,High
9.790338154170309,3.3,5.650191691490767,0.5717910079856264,5.0,3.239787863481603,High
7.075884205476151,0.4,8.18670428285707,0.7643155202167968,7.5,3.0228297478141632,Moderate
6.672349838138399,2.7,7.365496953047187,6.25131489556429,1.4,2.945364441874197,Moderate
9.510513874244257,1.4,5.2869452477730645,5.161374228318531,2.9,3.6251734200229304,High
9.592346506975193,0.9,9.435756630347344,1.0769339704625753,2.8,3.181918660580264,High
10.136421035684416,1.1,9.77037423818461,0.012055457039053585,3.0,3.5309928142237017,High
7.601631051496788,0.9,8.52550015973508,1.1991679012506402,6.1,3.451687187592088,Moderate
7.539878421012484,1.0,9.79407862127824,0.17572562340558823,5.2,3.071285914705988,Moderate
6.793483824243999,0.9,7.32906553710664,5.214842302341787,3.3,2.9777146570091566,Moderate
8.62724708245388,2.3,5.409391632932307,4.3779068430210355,3.5,3.341696421326209,High
6.191430971281732,1.7,6.814271173182081,4.892938287182576,4.0,2.8457917771198953,Moderate
5.700691997142084,2.3,5.514536680067752,4.607998362883551,6.2,2.7981473622348925,High
7.272814601440185,3.7,7.437522042283981,2.770605502606565,2.7,3.323496094049254,Moderate
7.763428890112111,2.8,5.356781185396762,5.208049453795364,2.9,2.9219666049603625,High
9.00575095688202,1.5,5.561617698682502,3.8083754704786603,4.3,3.3092328314178903,High
9.416382949700507,3.6,9.850341254763894,1.4173564054906678,0.2,3.3158137709488895,High
8.13716878657779,2.4,6.591763149495597,5.464441376374662,1.4,3.431388367897635,Moderate
7.665929034234651,1.9,9.699993867466818,2.1238489718869205,2.3,3.147203481493856,Moderate
9.301695284638535,3.1,8.98280024808456,1.7488288637174274,0.8,3.175951177638958,High
6.211119803050504,3.4,9.496237707725712,1.1219371301505674,3.9,3.0087600394538656,Moderate
8.221130782376191,2.2,5.31870386751276,4.482273869594674,3.8,3.4557429724928976,High
7.617524186587194,2.6,7.522121730533375,2.9231082713517145,3.4,2.9869311543289108,Moderate
5.626909590088886,0.8,9.743461597241788,1.045140455269728,6.6,2.713578987960734,Low
6.267963778677701,2.4,7.990419577546779,1.0809957209554863,6.3,3.028001414447206,Moderate
6.380293489803572,1.2,9.452191044280209,4.9500940801439075,1.9,3.1031437188501605,Moderate
8.524195435658006,0.3,7.328440982309021,3.649771192873465,4.7,3.2202179494448706,High
7.7701458950137425,1.3,8.935101075696565,5.05949228980798,0.9,2.98793361143553,Moderate
6.7884806731935665,3.4,5.561322847394922,5.090535994338577,3.5,2.905652390764942,High
9.427157635874647,1.5,6.520542836966056,2.9270963182418144,3.6,3.860992355741966,High
7.263570152420272,1.4,8.704275050763599,4.572106773239532,2.2,3.2464243664108836,Moderate
7.0324356674541955,2.7,7.108271047289117,5.843703156848495,0.9,2.844090073111504,Moderate
8.606048175256738,3.8,8.964299092179036,2.3397605606326204,0.2,3.2498126017956053,High
6.020021450903213,1.5,5.194973960365172,2.9898260409286825,8.0,3.233342035334253,High
7.3610783734065235,2.1,9.933603365986908,4.199543434066565,0.4,3.0597730163823997,Moderate
7.048776108088944,1.4,9.11570600348006,2.965995437321298,3.4,2.8505476802631,Moderate
8.151531764146638,3.4,9.012001439499048,0.40910770177181566,3.2,3.055534962604127,Moderate
6.451502083760732,0.2,7.216253296258617,1.9114556847854764,7.8,3.3639053928723235,Moderate
6.266791072918509,2.8,8.59995668709056,1.355350056023533,4.6,2.615426425844951,High
6.212978699107817,0.0,6.0681887327220565,0.5826699724659696,10.8,3.1106306129558727,Moderate
8.347256251112285,0.7,7.641199922336148,3.361769524888344,4.1,3.062965352960759,High
8.830300460378192,1.7,7.176875410100953,3.1596352661302194,2.9,3.596602973442374,High
